ram_gb,cpu_usage_percent,ram_usage_percent,disk_usage_percent,cpu_temperature,gpu_usage_percent,battery_health_percent,storage_capacity_gb,free_storage_gb,laptop_age_years,daily_usage_hours,running_processes,performance_risk
16,45.04644450809877,25.67329531508556,59.43475073154237,62.31387943449647,57.0922151800373,86.67029724573035,1024,322.594349457633,5.411525256380733,7.417752260569338,162,High
24,58.758486784080695,35.14887006334902,10.120027554171282,67.66319983163129,84.38520582019737,86.15044875000513,512,486.4,2.9244212711614526,10.182016868623919,57,High
12,97.1259230845683,81.705851457348,39.146466767126036,90.07431741225683,92.06884411696954,77.6021728436209,512,70.66327943511031,6.484224537379868,10.209063185406595,161,High
24,15.990825512280058,87.31518079649958,29.794088244752313,79.56878069720715,48.58233671513007,62.046279623578904,1024,650.2188700885797,3.0198077014851425,10.104770116320479,82,High
24,68.3486206706886,69.41556689508727,97.40969109647038,43.554907143983655,63.968810214542906,62.68519037560728,512,486.4,1.4737713468119296,9.389770134243957,129,High
8,16.669488031738037,71.55385357038533,75.45180876129811,97.45626226697026,0.29801307823309475,69.14313983474715,512,486.4,5.426807981424925,13.339386223971829,158,High
12,43.79220356198503,22.26699603067077,41.46880424160139,48.867048008699065,25.32233075133896,57.250608369814266,512,486.4,4.1907052028556375,13.189267206207838,108,High
12,82.3433090674102,86.28242076652069,18.356057787755844,84.73407710412107,27.871210374694577,66.88278565954619,512,289.63112206963336,3.013473093587012,7.257168589072886,234,High
12,49.012500948007094,83.06201665366638,56.51205352215616,78.16819182568787,9.34930116544308,84.21773006241563,256,243.2,2.8137215623097003,10.537690721959326,238,High
24,99.74641185126553,40.72281152826777,29.210309319343807,51.25168287679365,27.969501335697665,91.54226400297107,2048,149.98957480521173,1.4799983281222617,2.542438667900301,163,Moderate
16,60.315335645194196,76.69413759724056,58.2786591308522,50.24392456678298,32.112203305813914,66.62911452466807,2048,125.89001750732824,2.7154250785290746,2.3615901740252516,117,Moderate
12,38.904593737235814,37.18836851399985,85.18261187610032,92.21965562228152,96.87660395681932,61.679512912718195,512,486.4,0.6907369163591778,8.198746082818928,212,High
32,29.81001933142778,23.22641288412104,65.42132968912469,65.18169540997583,66.86023805608376,91.63212891675671,1024,852.5965780383608,3.765612441492512,14.503060354090321,81,High
24,41.54684808575456,36.09092340723018,67.0409577590502,79.2745908504483,42.600507941634426,94.53520136929606,2048,76.57564444262272,6.328704321789283,10.749995537855433,106,High
8,43.52799463835957,34.29031014034396,58.69272601565303,70.2442602314004,98.80544606955092,70.50107616560322,512,114.94369481196574,5.669650175399626,11.038246339713913,242,High
16,16.18423099515649,47.01983973878778,93.45390693682683,83.64121102455758,15.32323202346112,51.345207692481694,2048,569.9512343550633,0.685387781827393,3.3650996811925196,53,Moderate
32,43.261677948409584,53.475959774036646,93.8712415978543,68.75454250235984,47.605119393048454,84.74808104470759,1024,226.0297424091468,6.228192120743511,7.799566664032583,219,High
32,51.781466776530245,60.68311131981663,56.145088096619695,57.2427949153341,64.70622070490494,89.20166180915648,512,486.4,3.4401113877365965,7.011864174767404,213,High
8,75.04639770149242,58.14031004066625,37.5183538429154,61.803002259789785,5.558063448407702,50.901212658222015,1024,222.39838700278648,1.7407945252007135,12.744675201312896,243,High
16,69.10565362494472,41.653968477223145,51.36283052914995,91.54466166702056,71.69988580831188,79.75154266707565,2048,125.31715456299885,5.390677708900018,3.0673614515840204,122,High
24,73.78890897062388,22.333653485925957,26.790212097605412,68.08208157536362,9.98673529219899,79.41843791220876,256,243.2,2.5986780761508013,9.087865109962065,181,High
4,10.75273136891714,68.40812977897205,67.27098837862803,52.806959934676556,14.028230859967694,68.9353954373957,1024,863.5731866522926,2.1465697503895433,14.670272538232776,137,High
16,29.590065962248243,51.65958638778835,55.00831022040099,96.0763232846352,15.968951246208407,87.48836629254188,512,486.4,1.5485696440800596,14.386898344785969,233,High
8,69.5515859559871,43.89377259100398,19.297043003195192,87.79602738990262,92.88898266555178,71.40895190571803,512,486.4,3.663042394851448,13.785056646215805,49,High
32,53.559043136177245,89.35528342644099,27.788300300765382,43.33996876337195,68.32355451381677,83.8387975895682,1024,273.6718226461478,1.1070609970713943,6.624779694045751,63,Moderate
24,10.478212810151135,79.73946462385278,53.16687605795741,99.93657771883107,65.54275011031041,75.8558652317576,256,243.2,5.606485339239613,15.116510359825869,44,High
16,82.40451781886401,88.62124386979538,89.88300916469726,81.69560178640614,55.549349646499216,62.4232302351422,2048,383.268782830508,3.5593847483316714,13.079507629890578,80,High
4,79.55286159613037,59.59862357699688,60.97516485679877,49.61599594243522,29.280599869510283,80.32504315050659,2048,853.9231911784236,3.4053467093229814,13.767119788613549,156,High
4,59.357724669420634,30.4745001701422,71.33815001876238,54.23006087791579,62.08897045993515,86.84542474229208,2048,476.4638342472389,0.5120507171298864,14.985306914874808,33,Moderate
12,15.981699319864491,75.69771488970179,40.512569476951874,81.54672887449281,41.01497198886398,98.69528367185018,2048,275.1790708868913,5.816115092005648,15.055018984211214,82,High
12,78.98635445793262,36.48590239497402,61.42702537398108,86.78566331674732,14.541615009261488,69.00544734012067,2048,267.656242716525,3.703440883748649,4.600974448899862,171,High
8,62.53422289582276,55.29837352733735,50.26418403742607,54.34215658898837,68.95972903277331,53.22362723331756,512,486.4,3.359314378708761,2.915315676657503,222,High
16,80.37639794421632,25.200063115911078,69.32169213608447,55.418131233956245,12.958216792992271,99.3985610610676,512,88.22016750477735,5.449001754348538,11.363124153569728,190,High
16,77.65722931562564,86.0246721938386,14.551800947110934,58.42724169232365,19.066858102117322,81.19033297127682,1024,930.7556326426236,0.9088405691549457,9.448209349557136,153,High
32,82.27018647620534,30.075251283800046,54.397019461506325,75.88110189019821,81.7699311847606,97.32252290803845,1024,278.7488607415503,2.8834229646188243,5.911397584478982,79,High
32,56.62072597641623,92.24780056394478,36.63933626295703,50.308970698076614,66.0117096125154,55.191354300555965,2048,342.2685696673967,4.242270724099416,11.266742601655235,92,High
32,22.62920663741635,89.13844818092457,39.35665551501184,46.25459193308665,63.09911542136424,67.10169199352288,2048,240.9685382038204,3.49375415780472,1.929953159738826,79,Moderate
12,70.40417260417198,57.16662115513969,96.48256884022553,80.73184534513081,41.82027843427241,56.69683494363622,2048,12.977880955114177,1.6806527842068335,1.7081247474382513,122,High
16,65.84264065467735,79.54945634431925,26.44253314402445,86.74587638759022,39.62805182393711,91.77550772910297,256,243.2,2.445297299922027,6.314658763026402,103,High
16,76.80278684791784,69.55560590545227,38.01207273207372,70.05576426499033,69.02626091854012,94.01713707146581,1024,594.6473720238813,2.4513036247096145,3.907699351482413,193,High
4,25.289290544566178,84.24605138701959,55.89033181577846,61.829962616103124,74.00055386090457,75.06558499375103,512,486.4,6.947810217973975,11.778340761063662,235,High
12,27.54776799102603,54.54440806287296,87.67242533346612,65.92256281158859,51.02132023643106,59.33031088310152,2048,50.60066571647067,2.620281272243217,15.220327568622881,115,High
24,90.13685654973956,82.864678739548,47.50030748857334,63.30447003231711,96.92692443485262,56.35594845198543,1024,929.3690882859871,1.8336834065249434,10.924411205269383,126,High
12,77.49800186068637,56.99654536521184,76.94787527993539,97.59909449426051,95.56995589188719,79.40820550401034,256,243.2,5.847141495176952,10.821765506913458,249,High
24,91.74056398302906,95.2772630274235,87.07366883933221,86.08539431314841,41.24294900127586,75.31881622926502,256,243.2,3.237613157523456,1.0989336012937474,228,High
4,78.28437890475287,58.90976806601181,37.901472023966406,52.48523289100662,82.06222542831536,84.73945511838338,2048,116.06016724686414,3.38511401416583,8.684154575869453,129,High
8,63.743977539127165,57.00954175469836,45.34751651848389,63.05134912323881,54.32678415984154,65.26036313099956,512,486.4,4.067778912722293,13.256519802627391,207,High
16,68.87194633250863,82.80574892508102,42.090060131952065,72.64073748178659,51.17558875571745,70.1183997512181,1024,583.5646491180033,4.371979782206325,10.811805480070264,198,High
4,90.0215131546009,85.72621534086704,84.9570227756129,76.77915172382131,5.4964061378651845,51.06805369255787,512,364.6093031000582,4.3386114026672065,4.416735769732517,127,High
16,62.09260790607465,64.35912914569366,13.991217575824104,68.09103376172602,57.397471046831015,80.50715225377644,2048,88.35097197368911,0.7242481956717856,13.727128726408012,227,High
32,66.91521918955488,34.383825079606034,37.7578979945812,88.60759810071755,90.05779305631646,71.15717606732389,2048,608.6891447482732,5.822475813836693,15.465650863227735,184,High
8,24.08290444032405,57.42065847660636,71.14677018356169,86.0563611674939,78.0133849195092,95.9882316906724,256,36.17548424317397,1.766543323986447,5.184892712504056,59,Moderate
8,52.652909810449245,97.44580023277427,60.889914960880844,70.30947511769,78.63171446992621,82.08931488524024,256,243.2,2.4002238305950954,4.1064151324871005,189,High
4,74.4757400762289,80.23889544313481,49.266042336432484,91.26576320690383,15.992903857633923,69.9347245724847,1024,608.1664900357184,1.6272918801343905,6.077903569790138,240,High
8,34.384842848472886,84.89300831033057,58.59534044992459,85.06537182654316,35.84494471335636,63.17945904366752,2048,735.1985098146467,5.485998273983205,1.9473742581650662,51,High
24,28.202876247208142,22.62603990553921,27.782612724548645,86.71491092323859,23.320491665023578,95.26424713038193,2048,991.4212878825974,4.293776952065227,14.101490096303133,242,High
8,38.244412740197404,57.428757010732795,48.764495944720935,97.384046766005,31.591528245563595,50.813253705872164,1024,267.4927763726872,5.409424992888334,14.939492207987216,98,High
16,31.73505651935501,71.72969069260444,55.153268575871415,55.98801647255216,57.95393434937254,66.3456233626196,512,329.1659231597403,4.747089635290452,10.499545594496954,178,High
16,29.342137333275627,86.40261469024597,91.10702097591415,56.05888974201095,36.47838133702479,97.17527918940175,256,243.2,1.1770311237261122,12.465022192801689,85,High
16,48.23657585812782,23.941892286621716,33.475164652357876,93.3371353414384,56.06978174642661,82.7016503490787,2048,734.2668847402467,2.4597485430315347,11.02976016152734,113,High
16,91.70546624951807,88.19511085134985,88.10456519484393,86.33358240314077,43.850124827457705,76.63595356416495,2048,932.5010755735527,3.7972235373357885,6.660313439348036,188,High
24,55.63536820648464,63.872074939352935,67.98172607433838,95.59273248613763,28.661555844972764,60.17673589602137,512,486.4,2.4821427043038637,10.480635430813987,130,High
12,26.912834273379072,35.78511764608479,11.83067479608409,43.78780961946718,9.540343420515862,91.66873871271935,512,486.4,1.847475378639757,13.544802563126694,216,Moderate
32,16.927450244278667,45.380417315976004,75.21682032094543,77.66542463569579,89.18384573447827,60.209953129638805,512,486.4,6.153777798932898,13.148611153536507,227,High
4,72.65405306241327,42.55436414012486,13.199668979414959,48.67770028740685,1.1373366004648666,62.412676576062495,256,243.2,5.360593888899944,2.2158628962501177,124,High
16,44.451888799274904,62.46872274307806,99.76430141324317,70.23383189755495,0.16524881419711646,59.592557143592764,1024,382.1862695661519,2.743930393602148,7.939014408146756,200,High
8,83.96478519268233,24.134854392890546,88.53730189220781,49.34481591120665,82.6797739763546,57.9074730284761,2048,948.8381067987193,5.47258035708784,6.95982195935875,245,High
16,69.35596917766932,32.682892679993884,36.76093727860411,47.684710539092755,99.681094032579,97.66562479894014,256,243.2,4.5790010198939815,12.28013118669797,211,High
8,81.66173054872317,85.01544347006259,33.16701071770349,40.73010072292199,72.71028277136563,80.10157980706542,512,176.77526093269847,0.5246072686105789,8.52063909318675,175,High
32,34.47514354766039,30.608319259744885,44.3296973895048,77.81432874297425,1.5273838062884737,81.8918566005047,2048,55.010535998430306,2.971703169075627,6.245516628541294,212,Moderate
32,72.31230302149524,38.671701556650156,42.05502687829987,61.54135700140516,22.669022666851333,97.71627328393917,2048,222.33911829161903,2.3881687447631483,11.595246408898022,58,High
32,33.76557862243469,56.26964844833259,43.510403654684296,46.3112970927383,97.18227002619612,61.52875275627813,256,243.2,1.9164060410883297,8.103677805038481,153,Moderate
8,94.51616315052624,61.36967104906644,38.64488915075324,59.37026666387859,80.86042521738348,50.29587692988461,512,486.4,2.1353310614604917,4.849360416294624,218,High
16,67.2736853380037,81.08883836913269,65.90200661634982,50.136645487095095,56.679984380471105,79.94418247851456,512,232.11269477321832,6.625371502740896,14.356253839153386,80,High
32,39.20606201578079,55.786594133295026,24.783729734856156,96.50168989009957,23.686070944035897,75.39224266120793,1024,744.5022399266456,3.661060941944992,2.6957177222957753,105,Moderate
24,34.25606760630454,83.1891696828431,86.13831632014119,59.20029314568089,1.437020592674898,73.8825188699147,512,149.90901704382097,6.0101066684567765,1.2713156032822983,41,High
8,27.183392656447914,69.4677045636366,83.11622356281838,60.03721139736339,2.0861472637409006,53.094010562309954,256,243.2,1.8924114889943864,3.158665489720591,122,Moderate
8,72.5176863004355,29.047979153905796,52.88348870697434,90.39148020397514,61.19808635302266,72.72174332873922,1024,796.2193662110247,1.6336246976986641,3.454648802460163,218,High
16,29.684405169813456,32.50651507142709,86.74569687506929,78.86534567716025,2.183187635242312,64.37797825453495,1024,972.8,6.277132324040413,9.070633000713485,100,High
8,63.57729393347402,54.96269803598167,32.243056302726394,82.61029644418008,99.36301419253726,63.72823386121566,1024,158.77676898302494,3.722080457586041,10.372982509555563,173,High
8,33.81715242328216,51.75115144712316,11.580891013357025,78.16010823933763,18.33838334937381,61.11907900895464,1024,907.5468644704544,6.318488814530684,7.729167010881987,157,High
32,69.57720503144817,79.48354157098356,65.72871325268407,96.77177703691393,71.07073618692773,66.62641798772853,1024,347.69163708462014,0.909687543663287,4.062568679184636,41,Moderate
16,83.34457556864852,66.45897118378815,51.21184662682438,52.42004989348271,15.505972141241342,67.65665375717062,256,243.2,6.456830894146,2.982863481908878,91,High
32,80.02227188301879,51.05064648017994,61.04480916662836,99.34235450534774,54.00934210977145,65.43878881809988,2048,473.76061225790176,3.20039455622445,8.382279536855897,242,High
32,78.47661978377036,33.66082267603085,90.94054681165628,89.85737065339079,8.061128846621756,98.93763578597544,512,486.4,1.5099081682420106,9.48224631429718,225,High
16,26.895016512302686,38.146968186039615,97.29330162093491,75.33835533258053,76.67784245332432,96.63655427547437,2048,994.8157364168623,4.941987481328762,5.55942057555211,135,High
4,17.954645228606683,66.04008147752472,67.10078257800427,79.74229746377495,58.492109472482966,78.72550497624312,2048,603.9592150246808,5.67986744141267,4.306599210114612,89,High
32,72.9053945638647,53.8751043919834,78.76500308671946,78.92955259003685,8.616669340141502,99.0527419205155,512,486.4,0.8079357292791025,2.2088909027114085,110,Moderate
24,43.15124924149162,61.194200708853764,17.542759013844783,43.503773443549235,84.85861892000055,99.5599005159595,512,262.4779200638758,6.91677383372146,1.3936673048834904,57,High
24,48.911160376301254,33.654194824178695,24.464402640235505,53.08098991191632,54.7018614776702,67.79698550086513,2048,404.42754519699815,5.030674767555173,2.5860464625426984,93,Moderate
8,12.803418351405195,73.03250018756526,75.9884324457679,97.68825307148495,92.1592310013318,72.25937728698722,512,486.4,2.5891129457759883,12.131191184259109,124,High
24,33.361880434754426,88.20309926847736,48.82289107492017,72.06186573156276,91.66233736781126,97.95308884923327,1024,329.672969888804,1.4834096720200387,6.160279752308342,101,Moderate
8,13.030876348701762,40.63516054295205,50.13687433639652,62.70121619571472,92.05077894865823,80.43130996493433,512,486.4,3.051454195408396,1.4112837310285333,139,Moderate
4,89.12671953411228,59.321138066546126,37.7746913471893,85.7223078033445,7.778520020046797,60.64645414186363,512,486.4,1.9336767936310677,8.622479077815168,207,High
16,31.90570148966774,98.04218632167215,64.66207451299694,71.47113655934857,12.095776175452343,84.46903341682503,1024,484.09253866073453,3.7119959533876226,9.041009003329378,55,High
16,60.160345261570725,46.65933924405821,26.664854087458234,40.789766285913856,98.7705809716198,60.28730910230438,1024,753.791654197696,5.582302605187129,7.430331694185902,197,High
16,13.508138859501738,67.6037075939009,66.4224651382506,84.17425580290708,48.7600821398706,66.9678871835923,1024,472.7680740918247,4.790847528178596,2.660242180532289,139,High
24,70.01626521750923,27.21565601601955,25.641897142171572,83.93305360317169,23.821405282914764,61.37800815476758,512,27.053074094246774,3.333576881081238,12.324510964089454,212,High
4,39.07246111786844,68.48120019835545,15.744343123874224,49.90892272659846,76.9664488498658,62.24901079669211,1024,547.7614737322327,1.273135509770322,11.336223823549288,141,Moderate
24,90.81272682618993,27.170541864369433,39.732191982915495,97.39960530545281,26.4285221212482,50.232779078339114,1024,628.9333665735895,6.721519995392045,6.920937074073823,188,High
24,89.93063700406323,96.73883482590577,30.80263078088629,53.43448789246686,72.72156880186424,94.0354416099726,256,243.2,2.2574084154281633,6.71223035122102,240,High
4,39.2761556525573,77.25301216578491,90.00924747006991,67.46496204293196,83.72857778497611,64.79952476378969,256,50.38491977801151,2.3059245481876127,3.3390267241891474,155,High
4,91.08648061214211,83.0527830508565,14.945810848176393,46.88415767565488,78.42633772952806,54.31871897613972,512,486.4,4.695764441950461,12.303240206316241,100,High
4,99.6541906148901,76.32834886173094,25.895232331671057,76.19693916703531,27.40478081979354,54.34937028405443,1024,107.1732091412782,5.508312543956167,9.993608565096492,142,High
4,84.28740977115532,67.17832288611726,59.38476450247445,62.52706720343275,40.161857407923705,77.80091382304761,512,157.50594255525084,6.896992974562772,2.286901682694185,34,High
16,86.03842129797061,55.99302248684043,53.29604717627262,61.19040773258233,41.32510032332763,99.64602752669686,256,243.2,6.799567694080741,6.670951876553702,170,High
12,32.41078624981809,88.66987038088499,14.12668165372314,89.61861263325684,49.12729181044718,57.25112336350958,256,239.25203514383233,6.4394434075085245,14.55341413852754,175,High
12,61.903215897198066,96.54685340344504,10.652718521363003,40.57370277102869,16.737285154013605,54.981089047482975,1024,751.6823701820742,3.3295381879917736,7.785619024843394,111,High
4,16.05303225706311,59.92289383232651,98.9261147765035,87.87680625354534,45.24700504143424,71.91519402010454,512,486.4,1.5833527884169127,5.873912489508657,148,Moderate
12,18.542614313950274,94.52280393242096,69.29512303229544,74.28691394488473,51.07829905154797,78.16656269203978,256,226.03075631407987,4.29906282136308,10.656761131728922,79,High
12,99.90033508299615,66.6666327990814,42.88655178114011,99.16591080881194,53.17089965810524,64.71901794389703,2048,498.85376082505434,0.6121672860539924,4.0445856652608745,157,High
4,39.39753244833199,63.070734951714655,52.33890228969172,75.36659323625494,81.99004299844582,65.12610462569332,1024,10.87290963903951,1.7756174534700575,8.857050973107693,113,High
12,77.33655208439617,56.35861863642853,33.98951084088583,43.32274804887747,51.73344984794952,71.22382509244747,512,486.4,0.5164410791659699,11.042841303454683,142,Moderate
24,82.59985477241348,36.743020922409585,41.03864053238888,43.03871958662358,23.078392251367518,65.7072807575303,2048,22.551593285205172,1.673483431715002,13.823176239626166,244,High
8,87.22209439065062,20.297572865444735,68.41400205413926,92.98917918230993,66.31287382441872,95.76657917842584,1024,16.939793567260708,3.5859213020756644,11.38756454166805,193,High
8,99.78654676619409,39.3204981484849,89.45306189806337,90.47284873066319,79.73141440866252,52.09772856453145,1024,615.3889037478506,3.0566080221072034,6.766146957528465,142,High
4,31.734683673118106,60.777853728285216,26.57170207730664,60.753404534921394,31.937166643826174,61.72850799351373,256,243.2,2.900427672023155,12.517002600224664,144,High
16,13.631574417372974,50.3967961807802,85.63253548467868,77.08194905086823,64.53059290176051,90.42763981137107,512,486.4,5.901193615570106,14.475998921062628,133,High
4,47.00723661951274,55.878818240210705,20.940096656644215,69.37548142333603,14.693799594601265,91.69790623324783,256,243.2,4.887475980196907,8.166454369899094,209,High
16,21.707260284605226,98.45185756512396,29.34930012295521,98.02984330816312,34.1926304578064,55.57775394821006,2048,204.70014303620883,6.586806458662188,1.0675117822492355,62,High
8,12.018330024584962,48.02178965354621,13.345775924468139,96.99765405261348,90.92239295496341,98.68817250063583,2048,629.8510588271208,3.394717089404871,14.213770389277661,221,High
4,42.43841444273375,56.17463514880863,22.67306758836995,99.03034051244647,91.13081631625708,84.66774249495545,2048,824.4113695518566,2.2694928905936864,3.481629874131264,228,High
32,80.53644259677128,30.681244108225563,92.55728309176455,91.98692683805585,57.53245787430637,63.62965279917978,2048,368.45788419102945,1.2974494972168111,2.8948825747055995,98,Moderate
24,60.95626221025638,23.836618594959013,51.34948719565407,94.57309544650607,70.23514608651067,72.80189324072273,2048,438.0310444634051,4.868178071953449,5.615178486100472,125,High
12,38.150019028931865,82.03276116739957,16.989927560051818,53.036726726028185,85.40154152059414,64.85693097839835,512,124.33461854097366,5.9713170750657705,6.699756180861418,230,High
16,68.89078049434477,65.65465400575829,96.37541542350652,89.86040733938647,95.85531853126267,57.50111249272097,512,161.29815704280557,1.694305867701416,12.99065047279978,187,High
32,30.881636227792963,80.8563844835116,89.10930769827851,82.53142679225648,48.98864402897695,64.55890323744576,1024,572.6680790757606,6.211892839331485,6.83775077669693,125,High
12,11.294330146487653,31.989023910924132,77.9214268781327,97.7671905296842,56.15757366260343,79.00459687448092,1024,111.62958429095258,3.920795311019665,1.7323174953127498,97,Moderate
12,78.79180477927846,65.74630169461528,94.0125512752802,74.27570970655717,41.56415666478303,91.29848474177344,512,210.025663547942,1.4365241089161873,10.539425199859178,246,High
4,66.13687763776082,40.291397947310045,29.811647875218775,45.11003000263338,7.198193705642875,68.17645374447886,1024,242.33025377176523,4.678611611861407,11.068315351450124,51,High
12,78.6072362050864,38.244945352001594,85.27323637090777,75.84393347122918,42.280347244881845,67.39507702739209,256,243.2,3.8803428199918875,13.213313812481555,88,High
24,13.504421501889905,20.922081124238822,72.09920767188756,81.19485568127726,79.06273393830772,73.40003505406614,512,55.15584448239986,0.68319305753276,6.9829912099169755,37,Moderate
32,85.34076650475869,30.42725788552575,88.27833246109195,53.2192617227457,80.48854979915286,82.22777999821731,256,243.2,3.0950808307230573,2.291066143115156,223,High
12,65.7573580032673,44.741448919975625,81.72204091683668,63.646803010763705,89.23771145932997,87.58081312161546,2048,929.3876623301406,5.601121954128922,9.29593416541829,66,High
4,60.70558156413761,29.350300847275122,41.18455568591425,75.9102048431008,5.146670517596908,66.3399752399737,2048,34.21902450788188,4.110254397243697,2.8149607386625988,128,High
24,66.21526433030783,98.868675232875,79.695868331553,62.446344238990335,52.71545895806339,79.31762339125694,1024,634.6750165553907,2.3332673207064483,1.2561298453646488,85,High
8,87.79899221815276,44.690611881916055,33.62106726864013,62.49686303431984,10.742448793707627,69.46804206404413,512,486.4,6.536171461986573,12.678752077770184,218,High
32,62.824285590301635,30.425915736186255,39.57329467252494,47.985198350367845,20.07421831657433,85.8199925181693,2048,319.3362341236854,2.0455637472850894,7.05115900507576,115,Moderate
12,62.285534189936136,35.92658502623662,19.711514550067854,96.44480338465996,90.02165023806064,58.23374602585104,1024,140.20335956903264,2.1427840450620046,8.87507758093654,94,High
4,99.16112413591893,67.01625826731812,94.15689543824219,85.02966306970579,49.67912584296958,62.846243252564804,256,52.906389733170414,2.8051557508217098,10.94273804152801,132,High
8,78.10571503617112,25.12348190918308,36.190302706025335,40.07460633196612,75.85449208966136,71.30302099213749,512,486.4,6.314496098164835,7.015415000668575,199,High
8,49.80644249060217,88.99473041129255,56.85602186543066,85.93679704132991,6.438410592868083,94.47073949606838,1024,556.7120364267777,3.799565070265856,1.766973887160936,141,High
16,73.6657300029635,96.91997433897178,45.21995528195734,84.38769955947153,41.6826503924852,78.66628946753451,2048,237.0020385080776,4.934163884967888,4.791154865619409,126,High
24,45.03074245226097,39.73979365339047,96.39353085251514,40.58385760933138,67.42402806643378,98.26980594907059,256,243.2,6.845717121316824,3.915117870069182,206,High
12,30.59879162351491,56.00762148726875,40.154425384463416,62.17625785682587,13.34064812782133,55.16388426405419,256,243.2,5.591425929800369,15.660910312363983,97,High
4,63.716668919898346,21.770756082359767,80.06912392804202,76.40486141953184,32.581787910568316,73.00877068254674,1024,283.6644971369153,1.6219007712321063,12.092581810381898,166,High
16,93.53638883025563,71.25681797817772,86.9874539168062,67.16503911148214,6.454780502388324,70.95392650226921,512,486.4,5.624300538759848,7.7732499739478875,165,High
24,93.62255680139165,53.11408464420711,49.20458477328693,86.67916712323043,65.13399408695105,80.01030882029842,1024,252.5442713657648,5.364191469969123,1.9505109468627149,87,High
16,40.77147502949413,41.604677288124456,44.03546330076381,65.52749995806604,97.08912590581185,90.59823043537891,2048,678.5147872476973,2.0120104641019667,2.7377578371740583,243,Moderate
32,57.490971959952546,36.54696884932868,77.29712388393652,49.231778167230225,82.70454911428297,92.07240127915301,512,127.35959066314062,2.6147739007695034,13.19349353907122,135,High
24,29.047230871287507,72.32184621270083,92.16063822756107,98.58493745642971,97.46231168075656,83.50973043527542,2048,695.3170686998751,5.1158335591099995,15.18173640755501,83,High
24,99.6067998548995,53.29736248258516,77.94385597650144,54.5223995665628,84.56047950983965,82.07681821227769,256,243.2,2.049555111441081,1.4702527671299266,114,High
12,98.30061170811422,34.37274312239296,30.441372903267904,83.06153863247994,85.51958061969786,97.45147710224037,256,243.2,1.8532146485170253,14.655956840324139,77,High
24,68.45580367367026,75.12872651894592,89.94769726939349,48.58937869984432,57.71771953713426,69.18437008192123,2048,180.7392281833637,5.0725730188471525,6.708455700789879,211,High
16,82.3972653709726,65.20578264293549,44.88235006931498,59.74075682703596,51.82523114132099,91.63916570942442,2048,728.7072780922728,6.223870703328463,4.204489909805108,134,High
24,74.359014515533,88.69376439435969,61.86064706001409,66.52165650582543,40.625426642782756,96.07518635461471,256,70.27077864912118,0.9876084370437801,2.5334853611978554,185,Moderate
12,63.384239713552134,29.398071910119434,84.829205736344,51.533920271623835,81.809489504588,74.57696221325985,1024,173.7636089346916,3.398400279177733,12.576234129297923,130,High
12,14.801319729000792,82.85332815555648,26.9555290660443,66.99757458211657,18.20676122780246,86.45512893016502,1024,192.2951150721281,4.446638932138551,8.033657277727205,223,High
32,50.9287908297395,73.88134294538072,80.60591221097978,49.429769379505004,5.62249158241932,68.8509928335453,1024,50.93014999545857,4.8957991079084415,13.486356729028852,139,High
16,70.73076719506695,29.200874946247826,63.654651811960974,73.54039233915341,94.7893822684675,57.943950709770206,2048,747.5623909986432,6.975273430436388,4.392357301374432,110,High
8,70.97784524953161,75.58565838973766,90.40074776448473,79.82279515121164,0.3778185203477058,79.32519407362126,2048,981.1429796925335,4.937497742058685,11.178520552486368,157,High
8,43.58103565801452,55.32378311038643,25.477336165918864,43.74605704168064,97.68293218758518,59.82358254247659,256,243.2,4.531001734481501,2.771825572991921,188,High
24,94.75227879922275,95.59878284446745,47.86140133368356,92.26792726493008,72.88533698737658,72.87995654019345,512,486.4,6.933271990008512,2.346260262021546,170,High
32,25.062132901310292,31.328908049431945,84.95587835801537,51.108453102522134,32.84989196978276,93.64396566641666,1024,15.947583734894383,0.8943429124581947,3.0009977554262726,88,Moderate
4,55.03235015940046,71.42667126525905,11.730853311108415,53.52174551921943,69.78198430863102,54.30090937818402,1024,126.69126413684731,0.9838398249951386,13.133519508404607,111,High
24,72.17955788957406,50.558403637035674,20.098123008907855,79.68099040498379,81.78751571851274,51.521426783232485,1024,563.4301359019138,4.144436421756548,10.834296031489599,245,High
32,72.74222253026284,96.54517364727022,99.15086914810612,68.12506362606484,24.53620559864359,80.32389236909438,256,243.2,2.8313199932723405,3.4894583790048737,188,High
16,68.3775061091934,46.39799162322212,35.23547607313155,69.96373595026394,77.08956832795819,66.55306632974475,512,486.4,1.1285338393558635,6.771583160277781,62,Moderate
16,34.77593921066742,96.97487275934401,97.7988874351558,47.689299073787964,80.43696250082402,70.89688534629576,512,380.3953268006969,2.4919178246031386,12.45529014634685,147,High
16,24.058591181795975,92.11886808805993,26.427839590780653,88.34414931258449,24.93546301253454,70.28552943291658,512,154.68781242664463,4.883304168149686,5.285115841208309,82,High
16,67.23462941440397,41.6306588248525,42.498499870660204,77.02325476625259,4.192635437798353,54.33101145047818,1024,161.30733743882425,6.2239972639630965,14.818955684696437,124,High
16,63.937190452549395,84.28334214611422,77.75825000532136,48.122922598567364,20.412228455809768,50.17832163397973,2048,369.12567029361594,1.1131090982676022,14.719041870253857,151,High
32,26.142040926031687,99.64833614428048,69.20005665143606,62.43996202153576,20.064640888939444,94.92116214321322,1024,716.6720953705673,4.010942906146678,9.293512385420852,120,High
32,73.4625231013507,40.21304017370259,62.301015993615,88.62459596410181,6.524045417548319,60.88992804518732,512,41.501098114661545,2.424751171176742,10.479614037281722,150,High
12,50.96547925602908,54.94217354586557,57.69092582245068,74.10130275919724,72.60073846551958,71.30394959321441,256,243.2,4.8376200614097415,10.798275300817448,65,High
8,70.09845324428376,61.61445892534077,85.90963992982662,46.518926747975826,37.99749244584082,98.59628983355393,512,486.4,4.071434713973795,4.877026866326135,242,High
16,85.36303717931357,43.594490864309144,31.145370655005344,62.366622747357205,88.43861674538583,91.33812909918262,1024,889.9282959255229,6.523621539144166,6.479820830859805,226,High
4,25.275558571923085,21.22118717168238,49.82238342941666,54.56166390734408,25.217110566518596,55.39654276313511,2048,913.8966403029241,0.7449452651742727,3.03911665734827,232,Normal
32,11.723038119715302,37.61033953580213,23.990706294081157,71.04793321922358,45.32321650999273,75.42595158062929,512,25.185886624081103,3.555242287110919,14.873070124808034,152,High
4,80.11923277562082,42.554950747340676,63.63474361576339,90.60166773231937,63.90174289267628,86.5039513247508,2048,978.0143927903969,1.7529371097796085,11.85774158043328,63,High
4,64.87276826373544,55.487976105454976,32.54899818441882,66.17602808826518,87.7464949671778,84.91963924996062,512,372.69354374144535,3.989081106317597,1.6953439949897133,150,High
4,72.96756126599095,33.688198273072146,40.04578579090472,66.00052182209939,52.46211016193748,88.04209262022351,2048,870.588307181523,6.04826573643448,9.24081175146875,90,High
12,85.43394774897783,89.86034853533381,52.41256449611753,94.32105413962222,37.35246278123828,72.87273274440176,2048,194.940781992618,6.423557430609381,6.146106021069389,217,High
32,82.25298413420505,76.3928906185069,12.409352713281507,74.57112475043635,86.70150784720089,58.7961464665141,512,452.0604852356145,3.088505810911812,13.229318155921137,32,High
4,96.48281322359422,26.81603820477296,18.274414232875387,73.97146524384442,31.024642468761055,73.24362219596864,256,53.72274473773688,5.776573401227867,6.157001317502692,35,High
16,58.23415709669064,72.00739609119452,71.73362986373976,55.714593512523365,7.942369963257645,82.3943624586646,1024,49.67523687439898,2.3233024857157853,10.662251869013424,177,High
24,53.96460693939148,72.29251811244964,48.607298264575654,76.46336487022758,44.504210751024,80.4296043302584,1024,943.8433397619418,0.5409821510746743,3.4861050018485886,33,Moderate
4,46.16984799016571,96.49769389149021,87.83111997999059,74.55462804504378,78.5093306497992,53.526102689430374,512,486.4,6.059053873899298,9.381332344735881,130,High
12,23.83219385597841,20.2416697084929,72.52048032797795,63.811088220511834,3.0780831753523086,53.24762170410959,2048,534.5277839696554,1.276179575642995,5.408285988303239,82,Moderate
32,61.53465095938202,39.83459598446458,10.72908474825902,99.44173395395083,58.58822449895921,98.2628915577606,1024,530.2035918288924,0.6144723018591649,3.4733263354376915,132,Moderate
12,34.93112718933809,94.22331835002524,65.50410976904215,92.9134578968852,59.44640485272361,57.59027275198855,2048,751.2670722914245,2.799684811891666,10.28888720404684,100,High
4,92.91767609916779,94.57071323186264,18.435237945374478,84.97517740460893,92.85417634273816,64.7231232005861,256,243.2,2.9659699325622233,10.579618000230635,219,High
32,62.48717238493878,77.64691354965099,80.28398618114448,72.24073530478003,28.64648171450218,88.38172410780828,512,486.4,1.0019311100197712,15.750306717006799,238,High
24,63.35561624572991,81.2610656838032,99.23569194506518,67.7235881136778,27.88366132106962,70.48385379115875,256,243.2,5.792187202149062,11.036590894916735,195,High
4,41.9432194789309,27.31863663437177,57.807891481736036,51.09384371339196,44.04836513396781,59.073242663001636,2048,641.5382288823503,3.1363527463541674,8.735649077906924,193,High
12,14.679041677993673,61.11006678225869,71.45015501747173,58.34424844087742,35.69149014715152,73.36161911548908,2048,965.1811556021163,3.6845034895023634,14.689312646271246,63,High
8,12.856938883568976,38.52663930311995,31.35827448052764,86.43764798939262,73.63458626893268,78.44749853816829,512,476.60240194505894,2.220064241693406,13.424212280326838,35,Moderate
16,48.100162973787775,34.49744348908938,49.383796937841424,67.22493723625308,64.17520771315496,72.63833046390378,2048,424.22061314898565,3.8247938902528857,9.23119417660268,157,High
12,17.610884028751407,84.8242639298666,87.04857990127454,92.93617099417008,75.89210379062663,95.94730377360546,512,486.4,5.483754039012669,8.670236166112108,223,High
32,64.61622599861252,30.803050934443796,25.06806529716261,48.874668180731724,82.00417911986891,64.23496475497521,512,486.4,6.39018765075336,15.129537785738153,175,High
4,89.28757050756917,57.49213095971082,33.89820450523859,70.50082576081819,92.29811327341477,83.06660803498355,256,243.2,6.808442404778471,10.256905659383962,56,High
16,89.462333486685,95.08625916688264,50.089030775742714,78.81794104127852,43.09367317846476,55.614736070494885,1024,555.3543693152261,3.273705509908866,11.706687537542603,68,High
4,69.31408691190092,34.866564445227404,74.10240026596125,71.01090737847557,98.46973894715495,69.61427288320132,1024,350.81892561633674,6.935220081994984,2.3001856322080467,80,High
32,29.01086483256379,98.23947389905877,43.82955593161064,93.35361349509922,21.566081340365272,87.04966257924869,2048,247.9861625459266,2.4172121261974286,11.774584318738889,48,High
4,87.66971482229849,99.54303886088472,93.49590518047034,99.37379690974839,71.43651619473286,61.24084702947327,1024,43.75539338214518,0.5453435793528909,4.970227633100248,125,High
8,89.74840917818874,64.44937237459223,18.501134614184725,46.95007950048218,53.40093173071892,79.48855228272063,2048,729.4613379687767,5.489510785334626,2.7330688480943763,117,High
16,27.698822645766285,33.611419214172635,43.37237777903628,47.79729424461526,81.69005946848834,57.67185146045301,1024,241.14141199809225,1.6598317155177913,13.744991632079646,191,High
16,76.36834771936095,45.28839103527165,73.80587110855797,47.819446813607264,47.6770520606426,55.13508456806856,256,243.2,0.8409564478051086,11.36786629979119,118,High
32,35.78675940344107,53.95942661412281,30.338808909534322,80.87062576423165,78.39386353624313,76.16163744625213,1024,917.4264417107515,6.506057996885041,7.113464683571956,53,High
8,82.23762811176367,44.74593794865783,69.07718208067057,62.36056572975028,93.0168714647678,83.75054980430144,2048,950.7114713205815,5.646770398230415,7.471250893120997,182,High
12,99.75141099132424,42.450846390121264,24.779526240461134,83.99887967595436,73.22942661400873,55.668353311724175,2048,14.366032640507212,1.1673212099986658,3.9567658331472457,105,High
4,12.702340479645354,97.7783767373086,15.038225637551774,64.32828837321873,77.60942862183244,95.88881261864574,1024,323.9042810625928,5.549915990498166,1.1432649319941288,123,High
24,90.76292792118387,32.26918619325965,20.8914145073784,77.65640327992381,6.717543126585612,61.288613134873344,512,486.4,5.985998033275476,6.240387093540651,227,High
4,66.03674802387923,78.66623269734899,93.69863048207212,86.19148034073362,20.495766223228063,55.998765407965,256,243.2,6.3844608236867115,3.226215395238783,59,High
4,97.6044357248339,20.03282315513399,59.65757946455962,72.89295463929523,97.43037405035938,60.13494541751053,512,486.4,4.03401143853134,7.325901935309729,236,High
12,51.85085657737849,67.69461355219015,81.67111979316842,72.37021542700036,69.31870037873944,58.4786228265921,1024,854.7900500095586,5.0721784584326235,13.507376318949376,83,High
4,86.26491375142363,93.2754403163242,39.93890508145461,45.294059517138066,56.14490173110046,54.53373253064745,512,448.19995774190954,5.454555313246571,2.7213154510407955,144,High
8,15.61546617384495,43.03472752745752,63.3392783096902,64.6469045745661,36.697637339645006,89.89196173893538,1024,365.3931086445377,4.976153078514694,2.376304032042197,107,Moderate
8,40.175114507046615,34.842078020617535,54.54569203344924,72.74662919349626,4.438900120691791,74.77688873720555,2048,460.8789333900202,4.7044185319863585,14.53153329948343,149,High
16,16.031488397608896,72.13438359027415,95.11641634620646,67.7188495399846,36.9135907964135,69.42597201893415,512,486.4,4.059135143056244,12.177093436574848,54,High
32,97.78088201311635,77.00811258387145,77.28171724486992,94.04692001130553,49.89128732895759,97.53139634920666,256,243.2,3.614770452271201,1.7960479842638513,154,High
24,83.5276516544653,75.0424415161585,75.74883683469211,94.39183792716936,21.145950938688674,68.55041935323953,512,486.4,6.974812627171398,2.193557278863757,34,High
4,86.72926791213735,45.545350401709925,14.171794249085158,89.3150428353257,17.313679127383253,58.348636302359466,2048,904.9528657481721,2.694145072744017,11.273863422233912,31,High
4,94.41687082905048,40.17619217274647,59.470270210332195,62.5178845223872,50.84165513575169,63.702144596329816,2048,289.48809013713924,1.073747007889566,6.555163032215292,140,High
12,17.659313750780683,96.47350399696353,52.029230851163334,83.03794910125205,58.59042356275439,61.948326679429826,2048,965.3397477324971,5.47274027252358,11.862599433166633,109,High
32,44.7037833262,93.86396066159436,93.50580399455751,63.71730766417659,23.991791885452486,74.93706397816524,512,486.4,1.889858456151712,7.066811039507165,132,High
8,16.393140013960192,56.585328791425624,33.1607789370579,53.95561593854554,58.73894744562131,64.57525619772869,2048,879.3870835075436,3.962506837521587,15.516800309817516,220,High
24,28.971379139502574,87.69550929234987,34.28501079619849,60.5741586130529,90.0339963874295,75.8030586093181,2048,112.87727091938443,1.1227098579037094,11.416249183909766,153,High
16,30.642919933390512,56.18587821074368,47.02116239933503,44.25787799713213,47.31732580213538,83.46467124733945,512,258.98414568567637,4.525345095309139,1.699236472685123,211,Moderate
8,52.21964899428208,53.95112144580083,31.903274206573844,59.90665054027883,85.73901695871814,88.8649392856629,512,327.8088886382663,6.6360481253709445,5.9575266231604935,195,High
32,34.17059507082783,32.54103580794357,21.626552602787456,67.64453303567029,92.72714445333185,85.50788906336155,1024,309.79392966276816,5.197580631945225,9.45409279204044,153,High
16,19.0880296135985,54.11248451935783,87.16733619857207,97.3288536868498,9.23940289370857,60.27953582281805,512,180.14254503254654,1.8944760584729876,3.1281045730053605,46,Moderate
12,25.074198018469694,62.99335508798456,60.24488719635242,58.804635173177495,9.581157965679699,55.79498596213769,2048,869.518938049584,6.812397294377595,1.0378045011294352,60,High
12,23.254800719688184,21.800346194294917,87.52264470609101,94.14721235233124,47.604418288760144,77.12250795506255,256,243.2,2.4960650516595635,2.1896219848257443,158,Moderate
4,97.57691181210684,55.529040414032515,84.80212888633262,53.731496549409826,58.810244431770265,59.94558956040726,2048,963.4989103421202,3.337997412193804,8.86395216544252,163,High
32,78.33632562266263,82.50849747161602,35.3838119310704,51.45813386555496,42.588346446502925,54.246686088575665,2048,587.6376431222457,3.737760632423205,10.483826363283564,99,High
24,97.09853187426057,74.40368450994158,59.296369989184655,71.13972738592989,32.645077041750305,76.35471714897085,2048,147.01068928841445,6.939671831927573,2.3935506354131872,65,High
16,49.57664378571177,70.8125591091148,17.48959324660634,80.35068215784436,64.09941161261558,66.33970925538978,512,486.4,0.9477941046746908,10.977347858584197,165,High
8,35.05316334963909,92.7644342749762,92.37266956276825,42.65993504813689,0.2081512349920267,87.8074505969252,256,243.2,5.028733913831204,10.256862358820138,122,High
32,81.8463877488268,21.4425607860184,46.38364435586378,53.263951902833,96.80732808637424,65.70958152742091,2048,569.5199702282821,2.852550692002783,15.098454730168939,102,High
32,39.36285262370321,64.56380689537873,45.430856550011924,67.34101999007899,23.207908818802213,98.93585685279069,512,11.85065167826698,1.0091145741658556,13.610132373434052,243,High
12,36.94450363348135,82.98790787277656,37.24798335561579,59.86026015899088,91.7098768583007,87.92615956303541,1024,933.7491045545149,6.577705774613567,15.148627956084477,167,High
4,30.925539298704805,63.30683061610138,51.45973702396334,82.75726476089932,10.9014744534506,52.88466107444311,256,242.54546206690745,4.3340790744299245,15.491614347351492,53,High
4,21.67110804018118,45.91164420643033,32.65834478909032,70.669635762479,23.808718204457257,75.44363701781381,256,243.2,5.397867049327043,7.61212803969433,220,High
16,33.08167549150894,30.90004520735823,43.73670455171241,49.62154633623401,23.48737010875004,78.13102506070553,512,486.4,2.062505331213318,8.31866021917016,197,Moderate
12,41.97877736264989,91.0050457452953,81.99523437263937,93.66792275890543,99.61529042006461,84.76513553407989,1024,332.1794192724773,5.450015997091254,5.2243295243365155,31,High
32,70.65947873311573,57.66099139100824,85.08299532266547,57.574340529001574,0.46005457258844196,74.88983985168791,2048,289.8131284396248,5.885090360150908,8.626486038922554,49,High
24,15.630835799750642,90.24921575885611,37.37642298656645,83.86786653786541,63.96382093034958,74.17217992072867,1024,929.4722638820336,3.3003910818940962,3.2607204729881785,238,High
12,28.945624569880867,66.86816979465347,52.21129874975091,86.7949467463246,86.96865810608529,68.39693058388065,256,243.2,4.217717072861775,11.07146441137297,62,High
16,82.81212762625087,73.93536932920006,88.6437798652047,97.78946201536613,67.22736540247367,63.57306919495869,512,486.4,6.817171477042105,1.373988019975443,43,High
16,23.22297312253937,84.34089235027601,14.740599864672742,69.91044799144609,36.273381821694414,97.31001059883673,1024,265.9102435797878,6.003742671100433,4.534416344283247,211,High
12,40.83806318702694,72.73244356801075,90.02304657962068,76.95013092786593,95.83093627029349,65.87983348171859,2048,111.3186118502778,3.391525396943068,4.121075472869727,84,High
16,87.8193029672326,51.844387254315016,29.72659110870985,60.092577608772025,89.3520754589041,53.17106622901653,1024,165.01061903049475,4.819730081912998,15.06833607133081,66,High
12,23.94327800290984,61.09067071429208,71.06853197929382,80.69075760472398,43.39549202495178,58.36423696467061,1024,527.0292084831984,5.597504599216335,3.173526275617737,245,High
8,17.44631520563709,84.24364197407039,62.42965267461402,67.80300915197918,57.33284926111635,92.86383180206448,512,314.75166097321903,0.6581373337586152,14.361631761746413,134,High
12,53.608419557200975,49.89202370983874,59.76466733703269,66.25914188346533,96.75191878052406,79.3316729561692,512,51.64746083735713,4.324378913064257,2.8653733205224565,113,High
12,37.217756015068275,51.04971654147977,87.34242022775392,91.32805174696634,98.25603619264702,88.93902746885328,256,243.2,6.8994359871826045,10.760469794206935,142,High
16,60.70675280354687,27.655209284640094,19.141492928019517,43.01013060992132,44.982327571795224,90.43907730698471,512,486.4,6.656674223871153,5.798289522600072,163,High
16,82.34244014351276,93.16675481773981,41.23252227930725,92.91774566991211,84.73500281430886,91.16182196055365,1024,892.7781648003877,5.910862565955888,5.740035528204874,190,High
4,22.343363933746886,27.282905195635337,58.442747171028905,91.12419026971341,30.198022695393632,77.53068538723043,2048,589.4312052262585,1.1903916053494545,15.974066501821977,157,High
4,62.26291760988565,71.85673419588447,83.01599685514358,70.38197521370735,37.18128729306647,58.85602978495524,256,243.2,6.961269441354986,4.390642866893861,79,High
8,55.49578843508775,53.055558304223815,29.479877507050436,69.4121712523377,16.482188299022628,57.41163761180709,512,370.42976615628305,4.46199799539667,4.038401019016639,249,High
4,22.96709074118796,52.44955122043539,82.26368572368486,61.70844208212941,20.91845927767303,78.69922101875562,1024,501.2757974247701,1.9489036212916884,9.840021236469454,232,High
12,66.15986369760842,74.36414692581471,45.967463424454216,99.65042750090406,65.6873302259359,68.32571768428382,1024,732.330587944929,4.882746482493058,12.111285955428595,113,High
16,34.62763760746945,25.3674986103903,27.002247079032585,46.670159965230475,51.07816180070809,77.90241206228836,256,243.2,6.067403153517929,15.737567852851715,227,High
4,53.90508866896113,67.49646263611477,78.30877963991344,75.41291413771643,23.11318606256029,74.92389221189325,256,243.2,1.2301304455096331,11.521206613561912,229,High
4,17.40450918493557,81.76254287778838,18.1809011327093,80.90089540674502,40.29096163616526,80.10990398487742,512,486.4,6.45684793138126,9.428065993756142,240,High
8,51.36256514922607,86.25702063092754,56.329063666789864,96.05980049301667,37.31834598636817,51.60558953682827,512,486.4,6.481327829223468,7.1369757663713145,108,High
32,37.58171212385383,33.642431151502024,15.748820547569958,86.8122098114057,98.73602045353343,51.641834031506164,2048,635.6776288938013,0.587518640503566,9.926692134589995,115,Moderate
8,84.01430900668188,91.79352400625389,42.07760696420088,78.63083216869282,85.35658372113794,86.07975854242544,256,243.2,6.352074290812062,10.012524951290375,208,High
12,15.128085429763145,72.49168734779538,64.09691191057533,47.00873900872736,38.79663333838243,59.65636219113599,256,243.2,6.654316468561015,4.265672407964857,223,High
16,47.67465474264969,90.54838406565463,60.05039873384918,62.42401100988805,91.39165788960331,82.60992310960282,1024,124.07066735281309,0.7449966803722438,11.068128423007051,218,High
8,51.25882817182942,58.82245736881586,46.418987611419986,48.330498552879114,34.26353916281711,77.32879553957272,2048,527.6554487322402,2.41208110280233,4.066356859966062,185,Moderate
4,75.25054686692069,63.36266760777616,48.61431945749041,92.87276394793082,66.79015127348595,99.08972357023117,512,486.4,2.925198794304822,8.349322350930386,129,High
16,61.68588175811899,93.52306216229368,30.40925980156899,84.97726933381858,96.66499966821125,91.77029394415311,2048,368.0437882543379,2.767788068431536,4.898042689448685,201,High
16,70.0491103474763,91.99276346837374,51.02943295816926,85.45220720783375,39.02788639885523,70.65672606656747,2048,301.97688495787014,5.4335210422562294,5.692015355946266,239,High
4,79.93443570865806,55.85286986952016,95.79293701487508,79.13539106641264,67.98849651049338,80.82064100465826,1024,605.19588594871,2.827678984955136,10.208155299940447,169,High
8,87.59826762923699,41.95301053085454,86.54076260054113,70.42261221620258,29.59238110626332,55.8644728612736,256,228.9082303196504,6.717762264315825,1.9672767210670041,240,High
4,38.24879470502235,51.45363476514113,23.07095821687094,48.99826356780983,26.631231559797463,69.31930214811905,256,243.2,6.9674520644807965,1.1805222298634117,86,High
32,58.42204348275126,51.02114628237998,12.680270858882885,59.7816932023031,57.41566664315519,86.69438705449372,256,164.09549074906417,2.559322659590603,2.9593001432146546,183,Moderate
16,85.60972705952798,42.94934999862352,94.01718814449676,48.21494754861344,97.92645980332182,81.13357920643269,512,486.4,3.8072048958422946,3.530604671117463,54,High
24,99.05060178685508,41.48636834663733,57.407477489267286,83.49478857114059,45.313384872017,74.22356621886789,256,243.2,4.125087961950049,3.9680945206845086,249,High
24,90.05673799393868,88.88503491837756,58.405404083437695,49.613726561320306,93.76369703165807,58.826455202633454,2048,424.2164742221402,4.266118394785901,12.608966053217197,44,High
12,43.43205363619391,25.588953654772936,80.26461961358702,82.12681301030113,91.43635202447616,90.15729630787723,2048,388.9189611843016,2.9323584622694474,7.702869505568179,231,High
4,27.564986549678537,74.20889456796753,38.32200764841939,81.53532337575427,25.376261234499474,63.65833022057885,256,243.2,1.5789577627323927,8.049042007664081,132,Moderate
4,54.04532836659298,33.82560411651618,53.37168119524019,67.55826873947734,40.18194070843274,91.02395408309548,2048,337.6130847552584,0.8546435212523299,10.665012442833152,127,Moderate
12,76.74773066524381,47.56047147152506,97.17966218320639,48.11371924708314,64.33024784941831,80.58045313974968,512,486.4,1.191266326723909,11.936631526192715,106,High
12,54.331216367796785,24.92344273078695,70.49338182391665,58.888049568042206,51.80458844113917,68.63657139743937,256,243.2,6.358393044359968,1.0526252433015406,237,High
12,53.48627769823017,41.59789094843696,23.837052879620735,59.20558654453309,9.595852986317432,52.03026109799958,512,486.4,2.322437543033296,13.850880037077543,210,High
16,85.44073789736206,81.47368568937937,21.9904073185918,82.02310798859762,99.36980301271583,61.62094221721884,256,243.2,0.9993493908717894,15.826522709111625,133,High
32,42.52634011604677,90.8012259637807,28.383828249970485,46.824581164823456,75.265400121128,94.4535462744082,512,276.61280847453554,4.552943047038294,2.827111483576326,94,High
4,87.3815207330481,37.722172152189366,79.00405069786457,89.74411877296545,43.769403822471176,90.89871719478587,512,106.4608114705325,0.9894964831983544,10.766208754853555,142,High
16,46.61243208565512,57.08382714071375,36.583930345655446,85.66043741115485,61.81685496662913,78.74266564670489,512,10.178238594123165,0.9553441078486578,1.0362063160146469,152,High
12,39.54097951105055,57.62592383497651,11.924996200757182,51.17841509045643,8.757281726623011,73.31612319810634,2048,600.751663857674,4.54020828816294,1.7354422926187354,140,Moderate
4,50.85909200797291,89.88602446077874,94.97569271550957,83.14986290673338,49.530165368961,82.35713396650546,512,219.25010898911236,4.344069087290449,5.27501530129083,152,High
16,78.62022628073817,81.02392423006444,25.27420747554196,80.11079088806932,93.08324158174878,73.31240639216507,1024,22.456645400523733,0.7696023651747408,13.696061266294512,83,High
32,21.340182507759486,61.04617746944399,10.860236753326172,84.88724800665557,89.66009580549783,82.215242035957,512,365.49441788610244,3.493105923840167,10.787513521566062,244,High
16,27.677729428481566,73.65977603774186,31.34184421449907,51.33571332692167,33.73808454831456,65.3702049830079,512,486.4,3.332494001389225,7.687313979584903,235,High
32,95.63003430967828,87.78840431274935,31.152590840632033,49.45541932938812,53.136786382133884,91.92486089557376,512,486.4,4.053479343066607,7.578977104035892,196,High
12,25.794246464322164,20.763116322043594,47.980472576115076,54.18903915536525,69.73835240876468,85.09589467326333,512,486.4,5.295990617839118,7.9908036152969,208,High
32,61.09545861379491,52.23120248400389,92.83508483500331,61.95230218893854,34.000926690790536,66.49878142138459,256,153.29170727812277,2.338200309154262,5.665496617015057,49,Moderate
4,62.13830199957441,92.57945338216629,89.12664260011881,87.61989886214806,6.487921809393848,91.53330574117206,2048,82.55527307324202,3.313071843294767,14.165717764382714,221,High
12,54.066201584522034,79.22504246751612,51.120509948418515,84.275436248731,50.54416567178047,74.36712654265895,2048,21.414465874625233,5.652827448346272,9.51803696799696,118,High
4,68.02707237191368,63.42730994672597,46.98099144926259,95.52709553671198,60.16357358233364,58.73194323687308,2048,956.1056671192922,6.496616537993696,8.259249452887794,40,High
24,30.684405321785658,62.371562162810676,59.950817782736614,43.517773545916924,0.5841600121510249,53.88562310017633,256,243.2,6.293599324824207,7.976149047356558,156,High
8,59.73960409990734,47.821607808355026,31.910861077458918,40.69337686085114,9.557537353853062,84.98028738186102,512,464.90989291744944,3.604601188611271,15.037397003469138,247,High
32,43.49559297222074,61.64164269132116,14.696649276972655,81.94832978204795,20.72906435941523,93.25604021040053,512,400.5783873657568,3.8856276805136623,11.854928923295226,81,High
8,69.55005336662701,72.43065595707625,94.5301722554086,56.75724974764994,34.80522869909342,90.37209942972717,2048,733.1523660389307,3.939185373989036,3.172218320748785,242,High
8,22.71011890358345,53.46904307430344,26.802908638945546,60.04473373202905,54.10512228305804,82.78255151110758,1024,316.86523313321567,6.146651203098651,7.554552549148976,83,High
32,61.37896751555286,77.13225171137393,27.856065632114476,72.80812155487072,29.38429187596653,57.0687527802384,512,486.4,5.959606795097005,5.32558315621785,98,High
12,26.674331984499133,88.89857818083087,52.521429596855285,46.14478738760791,27.618381440650374,54.70220379883268,512,486.4,2.524961435544743,15.803029865952439,36,High
24,35.07787568035327,32.37478785478889,54.24520103562976,78.56166499288298,86.93493438130818,67.25148115058627,512,449.6229158307939,1.5585229812432293,7.230935594697712,169,Moderate
4,29.68388202912249,56.123761825393956,11.659078873066775,59.50884677386901,14.505064080142628,92.74554451993845,256,243.2,2.963334649698661,2.0180515454467356,159,Moderate
16,26.45540018819354,52.64160730280649,23.315926489657365,77.9629074580595,49.546013317236024,98.0868135153332,512,486.4,2.374641491121108,7.1681800219420655,132,Moderate
4,84.31398564046003,74.99718432397825,44.03393367046676,90.04041478440314,95.2824716936136,62.06804274235356,2048,805.1542965546719,6.680074711296911,5.820254209089029,178,High
16,35.71368108948013,39.989397220634345,71.53576241594851,50.266680000245785,62.501324911604584,88.104783529086,512,274.17125749323924,2.2284519163512355,9.993739706173717,98,Moderate
4,93.44114036780044,71.2200731961821,30.557661114874225,95.85238557487122,71.72054798944384,78.69346084536028,2048,178.733635981369,1.6778434312250812,4.391172628435448,120,High
32,97.29338728106718,90.19913933851905,48.071300161758636,71.84128846374662,43.12369913906071,51.590368353897134,1024,756.5522266822134,6.346613906634901,1.539604745490725,124,High
24,61.41344229433876,53.45052798348981,60.16105582448201,95.3756659104381,1.9932167119719568,77.145817496647,256,243.2,1.0621109283144616,2.4382056273833705,147,Moderate
16,22.870101039915376,92.88125599833761,89.97332451609628,52.46380493210669,64.61303683672054,90.29702014946776,1024,914.5887488869204,2.191729334271991,5.24721384301548,233,High
12,43.709341904162315,99.45309911467828,39.3463452094411,76.27375987625425,63.1924281428124,63.80613916720132,512,486.4,3.3542227610038244,6.224839472996614,150,High
4,81.79590370133926,28.487363995836166,22.020243927713516,64.23322703941628,11.04276364633331,94.86808119852304,1024,568.6996805946252,4.368197958037934,13.516758100670993,65,High
4,43.06516558273634,38.64425503878869,54.03450033078474,86.45333146936079,46.21597136246315,61.81302034373184,512,79.7524842776184,2.629873826426491,5.051045260215772,50,Moderate
16,17.831549647250988,96.03038011856745,77.20494415156558,76.35453659279779,91.53289446656504,53.82365663220271,2048,733.10778608642,3.7255209799865323,1.4723958021406922,82,High
12,60.110641983536915,96.66621491851095,19.887378134746008,69.67092741749912,20.508483197197513,57.9969654719782,512,486.4,1.792402711798942,12.711002248042814,176,High
12,86.06087663464314,27.81658203094068,48.221514252726436,94.77912438586051,46.10987546341103,91.85014343604593,256,243.2,4.232781781465655,14.03376355133444,32,High
32,81.63337484291522,21.199880030170934,11.600662713623509,62.627023850300816,46.11031852005204,70.8652959519764,1024,275.2304283349836,3.1508092538177865,8.384593561007918,217,High
32,25.76108261173179,32.88800186051378,13.020326348252603,53.19881229389089,81.07614681476385,89.84727818108288,512,486.4,6.020187967244928,5.2739084613470615,110,High
32,70.548815297122,99.68102267057986,53.4658026894999,76.4860712111255,82.45758703294446,76.56165304947976,2048,328.43857576249184,3.2022718670262407,12.582098201776239,123,High
32,29.84538370920824,34.39996932885495,36.837756833583654,77.44170623036882,75.92694196633919,74.02795623972158,1024,160.70864718639493,3.3848002162333266,1.1334761002298572,129,Moderate
32,29.6386781096955,60.20380853776185,86.05965691048709,66.34567729431252,36.54541591882737,90.34565757462326,256,243.2,4.349137430725682,14.860423436618419,230,High
32,88.66645959746667,87.87341811444088,64.19388755138088,69.19660262136294,7.203692501852011,71.17438058561879,512,486.4,1.3006050265001194,13.982974673159669,191,High
24,32.470205746620714,21.632128855056507,50.85396655686913,97.573204857994,34.94829772240141,90.10163655331841,256,243.2,1.519168648590827,9.172498149322536,186,Moderate
12,33.69226118662101,68.35911858067675,46.71418339488667,83.96114148380808,67.97912012713397,55.03310824817228,2048,936.5572665798197,5.636545356977063,5.163717818646829,231,High
32,10.05880516851696,42.162035909569944,54.7520932170607,46.63610508895462,70.27465744890765,81.81554077696282,1024,100.20620062253529,2.2772220644070558,1.4926732412349648,145,Moderate
12,88.36021307129658,88.98679331517853,13.63949480913952,52.72780425223666,96.5000209476719,85.12935282759923,1024,96.78460426229219,4.950530038034964,15.997356252952933,214,High
12,81.33353318882213,42.676891941126335,90.35140207785939,98.53459806613354,45.36412314437085,94.95486980708714,1024,685.6265084422996,1.1332753048518138,12.431105845580259,102,High
8,66.45960415816103,74.94045762255271,99.84728401605625,83.58793322761187,63.243558294029036,61.21619593580975,2048,186.19232789505506,5.842003292067085,6.080648137122376,69,High
24,77.52391875449581,73.93757059579175,26.33384123728288,94.90270756867919,53.91908707225317,80.21099400464257,512,486.4,6.9234827209732215,1.2890795745817687,79,High
32,23.684371068204264,37.7194839087712,20.834466829715776,58.23168783932332,15.061856011323737,71.66282818446115,512,486.4,2.928991143850598,10.589375926911567,232,High
4,51.24912351288179,22.78393598946801,22.92197171037357,84.51201160519554,46.1202472132136,69.13858277720145,512,313.3035518601746,3.7859456624468284,15.803560086275432,176,High
16,41.60974486139028,52.739965902831784,69.49243524109303,82.84016251141068,54.48351546889943,55.335677760597875,256,243.2,3.3776278689587147,11.606090629490009,179,High
4,18.439887363131483,43.135452157269576,69.52967546056973,57.68139912636251,95.07496060422585,56.71166652974711,2048,52.458810137255085,6.312220366153653,2.2557161285470793,208,High
24,53.75174366934317,84.7182199690967,86.31317460505699,73.04897952704232,36.653905440895606,91.84942307238231,1024,553.151474210119,0.5645712450297176,7.034175582603344,78,Moderate
16,92.86656853083718,84.02913507642762,77.6643749583628,77.64490667621772,98.00991031079778,87.4876716162781,2048,936.2071459717449,4.747485587564935,2.637751940913371,209,High
24,13.605320714562502,56.56191617541004,50.472070603240574,68.8679086496479,54.23000740240844,69.11705651455503,2048,856.8291491463411,4.740393773222963,14.682408244014214,152,High
12,36.23148221444145,68.52097802585752,65.15698254087869,89.63072239948076,24.246924330305752,91.42432906948154,2048,362.51259056298505,2.985502553936695,5.956217064288712,179,High
16,28.67868425851331,68.340761278954,71.9456203331207,89.97214250787937,19.16643870158078,54.03830924117892,1024,191.0417308822885,1.9256686737605946,12.000647940110067,142,High
12,31.43319882991267,86.17265187420986,56.14628232567026,91.0360328980934,14.169491726023175,81.23869585165843,1024,218.43518251970713,2.057937429197732,2.2703553701365995,219,Moderate
4,91.75910966914377,54.0001931298558,52.8085886006473,88.20541414588976,45.293287057345296,93.40880263571441,256,243.2,5.703016787890292,2.926220436931593,89,High
4,52.12621488108611,42.03573438324072,68.0587701078388,69.28500863182867,2.192642978892323,91.94321155156247,2048,600.8052143981093,0.9296701264372338,11.19231493076027,237,High
16,51.966947164583694,41.2027934512438,60.17270940780884,62.88629788894043,44.50452833148654,68.63913799709299,512,42.486173457400064,4.164856950783333,13.652199225432538,238,High
16,78.4518078209754,62.89538234257633,67.95480748023193,89.88257702286224,98.84046921559462,87.26169265284946,256,243.2,2.494463919358726,4.021749344969184,36,High
32,23.90429836044332,55.931856218577,65.15692965670274,69.41208751337601,67.01067957222666,71.37340727599388,1024,832.0832444874655,2.2241107810440828,7.2750586899559515,148,Moderate
24,53.85388186900457,55.209661678794895,74.72769044622892,54.78228391767891,75.97861212004047,92.00690821949746,1024,449.8856607334391,3.787294825951734,10.291255520546901,210,High
32,48.69866927089537,27.290987127176578,67.85231579045885,70.44061193933298,11.900539071826255,76.53809750775115,256,177.48363703991637,6.336099790818485,12.944145088904088,60,High
24,63.72196214919905,77.48829925521565,56.776823779354054,48.510989315154525,47.31008614900908,88.24285245525206,512,486.4,4.517597473742651,10.422949155689217,161,High
32,99.96019329253947,37.09893503855285,71.36171301559479,81.49776943592792,28.62231010257139,53.928579114583584,2048,273.612784527202,5.625969080409603,2.4313888096386505,122,High
12,79.25040046738424,35.75629041669771,50.45337686668852,60.155276897434376,89.40975279890293,79.50129858044315,2048,800.44398297772,4.404444565208726,9.14228992501126,36,High
16,45.807913271568445,53.02066562219147,31.750410337534095,55.63952790684726,18.12924720139125,77.51420887346694,512,201.85622467554552,5.035152569172815,14.269100222148552,160,High
4,84.47977470466422,38.22226732942411,10.127639812052392,97.3905247740847,45.873332713674195,80.498836086758,2048,428.941001929374,3.3106497171564215,14.02035581535976,54,High
24,25.363752698123214,66.70866138464123,60.396773243125885,86.61285974549845,58.80477183456377,84.7820803957795,1024,495.51831437706375,6.5188806288531955,9.77523411626442,191,High
24,12.74173176780641,49.71706714675772,63.15897039477769,87.2241701634359,51.40410915785326,95.9054485017071,256,243.2,3.762603632854546,15.935443101562583,62,High
4,28.400353521784574,55.912937807423205,97.48440682981429,77.42331815675101,83.02435279704073,89.28410408880156,512,486.4,4.0865353499739605,2.5768558357653313,124,High
32,40.637040050283375,62.97354572832231,42.5330500684848,90.35036863061782,23.14531713196404,60.98189957174523,256,232.6980652828638,3.9122757711565224,8.178930360874793,117,High
24,55.95226817136039,36.28284179854439,45.47199185454806,85.54974886980287,37.739111042369125,91.2948134646048,2048,520.7563667412269,2.55522863107197,12.626854590291106,155,High
12,65.36162264870799,32.46012982924238,28.16196232079712,75.92642224801699,79.20842965739526,56.10398388075478,2048,486.8956263389767,2.0030498313947067,3.1155717717123883,67,Moderate
16,91.95451454929795,90.43375222988838,16.348086571358973,97.66746411110304,52.807141173680485,81.10992928375347,1024,216.63230215500062,0.9799272667511076,15.59124642224282,139,High
4,55.886860859541194,54.697896226513684,79.55240435755665,51.49569698106538,40.21173856479573,94.13769041229716,1024,972.8,5.168137383016566,6.3106981777546745,154,High
16,55.11480801631564,52.96748877060313,32.47129579053925,96.60278313968506,2.9442514744831505,55.05610271074519,2048,866.9077588586846,2.38028921060741,6.252096309678863,155,High
24,14.521870884068392,22.84897202182732,64.80143749270341,64.0862897199319,75.33854240156094,92.48463266551303,2048,888.7005875122582,3.029786760771447,4.197914517118093,33,Moderate
24,13.142039739060143,59.83810420699146,71.89957319909334,71.7039390040892,97.21820779667603,89.93103671151228,1024,688.7153398790659,6.479533057720382,5.3202619609989155,205,High
4,59.60439657247348,64.33357772888002,52.41130185624829,47.36435917265854,62.028700948851004,75.18877169195353,1024,168.29806038483898,4.181907771177179,9.66383350109646,231,High
12,49.436075192351005,64.70726967637333,88.87169017244725,72.40644633530746,85.65412206887946,65.4448801147702,512,486.4,1.1310074153755987,7.4403143357643176,246,High
8,85.52623554822688,76.56249354583075,49.94153568817559,76.6724051114916,51.68757431949261,70.27191140357719,1024,823.2252353111122,5.697477433355023,3.900672674900953,130,High
4,24.461162624066066,34.19854679928094,35.64177607375886,99.86209250851144,23.168096542336457,98.43290678501059,512,48.3491238017759,2.1648488942114605,13.137099104747039,90,Moderate
8,12.247449590534464,40.17785073844951,90.641397066546,98.51154466429159,1.444210423514547,60.08487780759232,512,486.4,4.092587977200186,1.933589606860895,222,High
32,50.41348911371133,84.85843721843301,87.54078558249608,97.98383751245723,65.33982675899892,78.98021439149477,256,243.2,3.814879586615939,13.519791167504078,110,High
8,31.373070107703175,95.77364934747152,24.763595236877173,60.90328360612344,49.31088482482446,54.16203739393419,1024,220.0034823627106,2.0475124752872245,5.1240808697186875,139,Moderate
12,14.46529360049537,30.87461978938565,12.336491651852885,99.47598992470262,78.20981470876015,60.89465320945861,512,384.4675037276645,1.252511726164777,8.438549996439576,228,Moderate
32,75.21384581628661,59.811964360417456,18.098700071465863,67.32868909570665,69.46824174353046,88.16581940372603,256,243.2,1.8732004422172923,6.7159680788258775,107,Moderate
8,20.043369996152272,37.134100219166946,35.78926586984353,91.11017552571403,98.79523682065647,65.12995201802636,256,243.2,1.1326956971657764,9.559031700845711,90,Moderate
32,64.74875500069945,24.805853468398595,97.50338215675396,52.97919814113832,51.03125834120398,99.28830352813674,1024,306.541709214792,2.291582123188658,12.939849927102632,158,High
8,35.29447751502002,46.04026705009083,60.26645378447425,70.34999077939614,42.717478967300934,75.040852154692,1024,609.3015009660213,6.98243381979352,15.839796902120424,35,High
12,25.61464453195198,31.49501001473702,43.59355588263419,97.96072576765633,28.673968943929495,75.82696626538714,256,243.2,3.1135997240689863,5.5908871848085235,231,High
8,44.17763706273857,76.7946458747397,89.98444851514718,96.82188381540564,47.68612917912745,51.815736966786766,512,486.4,6.115274543677566,9.307066185453007,50,High
8,82.13011986006583,62.69803309371555,50.782269833064966,81.02409266928561,87.2871478122922,97.82633747886331,1024,897.2050225900824,4.0696549988388995,7.990113231624961,224,High
8,45.28842192141154,31.50675767922487,38.371476556091906,87.86885935318358,4.243972579174127,58.7116720442209,256,243.2,4.832790015669264,15.983922389696811,112,High
4,77.56926842899502,20.73932707244115,94.70975758710917,50.58560179614408,97.79000472861887,76.91702994052213,256,243.2,1.5162618033786153,13.133704457491735,57,High
4,21.29376671192356,84.65256392193702,86.45658995734102,83.29951296904945,99.3307194307798,69.78373049793657,512,458.80560872913384,2.2862381382428403,6.956257878702892,223,High
4,79.54942776985712,34.095552493139806,85.93015378774969,77.08304850012235,59.78213785879017,70.77923503723028,2048,528.8826784873567,3.817882249688016,8.153185834114696,184,High
12,31.32399924159838,68.49733137766128,56.10562687451918,45.49310414507477,33.15442036954014,82.16500830180541,512,486.4,6.227432322474464,4.689348916398901,189,High
32,70.96538168999855,46.953753046139646,81.04945589339094,46.78954039538058,22.30489683220238,83.10443385462386,256,243.2,0.7787722332521111,12.328709796232397,169,High
24,60.92033993568967,66.83887506520284,26.141802333809668,46.506617065075716,27.649039568487876,57.714430742904845,512,486.4,3.7949797371771856,13.678176795676633,94,High
8,93.62302454905186,45.25229015858592,61.590066180061925,83.46141608979013,5.010542650497185,74.97933265609461,1024,972.8,0.8315793813047945,15.474802354343804,203,High
8,44.85902661777826,26.955164855380332,98.54613305627912,48.50291249485434,47.511095848335884,89.52387245709284,256,243.2,3.4693473969203366,9.487433452266956,197,High
12,15.95486699509964,37.83600068462029,36.186258746616545,68.06393626686823,5.732427086440584,72.16432417761148,512,486.4,4.58764303566214,11.060245033561593,122,High
8,11.72399369961276,35.044685318326046,81.49170963229076,61.41890835266547,71.84742147759252,58.290223541329006,512,486.4,5.340700744283998,7.6908824750418905,166,High
4,84.41727048754778,54.241548195171504,54.14305664872605,73.03024844621306,37.192945553285405,65.66084715783454,512,288.39882607010554,1.4004580341940736,10.136927655064655,111,High
24,57.226207389528895,72.66270267409259,13.582511489987859,82.38858923316417,19.93647317471632,60.61897820525351,512,437.72668240889686,1.5827393424987626,6.231235453601962,91,Moderate
16,79.77196466514543,41.1044859957086,78.67174580341006,81.08335223327992,54.485355783603836,56.290873395741855,256,243.2,3.555421990996639,12.065336747809587,138,High
8,31.098304001036322,20.965594824049436,25.17122299529015,70.9311949548626,97.37593072430137,68.87905637176769,512,467.7624552582588,6.987236976863981,1.340505486315661,173,High
4,41.05753709619104,61.51498914118055,66.8326210419475,67.86009241662313,69.51310490184183,77.04681215990375,1024,848.9832400418389,2.8143044317689623,1.4268527453797537,128,Moderate
16,12.709348499018704,68.46075914871776,17.70977746422756,63.868935707335524,49.17468501041602,53.63757626383159,2048,36.7978325024397,3.278928277858917,11.741813352798971,129,High
24,96.53430921167009,97.02963952014477,95.21806577463684,91.71459689826276,77.69142992545063,80.19116861140917,2048,217.08366306049265,3.310903828294585,14.960242046877491,225,High
16,70.10811160307321,67.15766424745975,36.255149846232484,59.8511082923587,73.74764718989887,99.65122200848037,2048,882.8894755918363,1.0245553388211204,10.483734016546695,197,High
4,93.98845789833756,57.693804750251346,30.38182225096554,55.561949270049695,89.17354610577937,98.20624660100418,1024,68.50913630019753,5.53211894438497,11.897924485055453,64,High
32,33.89467666861651,65.87213007181631,21.622276365970087,84.59892961931628,20.466894759394748,91.45867409995795,2048,234.7184205727101,2.145159908769698,13.359014368272515,156,High
32,65.03172501030947,94.23205038896216,95.1401974005143,61.58580770180359,85.88775762587319,63.31705564012015,256,243.2,5.073835869738979,6.425113966953691,112,High
16,71.0649971463374,86.2702516481317,74.07133681971746,90.8199159854361,30.102608704169885,51.120379823968364,256,243.2,3.58808421243134,2.621704863391126,217,High
12,38.579473023182956,45.83829866910464,76.74947998462798,59.67332311822868,94.09989278250971,91.67708514414255,1024,564.57888920518,4.476568324425996,14.996384308751445,227,High
16,86.32983115140671,38.98034909257098,54.94641052422201,82.1166894744753,28.106514894673516,52.78601159893566,1024,955.0586557525278,0.8508156372174757,15.078558475036603,120,High
8,95.24453166102231,41.01068898928589,52.72550067434351,42.70654037712016,92.68485431626762,60.28140407353852,256,235.59626492224373,6.28477694870768,7.627608333581185,32,High
8,89.63696059264039,60.35368317721704,19.901911869232897,63.133772806619206,96.379071446408,77.22266077233922,1024,873.3992009388421,2.0850690012281365,4.257544854919207,157,High
32,76.51602783454352,79.52395609828622,60.38569860255926,60.59381049805309,14.549135745701424,58.91890195718218,1024,290.0843548517563,4.85562001875544,14.385315741549835,82,High
12,34.971821175245864,60.257536574636966,32.22248455979114,89.0007243565554,97.4499883262783,91.68941656493209,256,243.2,5.687124228430051,11.626400456278798,129,High
4,35.34544378950686,25.423711666249005,97.94307995203653,98.02332419369861,8.572296842928228,88.85798481299145,256,243.2,4.010251662340782,1.123425258204427,216,High
8,96.70242884014341,77.88645603519848,81.69228460136326,67.65287660157769,21.856778661252196,87.78847528686248,512,80.49246020392876,2.692671143511057,2.6157955218862377,193,High
32,10.925604634212283,84.4776102936763,47.16928541735988,89.49017662922549,44.41687808728045,90.80638079487883,512,390.4639428633503,6.856371934126999,15.747994641576168,223,High
24,74.44449759179301,43.15982920957757,23.620713282237972,81.9816820574419,99.35973657117101,60.985089013230606,2048,362.11920842864623,2.309858136259521,1.5719226821221701,66,Moderate
32,73.5621546299736,73.13005914266803,80.67985220249057,98.04315925982159,48.85630511653793,86.44461880748747,1024,168.5005401447558,6.666305191301258,5.238325155454331,236,High
8,66.04205868548178,54.12735208435147,20.984839037318437,88.66651086056947,55.040944317848584,67.76407512958824,256,243.2,1.5154568689507564,9.227445170592047,130,High
8,99.10979614781792,91.12954845819543,27.040037814736344,44.648683957823835,69.44249495236485,83.34223797841997,2048,392.03074727228943,3.029943854895233,3.765334243083183,244,High
32,38.06914921873527,87.61804465285918,29.036846596980467,82.79690334293417,96.82935582729513,56.10108643155874,512,486.4,1.4002212969574646,4.480811295444385,73,Moderate
4,40.597467741392336,62.03455986477138,60.120157444578496,72.12998292534242,78.33514001242445,85.27932900322574,1024,900.7108695473966,0.5145630749790241,6.294512298430033,93,Moderate
16,17.10454626519,75.32044366508757,80.83509885913297,40.98616347593963,22.415400442369858,98.60538639503898,2048,202.86259257422623,2.191680512577087,5.043314024844304,208,Moderate
8,49.85183228893637,90.66797608176832,38.288339085222304,55.078777523526625,30.299093066435468,52.180018265935814,1024,510.070950614559,1.0668676059732056,13.050343418800107,153,High
32,33.49436736113633,59.65736080626204,17.620283284776047,95.30531470161358,9.76282396085244,54.69144505835424,2048,605.7860969828873,6.911245900087256,8.504117100889072,35,High
32,40.90480319598798,45.060059239105755,51.80846171719773,95.56368236720517,64.44523641647399,56.18183836690069,1024,820.7708979141848,5.450746566686717,5.179302213664156,98,High
12,85.11146112300649,80.2932910327665,77.3299217043942,87.93102761203806,18.074030653922158,71.52819524706507,1024,886.7863221548808,0.5240811760930573,5.696440502420476,178,High
16,94.19360621747461,37.60530038277534,29.949745877864945,98.90677619667937,25.74048884793657,64.53900924665268,256,243.2,1.9537028013533488,1.5979743938204707,86,Moderate
24,26.715976480466708,51.082491840483364,29.79320932354368,88.39271347745229,88.8113655180377,90.34600767703469,1024,44.78286111079323,4.85580756834416,1.740881142713134,185,High
4,43.52580383981193,89.25817896854349,95.25043246120397,40.61225123711471,32.67556753320152,73.68936196004807,512,486.4,3.090588735570904,11.768613495383262,114,High
24,93.57675059038547,77.95378722154521,95.87383544072601,57.27006041809071,56.664671835416705,74.22686713442762,256,243.2,5.906976659787477,2.6936625560667107,53,High
16,15.562761462030037,52.30488041979994,99.14191588554188,41.837450934265775,39.7566008789177,85.85190506626768,1024,716.9487065188173,3.7815950594422554,8.136951620226728,144,High
16,18.312447530024066,37.17956019266859,82.68936414173021,45.64647812425357,7.403128740591358,68.09844912678729,512,486.4,4.74873422826079,13.635484642836952,121,High
16,24.651189028560644,48.477471266578924,26.9365752251151,53.130449017046566,36.28638298967051,67.66036237102318,512,486.4,4.3807430843641235,6.526802585908017,104,Moderate
24,63.56915507141873,42.72833193819464,29.078336871933523,70.21351277953134,40.806820303593085,87.84631938137403,2048,53.59465971682293,4.648097854053623,6.186283405160589,220,High
16,23.542504390539772,34.08714303550831,40.62027173701527,90.85192020772107,89.57011019115183,89.00208729183824,256,243.2,1.9956425498766706,14.095724136804577,51,High
32,97.12687433056601,79.46663308525254,38.63192782001418,91.71800536942649,32.445065364633955,50.719938626640975,256,243.2,2.9263813548402453,13.972755949745089,139,High
24,50.20430745326683,40.16559094801372,96.08749741702081,76.9721115134378,37.92411197620679,57.18952379203665,2048,135.31374451349706,0.829090143619194,14.202052021904256,63,High
16,55.13661643151497,56.333397613421106,81.01665845935243,95.6905563439741,78.28967686723345,60.65490905742399,2048,121.56425517531132,4.319637345473357,9.578709401976383,147,High
32,32.19927542248658,50.86875574688872,75.16079129453985,70.00373959541248,75.8956651211598,67.58002343789381,2048,543.6877154722499,3.485180003492541,15.284564103598905,66,High
12,52.38642271912602,98.56619029085047,26.736690165231863,93.3421626479921,79.82852766484908,64.57240417159765,256,243.2,5.444654968623969,13.28445921726066,70,High
16,69.57222693733104,51.28737953185764,91.85730034260966,67.24391537992072,95.3770740076004,83.42600241941383,512,388.35147981887116,1.8414860200406737,7.234516404285531,238,High
24,77.60594232586385,26.398598623740384,84.50833415555564,56.63350044531293,79.55574983947842,91.4067616901479,512,145.01834190780966,3.339278754440712,10.443327129100576,108,High
8,77.84812744389217,27.186060205766722,24.727765719513133,94.98477508602566,40.76082032178909,59.604349117801206,1024,515.450537793541,1.6748453148730105,2.8268362413746453,134,Moderate
16,62.01020014246795,67.26029770824519,88.40532987648753,63.27610454073216,82.15085168980919,78.14900303009742,256,243.2,4.4908649641148735,9.269982789262771,72,High
8,91.39237974944714,67.94908413906126,34.50227827334241,70.20424653066769,50.86746320899383,68.39081255405179,256,243.2,6.012196667324438,4.94723625331403,51,High
32,83.56670625754984,53.5007192386124,17.278277124889545,59.73163795184063,27.77140325185653,75.2888937523031,2048,648.5356814719784,5.475381114918402,5.253208397670533,120,High
12,78.1343303228763,54.547495384962374,69.1140075862789,79.77025601744378,30.29170681310124,81.0378920891697,256,243.2,6.637286822100767,2.8857734939188724,172,High
4,15.004496951241457,24.314606627269697,68.84241934458976,99.70187350036213,22.384238856339834,94.67999093410056,256,243.2,6.8162175821133415,6.372988353608898,50,High
12,10.619016599768438,61.32372083114098,18.543880860905627,41.53081293188618,14.499295781975341,59.61463339136404,512,486.4,5.518220139282939,8.220854954487365,81,High
16,29.120254947592567,60.37915803042814,38.696662804292416,93.99088036042609,18.449041185365033,54.350329352803016,256,243.2,2.3642395549716815,10.005316617802947,33,Moderate
8,69.7171234522107,31.963945484555563,99.35330160299847,40.23556341935593,6.3178049953819375,81.36059595226763,512,486.4,1.9251989518995685,5.573040044039644,204,Moderate
8,47.007773999429126,28.307150888874204,71.05840003078632,61.85367286877266,88.84508649323864,69.70654243863132,512,317.65056412729876,3.409068724568134,12.88372351465137,175,High
24,46.21656333693806,29.88579924795924,75.70676499429962,50.11640837737086,93.10078096491232,58.145134664649426,256,243.2,6.960244014751284,8.814399424055772,100,High
8,89.61281994066523,28.08225971930068,29.16255570438751,85.44050684035308,58.67703924938955,55.854358367742236,512,322.546760505512,3.18234213531151,10.570781634335962,237,High
24,90.60065633186548,68.77665564294078,17.09038639035229,43.03665044543041,84.0489556608685,77.9454893437015,2048,918.3231155172343,1.793944668719747,5.172154134677993,147,High
32,91.82577376482271,35.71861219223349,34.92115207668439,73.20909721505967,18.357110265314713,65.02352972640978,512,486.4,6.638228705591066,13.212038185183971,192,High
4,38.24902688635245,40.11441217499708,32.40085466738728,57.69556803071876,90.16738252269852,99.8713189792989,256,243.2,3.0084668543741477,10.364116758489057,233,High
16,72.19502314653356,33.88577153211518,31.10896906732478,48.02021493188213,50.63615596305083,70.2950409665357,2048,913.1210362644587,4.990842766979601,13.935231241737355,36,High
24,34.44698631469326,96.62682435588025,27.347888969833562,86.30909272615844,6.7164992605555085,60.61433043825913,2048,887.5446062164982,5.622994360994814,3.399273684074417,198,High
4,27.15488497670048,88.36939705214684,61.72801215898639,53.0450100553154,14.13127444941602,81.44245225586388,256,243.2,5.980513363386971,6.709949003964979,167,High
8,26.616921161263228,38.43958698812167,39.52931282576396,53.42051272329633,30.897646078681717,62.212744484525345,1024,229.5561190789776,5.838322516298137,2.695242760858895,219,High
8,40.789685877723464,46.205303513770076,83.83105135427773,56.50460710827538,4.3557580354751435,74.70430216155805,512,486.4,5.935604609499871,4.232909663565887,222,High
4,48.69618578018395,36.791427384399775,26.55526760626456,75.20600582968164,30.92933780174436,74.12880918605038,512,486.4,4.839747279256225,6.9182125672730495,169,High
8,84.78542539495615,59.3500767568659,51.816436378169,79.57995590144489,5.9930433118891795,72.67788148578686,1024,736.492331456261,3.1249019502709894,14.418728614890613,120,High
32,20.790198412544086,21.56884259794029,11.229205278347198,41.056151422080696,23.60276051928252,89.80428481347874,2048,270.74557027910436,4.837364551414941,9.35561003607856,185,Moderate
32,76.14332626554048,73.70944071174365,53.35140902096728,54.51217816682742,26.56697558564416,60.830650073309194,1024,697.8609807239147,5.938773171389436,5.955674960713874,87,High
4,57.83094227703748,61.85265198541133,15.025439878882695,65.85825055031697,99.43689763667939,95.2153652535235,256,243.2,2.779176020058737,12.203487443193886,213,High
24,35.91508084083932,91.89111426408826,97.99511606853793,59.91861712967399,23.554667376366446,89.5670251606767,1024,835.7508783432372,2.4273019368982607,1.2952405929145219,175,Moderate
24,54.353762607954216,33.15141474627313,81.15329157853715,93.05023951065317,23.918644893858033,66.65611821216619,2048,797.4120679101553,2.734096911183563,6.551383168640019,222,High
4,36.99478627993204,84.32873968489054,54.11003289728099,87.26252385318513,68.6788968358385,59.03012531400692,256,219.24403475032796,4.083342074190894,10.012475448900677,214,High
24,63.64737597144754,83.35688115733726,17.792862236141524,77.55341293232965,85.93574785164519,63.97675122533707,256,192.01672363927,0.8408851862906395,9.748559557933032,207,High
24,49.04595305697198,30.174495137350952,63.32008967113728,60.28254495982239,38.705541260208655,66.63181234545391,256,243.2,5.56331032360946,10.113368236637413,244,High
32,24.796497617099085,51.88473793153021,78.28873756316898,82.0403406907696,87.56180199406924,77.84665844035234,512,486.4,1.4025377299263124,4.17251147221699,238,Moderate
24,20.492476710012703,33.61221129156135,27.164552770427076,90.61828077074767,34.01420207477571,52.318408440682504,512,486.4,1.363451269096642,6.056187294902182,156,Moderate
12,59.20261138649171,40.377640036603914,61.138750670874174,75.6898226415392,19.701587961501932,95.71795649260267,256,243.2,1.7847844058146827,14.9734817817194,74,High
16,91.21717299574931,41.05969398644355,83.27898085445811,87.06768801360275,32.96388243277235,54.93374283305555,1024,856.4210850915721,4.250028327321239,15.609632969300462,219,High
8,40.956191790191696,64.49891152206182,79.14229998816847,84.94629768398487,60.93563739279924,63.96366970500174,512,246.57426160262958,2.356194442725714,5.680575269978421,135,High
12,75.97000965003609,52.91287454083724,82.26928160804376,74.30423866961934,36.71431593120737,55.46437189764833,2048,559.9841513226447,2.8925871384125896,10.667555551131315,139,High
24,69.27952194457902,95.81862432050443,89.13910823827479,58.73099300929066,67.28938039892888,62.83364132628301,512,486.4,6.5557192213578315,4.619451687053587,222,High
32,93.83994228785329,30.10961135576041,94.39138919435231,84.7469294800763,23.69358794224824,91.88369093044042,1024,874.0662294830526,6.006814169850404,6.527930004605716,84,High
4,83.88829155692268,97.8953707880159,46.496903968318236,52.40778198145639,70.09928939891488,80.75879056916212,512,294.5352944551314,6.039238465181086,12.885020452239457,67,High
24,60.99447330149167,38.45109121714111,61.189219227058956,86.76930078829203,34.74383632484667,61.36616125447404,1024,113.1123180315374,4.254671916618921,8.517680950096235,33,High
32,69.13274484106967,81.82991491054824,81.15935734410498,88.27280152855198,45.58683716019345,93.58792648996689,1024,240.4950213390021,6.1320299573881245,13.743849397623096,44,High
16,90.85478199256313,47.117594093825716,72.74258325512048,89.32869277422239,55.77451404428959,90.03560296092424,512,486.4,5.560677864713598,10.431103684885855,178,High
24,45.95669061282413,31.446511633385114,99.5968205437941,68.37495825870747,68.62250031859936,87.68246411607903,1024,467.8549153108621,6.6960392189219045,10.433817777192228,178,High
4,39.41152352719996,88.6311348196992,11.230988599417973,51.5488460662253,23.87136918487337,92.38163491928564,1024,424.3880526504646,0.918394632642451,1.5082004222173764,208,Moderate
32,10.97299752716767,44.708871938917056,41.961989378421165,45.98341600396412,83.59455374108104,80.98248407591575,2048,22.95350524686806,0.6867263687505636,12.245055388628643,243,High
32,84.38959667723178,72.70843233814738,35.292513364318225,84.60167502927546,72.18427497552398,75.07186801056162,256,60.50453609213763,1.6376946147052922,15.667997919257457,137,High
32,82.08826303630283,65.31549480693013,33.60842651489811,93.1756830717888,23.409791902399945,68.69675130856947,256,243.2,6.539051333301841,8.09542840380077,235,High
16,19.400906629013626,57.740504751269945,30.02768042489972,79.0503015302144,97.49745626029103,61.18820102038492,512,486.4,4.436173188702599,3.3787002243875826,64,Moderate
24,61.917164301943025,59.665557811883126,73.82114567337061,48.64960362330218,66.47969910304585,77.87058288234473,1024,579.7730155104497,3.269731365019326,15.65466507070809,154,High
16,51.75835283501986,78.57903312738301,17.628352594778967,96.09378691105445,45.24268864667056,94.47461728570443,512,119.21964726422684,3.8326218995949866,5.3518881222679955,33,High
8,20.683818595820032,27.021833129875247,76.74479505490045,99.34612087235917,15.752732555351635,79.69908944961625,512,358.54055786969997,5.892429823479855,7.137969336057557,189,High
8,98.25114043546512,73.45445295663241,72.40832578146461,66.00271659609533,53.32210023081314,95.98034308603184,256,243.2,6.539214972725507,2.160496211522975,249,High
24,29.322629871701988,91.6649681118863,32.572371925080674,75.68951735642628,16.47758868271182,67.84586847965818,1024,183.1621116774709,5.243042423020914,2.6625529853862786,169,High
16,16.051076208150505,24.623055761589132,32.75504048486451,86.63371120009947,42.949167869784375,84.75689862637489,512,486.4,5.439010914092426,4.248485058391095,83,Moderate
4,63.536264155171864,31.25226713869334,66.5974526810052,84.18338740300268,40.87125227395189,82.43327362313207,512,130.26351734541413,2.5824572870649467,9.226990976353015,59,High
32,76.49800094197295,77.33055493616251,78.595399493531,98.06723151600696,71.99396443474602,83.52169220313709,256,177.45783682274825,3.5357287692845047,9.366838027966121,38,High
32,12.919910144246828,54.982531859569406,88.8837051778629,46.89298546472733,19.238318122424978,82.25210061203964,256,243.2,6.253866257562579,10.09365734264323,48,High
24,69.28458748543198,52.28388966509507,86.69256074690281,74.84349196856834,82.18713548708459,61.08273374685584,256,243.2,5.608571715471754,9.757254355113945,109,High
8,57.9062688356309,30.95733076353887,96.83946947474678,81.51588518038552,32.61323270161658,57.17954491415745,512,336.2522013639694,4.94776096999876,8.428554746251217,187,High
8,19.293850798754356,60.54160325742305,62.32464058028601,93.4059054512602,44.39886269687751,98.93141281160294,1024,661.6358136224684,0.9241044332727827,13.031479819031636,222,High
32,25.527148925172586,30.12362489571018,91.77900052063237,92.44657766308904,77.23409755538425,52.26475644212506,256,243.2,0.7567969264507066,15.008495460608087,139,High
24,61.11768675844725,58.12963650484323,82.76619459343696,98.6799876136774,62.53923997135148,73.38682435141351,256,158.12641013555194,1.3476711302409679,5.046419999188441,74,High
16,36.672185216195956,81.08922391693254,90.52008618826122,70.72470723626074,30.802535180193736,71.2540158570931,1024,255.68523238022166,4.279042144785917,2.952905234596524,52,High
8,94.44841557861845,40.66114863097308,11.046394115682997,89.84565200879359,38.6202924545881,68.00094791075381,512,486.4,3.986514507717475,7.37630940858937,105,High
16,83.68662065356457,58.46289345437818,96.93126926792299,65.63690248763966,30.578681398961017,89.09919267883548,512,192.98132741656852,6.62749037255585,1.396335626409639,34,High
8,98.52104858622967,99.36127755174685,52.61771465618305,65.33883267136193,59.477016727715714,87.2675144156258,1024,698.0597908575621,5.015937660282077,14.249783105675148,241,High
8,33.370375505537254,74.93203386832297,81.83646906173585,55.200901868371545,33.262453320683974,95.26124617649702,256,243.2,2.4108220127452693,4.595593903694862,224,High
12,97.27512695181794,87.30854170441589,21.44837074040028,89.09423722115379,72.56976947831409,69.77437630934611,2048,128.31093228025532,1.5497259098020324,9.239449446224425,148,High
8,48.81104828124021,53.18780852484366,45.63469862325767,99.14890634881094,57.97871585837261,78.20897639647299,1024,405.19017028544135,6.021966055634483,2.7264248484471354,223,High
4,41.276691578237916,81.42887385006843,34.431459671889186,55.380503700835476,14.5706611747509,94.61535236710603,2048,231.69282299830985,3.487556673978657,9.298860088649263,72,High
24,14.531457427241792,23.240733835305747,36.249289345084335,43.36789528126434,31.02686186798824,99.69240314276922,512,229.34590223049744,4.7475517331575166,1.584901793527966,241,Moderate
24,14.748873207364236,29.8328946033796,21.09300579557936,88.93254624514044,22.144744191015576,98.46471811826774,512,127.79598555968401,4.173433442840219,12.532100433835879,31,High
16,72.28101303519892,36.24564743360497,82.51874492887063,77.21380315208538,39.031321255148534,85.8921935634367,2048,653.0556721515512,1.1984662498881276,15.33132193965872,205,High
8,51.213609499062514,52.15615396921756,10.831808312297035,97.58192803306027,51.59840862093631,57.16137789050898,256,243.2,0.8708794939318757,5.604640974153932,215,Moderate
4,30.386946343249512,87.65959026606106,38.12549112866822,55.13435314461714,50.67628572841099,51.15930058965133,2048,680.0259709228256,2.950618233156688,4.87321915681439,69,Moderate
16,65.25732756927093,47.701284063034436,25.696948889477355,44.261659480076865,75.4523676563289,91.26091782014709,256,243.2,2.8500769340471646,7.719924573802603,128,High
12,32.75723064251001,72.36969548123703,63.01350465475065,69.5465356519901,18.917186360170934,92.04710122459127,1024,154.22202063087363,4.8796877342978915,10.299604903755638,210,High
16,61.98685789099803,76.74514358427868,32.88271623530895,45.127961377908846,94.64728292974468,87.31804541317348,512,326.6469196511561,4.609302659157551,3.83443692987712,216,High
16,42.32878722844213,66.89458832706731,33.30986090752897,55.70740006616245,34.28451068821686,63.996174299961005,512,351.1270816054314,6.798116035015964,13.049619958943163,225,High
8,84.11970039506372,48.579357453610896,53.950432959578684,47.5586716491501,30.024884691613853,81.99089297992633,2048,239.7612828084356,6.0776467680152155,3.978022200256162,220,High
12,83.86265446901014,66.16426733708354,68.74201354068332,53.44793077960472,68.51785781802198,65.8124220907637,1024,150.78289471539694,3.727786417539371,1.08211329975562,146,High
16,52.96153583101612,47.3812474231797,20.91742341086473,46.36867916928351,80.55166286830625,72.53241230504624,2048,491.8364411670011,3.750164791657521,8.863758753783618,193,High
4,41.5737198401514,26.709899084160966,25.796030721894653,97.23435996563713,37.84717648136534,69.12175424902553,2048,836.0952317669542,4.881839989232513,2.7272456674886767,69,Moderate
4,42.63038169031851,99.42431825488116,32.24572701350658,56.71376280698413,74.6846974893977,95.68200433950278,2048,954.994328347285,1.241588788026291,11.473580880805962,163,High
24,82.51430731013961,30.174596290600874,97.63733927061645,66.63385515955393,88.37359561360547,61.70786653719378,256,138.0472258963127,6.999288670104051,3.512049938027578,171,High
12,39.53615345178508,25.78787070688459,45.74372499486283,93.91670845805334,76.68036652069574,78.88054522868751,512,486.4,3.8722526580835557,13.26070593280053,236,High
12,28.81534363361614,90.28245993657248,63.909108156792385,80.63929527768846,3.419648557083299,68.04907645169295,512,486.4,6.4143816804083045,8.055521993139969,154,High
24,17.621950768777616,44.14677287143161,31.73885314443801,77.08224883370646,82.73689113661882,83.15355559571128,2048,395.0883403370413,6.787816175239351,9.494168569249938,130,High
16,52.00238087959676,72.0237579258806,54.14135726417391,82.33379142165023,77.44809584543674,78.22815705887375,256,118.9293279039996,4.280677809364725,3.798777479540676,62,High
12,53.391888902785766,46.32045837297863,16.670725694736227,89.7293354263229,66.9290238153186,96.19888406829702,512,486.4,1.1717662089110399,3.200321162956943,137,Moderate
4,85.68178393626164,51.316341663557694,13.126793133009425,92.66015607110566,76.00224190879035,55.08060758506066,256,243.2,4.2267477547298125,10.46938699780318,176,High
4,29.91148268014576,40.96903776134372,52.18601741393142,78.5583802399016,97.94253958319389,61.03204198783817,1024,972.8,4.384675841578914,4.8319092301252775,233,High
8,44.28921463015599,47.44352046344082,45.87933587665709,93.40043648164345,43.111288781834965,88.3173981915528,256,243.2,5.629755389026652,6.7888835247663675,200,High
12,82.75651650043218,52.856032046923445,22.31922877226449,72.12385164552862,6.722323495459781,68.43934199474216,256,243.2,0.81349023546689,8.19173730905479,83,Moderate
16,84.12612496740762,77.63328552738743,71.88412860286604,56.6374513761054,46.08899696277167,58.289189311436196,1024,254.71362121074927,3.5310498867681104,4.444504083714095,230,High
24,44.61499683808914,60.922895538783344,99.3613141809338,92.80460253303066,4.643365539104794,75.1660629622694,512,486.4,6.498006679189285,12.931357158395553,240,High
24,51.32116209580128,95.48521737255815,45.60821390770412,72.48836964478522,29.425040808846113,82.60710308056932,512,260.7246967676509,6.9434440114112475,15.091366133633583,125,High
16,37.29573017643546,23.35043150710204,66.2102772325655,94.36825525403405,58.6879791796759,52.24133570767493,256,33.52512865586985,1.7439874119350447,7.478397430903416,121,Moderate
32,93.92993905773808,60.24546581056225,96.66783481280372,42.41006883703487,30.96228929261563,64.58109446837224,256,243.2,6.158893452777728,14.763225767331454,121,High
8,20.677938916742228,66.73798310653746,84.83814752021877,63.850945092474134,68.53952459095386,90.47112688480215,1024,383.27998812040624,1.4506286505991866,14.240242260135378,153,High
24,94.0374480701323,93.61575888594191,51.71970009724172,96.8683011017481,82.19863276857211,76.01222833050971,1024,268.76867839497186,5.967633824691331,3.4907084308018868,124,High
12,71.54798066518089,23.932681889714207,76.37405360139275,54.97900556549816,42.043917927953686,51.768960758666,512,486.4,2.3023052285398133,3.600729187343698,90,Moderate
8,57.841493741805806,65.87996679481728,21.532153622547163,96.49217476230956,90.01379512930036,64.09755026373504,512,370.62592874884405,6.737564229319426,8.161075922055755,170,High
12,12.93931547060463,88.29039428223656,56.08934699174193,97.234147667755,7.983893135040021,81.95703279897107,1024,408.2283794337041,5.020728880854142,8.887857688479304,199,High
4,52.803657263980746,39.354218249538924,35.11542494619429,92.92853885355166,84.01131642004498,59.967973478901236,256,32.81514785510387,3.0942189090334367,6.116945884785872,47,High
8,46.6973294502459,90.103387881915,24.5047319106545,73.82008270559793,82.85731454392989,91.36957031097072,1024,593.1802192675269,2.3263266444030806,5.693814697579258,138,High
24,24.50969307776103,21.523472741943344,48.36528156290814,78.81636694483831,32.19938963267649,83.82879535418321,512,130.85031954857234,2.029043928583895,7.470509347023184,101,Moderate
8,69.07686431505911,78.59637033069838,21.7913098990253,92.17701990699214,29.871518712461498,73.56895304738966,256,221.66681030646757,4.925150125497304,11.357189220988014,142,High
8,97.40358166314572,94.64905769349224,72.90865973570371,86.55382494335106,30.509498115351263,95.78118905333925,2048,719.9466424065118,6.32264151674973,2.265904495178216,243,High
8,60.59699299580726,72.57581293120498,51.0616039648002,77.8056309673247,81.1393712344411,69.59003854623309,2048,320.11029892207193,5.407122802493234,11.658730052685105,222,High
32,74.32779487995512,55.12233951843584,57.803016930819744,98.93556447224216,83.16534876101952,61.75367052820427,1024,171.57809546399713,5.926144997107524,14.893603924482022,77,High
8,16.160540730941513,23.590481317817442,23.173834480134133,81.14059818002164,32.97224588276676,83.07014962633505,512,486.4,5.578994489624492,12.452600632615443,124,High
12,47.590029623529524,93.6091050658103,22.579449498414505,98.52891954686567,59.25903474444618,78.66475937350742,256,222.7554499885612,6.8644598322371255,3.875152845192386,113,High
4,20.47226366480463,57.62369781532598,62.50738917341117,43.44330847642544,13.89332294404545,66.76239504656125,2048,278.26843181911795,5.425732024371111,2.3122178316571294,193,High
16,65.15162519828593,22.31973954687584,98.65087730465017,48.337622244532746,46.87787382810221,67.18322806619886,256,243.2,1.8664853700567796,8.355706134843084,116,High
8,94.46339423927391,75.18568570630094,18.662552491395306,67.08753076002944,99.87928508555383,69.9105154317051,256,243.2,5.645390025584346,15.346091337684806,238,High
24,69.55999592244746,58.546980286100656,35.715828570920316,63.09276765305891,15.883914770624685,64.55692837396846,256,243.2,2.593450846401206,13.285889310832312,202,High
8,16.912274348297938,29.94762539539286,88.25132048840987,86.96409048142166,94.7562639960059,85.51207031804611,256,243.2,6.972699107308578,9.441004585194893,167,High
24,41.919958448657454,37.14174474482077,16.504481102971326,49.63684158815222,82.42547219650078,82.56792025256027,1024,459.7539418993411,2.948372030650953,3.144721351263892,166,Moderate
12,59.55970414967664,25.1592544364677,88.82971492302562,98.56571074668932,97.22146509462699,72.03888262731964,256,243.2,2.4031594130069944,11.707551731673933,203,High
24,46.2886980519927,65.94348317668589,57.185738503727606,58.90395251565484,17.9578760610533,69.89273378896186,2048,201.1043778613919,2.054903905807925,13.194973579113471,174,High
16,85.0279609427655,69.76235834016074,46.74400965337833,65.73542246440957,21.351849044336426,68.25256346798525,2048,160.68042305317465,4.780345238379404,15.026037046387648,224,High
4,83.32039042389903,60.45938386843555,37.87125079163103,56.48470194640137,1.6867181734858683,64.17341606961267,1024,668.0481153692147,1.2099370745189528,10.181743512398729,62,Moderate
24,65.06479180928993,85.3681706402092,36.740544231505766,74.76181703959284,72.47018129156055,54.28483315785297,2048,415.4118650453628,6.698139231264317,8.716987219681128,94,High
24,43.611215061943476,88.88070570464109,37.52223242045309,43.517722025355035,64.40946934361857,63.410234276125024,256,243.2,2.4130324111803914,10.287730653515188,177,High
4,32.98027363869197,69.24995173465012,89.63227728641762,48.98065033422693,17.80654383247321,66.06006743465325,2048,264.0342212286036,2.42010397175007,15.148787569878168,223,High
16,19.528688639181638,21.020518376594445,75.1415707157307,84.74786220512345,79.1144965542072,77.38420031326717,512,331.62316225609925,0.7994296220958842,10.421906292599262,155,Moderate
8,41.94079151378986,75.61837245981886,70.27507070480355,51.190035004288234,29.91955061317254,88.68942545390249,256,243.2,2.0991138661782323,4.863877740905615,173,Moderate
24,47.18552654869476,53.439937353628125,81.88742340568007,54.13086709339977,13.499556933063516,69.78510724170158,1024,427.43996155337226,3.223365811895545,10.542271119135194,230,High
4,70.82406325936662,65.24459865811096,33.140319670373046,87.57893414349027,42.25626650193482,97.23784529260459,512,486.4,2.9024415364574354,14.196168592023321,171,High
12,69.23438418678161,71.92644816151075,65.62385308735801,45.59807070143522,9.096984842685607,91.36749817205812,2048,115.61537217712639,2.2746294893354317,9.505030428940254,158,High
4,16.309732567713127,48.018929146166144,51.40596150621558,66.24842936625046,26.324365627324664,99.24009239418726,512,187.04088047083115,0.7648349459547884,8.540482420145612,192,Moderate
12,45.5733383888042,93.36788041374353,80.41974716801741,41.38380321983362,37.13333584273462,93.81015205207409,2048,45.5288515344178,2.4537789284366758,12.00053874253772,239,High
16,26.360098049562573,30.717989339982495,37.83304994259569,60.808443959074225,85.18641745141498,80.83629746546896,2048,430.1271036440499,5.559151098710281,10.914830427172182,158,High
8,24.113143478512512,73.72094458248299,67.88607551829062,81.93888415664526,79.25487412932213,79.92396439083595,2048,989.0308044500737,3.352149854511563,1.8503139843053336,200,High
4,84.45719347635213,20.348766396526436,89.39911706355821,45.4061967830337,44.275428575061824,56.47630633771085,1024,875.1344211249514,2.3900397593916383,11.879667113461462,98,High
32,13.772369504463178,93.97208843241447,46.193542857543584,93.30007760672561,72.45750577523876,86.11996244457839,512,486.4,2.4811488719617256,7.113241451291269,104,High
24,47.72645883119092,29.00033065904732,15.99598786307153,94.56994257644297,56.8649636179005,80.01034287963357,1024,862.4855270378914,4.103844247210356,15.113474200461056,245,High
16,25.13832901898664,27.590738411805972,56.44457401076135,46.299422507508105,34.08418550780681,75.34660516979923,2048,598.2276627888989,2.464902405303986,15.562044826278122,125,High
4,89.13971941106266,46.64061064417954,41.13752390263234,99.4439461825466,72.58743434952848,84.66434362786444,256,243.2,4.600182579130265,7.731082271868253,212,High
24,60.13364619475316,49.88530288312645,70.50028424924574,57.85177320372934,68.3499154466378,72.20239214189968,256,181.81093709010415,6.931454339213248,15.53192269986884,173,High
4,30.824257273916324,37.14400578583029,95.59296322737455,45.046100267896364,61.909444219360196,76.19298312041431,1024,656.518254342622,0.7676465853997367,5.662307724339944,150,Moderate
12,55.218455844973874,66.80973287416998,53.70474861971623,40.30402686983574,61.795552104325054,69.91761524016282,256,201.1207636268379,1.5967889120328964,11.239666321779668,224,High
4,75.83377237328042,55.433127843357084,51.957120713998044,64.51137374583175,68.29819923269767,85.8685446685345,512,423.2541330280596,1.6641990443786563,2.1258206666412645,140,Moderate
32,96.23062080274904,22.73404712328699,68.91263201723143,77.78859914236706,38.45455126425382,93.8305485273944,256,243.2,3.4059570665580976,3.174840227731708,220,High
4,29.840140382087704,45.57216498042405,19.31477532342109,59.93075499419879,86.90758150677024,92.04224695663012,256,137.9370095361112,0.7692216283469339,13.967888535667276,101,Moderate
4,89.75635949164106,84.83463308585364,32.815557003251314,90.20304192847736,16.23078454964608,89.30126360247344,2048,137.73120486622713,3.6038902553263585,14.406760589454452,179,High
32,94.08737027507412,75.17612278894948,92.70813929503586,82.996376533903,88.3885463239154,50.68938522722755,512,232.15839143568138,6.538010927498267,8.989167879546171,213,High
16,92.47784900788596,77.98966828639044,70.29483520273897,61.00969191808196,34.22818430319944,95.59402319387297,512,486.4,0.5751665765025629,6.096601404203729,81,Moderate
4,67.18729211757189,75.84935392668189,11.209963958507462,84.05857999651627,12.503161560862253,63.743786036169695,256,243.2,2.8721026367036764,7.765358976459257,238,High
32,66.68385889912369,44.87784171064266,28.416292530311786,96.429264218155,60.00274026791299,94.3986971481688,2048,508.1659578824507,5.445809518721271,14.04436733716984,184,High
24,46.28895698654405,27.97311376614207,71.45535394260091,45.585759912581025,37.598666907040524,59.84840515446882,256,243.2,1.5042142521697979,4.164901339313769,93,Moderate
12,77.71580940734091,41.79737472264768,78.79592823063167,58.366237609457016,81.54997271035192,71.98228757123687,256,243.2,1.0041335164225238,5.423053469523946,74,Moderate
12,57.81646165158387,86.54282401481274,85.58736154066376,67.7995563470016,43.078546852876734,87.46993971634569,1024,284.8551345117129,4.600060492207151,12.781644013791515,224,High
4,70.9694264105465,98.43766382264569,36.29591230438404,69.87940766528612,66.85625255621098,82.01394726385863,2048,980.2122518524795,0.5646809088217999,15.029041688746236,55,High
16,48.56121134639159,59.50776117932491,93.79257366498064,72.53173869316441,30.825798950482554,70.79609690147149,1024,497.7907221305481,5.711508192603152,2.3939101002325645,170,High
16,75.83468176388251,20.776028393843376,59.765220422010316,58.037614392318915,20.94523750253401,83.93119283701392,256,243.2,0.934542898179642,13.056584520284435,238,High
24,84.20243658440941,31.203584970738323,72.68851201491036,80.03557875894094,38.804903094882384,77.44747550233197,256,243.2,3.9083026862323456,10.676024603977366,187,High
4,23.17926309425345,45.76644602530126,63.706497650191714,78.70507021178977,60.68078346024335,63.786815331776616,2048,495.65378106621756,5.3108301164802265,4.461573166960734,107,High
12,84.96367440168052,66.28682788743598,21.046604920715843,74.66929037629683,65.69467392113518,82.31647227485699,512,246.47344105124597,2.073071426852103,12.33725794997152,59,High
16,58.62668786112765,26.007491664425118,96.68031934463919,46.8257033026526,57.820666529801834,60.21235431722617,256,243.2,1.173011052497794,11.918740974989918,201,High
4,86.01993181812018,95.46858389679053,21.058802190473738,68.61807346575667,98.80557186241089,84.69941421295827,256,243.2,1.6415479817206147,3.130447173241171,205,High
16,48.81715357069132,49.20669386275206,32.93937607700653,61.373613249362535,69.10901864951653,50.15554388116214,1024,465.3200778575797,6.0554432175775545,8.53376586117083,131,High
32,44.11364368447315,93.00673743398585,83.22650922006821,69.46230819028736,93.15196275969177,77.43862568808848,1024,91.1058562891142,5.087571895738155,12.374366242759987,38,High
16,92.35546592655001,82.44174422056174,65.67372653509912,95.31198613090156,11.793319489517451,70.05338137780706,2048,27.80339726250312,1.7876373198981355,3.8731619021171877,205,High
12,32.605234079356116,80.4349818012465,85.43342488387212,68.8318805895045,6.137292981347886,65.15518869009736,1024,334.59804038316014,5.154785181351464,7.941490335867552,125,High
8,85.97910927575288,68.53756638257856,56.41625695366404,40.83884751037071,31.099470201195366,75.78539836173188,512,158.7216868323788,5.106018106356464,2.8111168704296707,213,High
24,53.56185152584637,70.14270536414756,43.929391182997136,66.33020428504786,13.658893837642394,82.2655816267944,256,243.2,6.985213137688743,5.602523860613404,97,High
24,56.268589829613376,71.04025881729984,92.96609495930065,89.23889080296293,52.58685282282677,98.26561331067325,1024,184.07434338407563,3.045114152918431,4.269173513523013,163,High
12,37.76214533405356,70.29771096204657,13.262708576331537,86.8036553930901,51.898125352327874,91.65322449440488,512,400.33988687145046,6.121547711928011,8.576066900872839,222,High
16,61.57379805571141,64.29825851186891,87.05171983177412,70.80340441169086,57.50471664439502,85.85749415419053,256,243.2,3.4018774588232974,3.1182300223112867,118,High
4,39.26900766485902,98.91312147863111,30.773600666900347,54.98614077155892,74.52278808310727,73.94834558395732,256,243.2,6.335441453510285,6.747261330887693,224,High
16,13.534247281748709,78.5832453940557,86.3862694978571,67.90531977487271,97.13297002123198,69.60720598321771,512,482.9360216463496,1.0954032441431705,5.127443574784891,50,Moderate
12,34.479874480992045,82.1557110714017,22.527695207519706,73.8221331650915,87.82586914391464,51.62648272929986,256,189.3236595123082,1.6395320958140869,12.19073371310465,107,High
24,10.574113906593162,89.79702520669393,62.219706732148644,99.99228629644803,11.83672395755816,67.9548451529524,512,278.1862713400945,6.0247033599334845,11.495046597030157,59,High
16,98.05193083511709,37.25118101806793,89.92971271103248,78.65068541016264,33.851368877065724,92.41885693363082,512,424.77876316473566,5.825452106685067,2.4239579449843416,86,High
24,96.91724888377728,26.704332727604864,52.618568220900144,81.6558958037568,25.58230250480419,69.2012290988145,1024,370.9486434323271,2.4853196470704186,15.302258318168773,84,High
4,45.56397677250745,58.63155492788789,77.19100064230537,69.48724861408311,17.68173577797928,73.07924995310732,2048,355.18602959795993,4.379189067867454,12.170243771201331,31,High
24,75.55337689056815,61.12645564954185,82.42044560700026,61.26937304695179,54.47248766557845,63.591721201245235,512,140.53526373909764,2.987548193663234,10.239380436216527,77,High
24,41.12254885693825,86.33454239599342,76.28447878451013,88.77717901883236,55.32644020327305,63.70663794066834,1024,914.1771496492403,0.5670627704728888,8.16552242177027,51,Moderate
8,70.39838413773785,55.502686342586856,93.27967631871385,69.69593946035417,22.72448278880613,53.09358804458742,256,39.4590403535379,0.6696768226863257,3.6688363114815843,170,Moderate
8,82.48870387413812,65.66824204354502,50.21508074679358,99.68140779787151,71.18972503066855,80.69019628099004,1024,445.6021065969937,0.8526663756302467,15.430239654801905,118,High
32,95.20806202230166,62.165675081076664,25.58128952486402,67.42723445608264,73.29142991695052,72.40347015226732,512,486.4,4.3614690031162615,1.117875650536123,141,High
8,46.01910482647048,23.056222700591285,14.302995733223181,44.08001701885464,2.0979994833933313,80.29804037453974,1024,663.126699435861,2.3149802794859315,11.387217013448163,72,Moderate
24,80.49681846604429,69.21719172775312,32.18138826737546,80.95468822540496,39.57577037223166,77.34434500144263,2048,361.85655709575246,1.4356639390467885,8.611664868074477,104,High
12,33.93356055689069,86.24346286194017,22.88777534922179,42.79848705554866,89.0140641201621,89.94222936485875,256,154.6366086086382,6.617352204885269,14.53872835036861,103,High
24,99.12990734142835,32.60004384606431,60.215386729103244,55.0300958130822,52.03186082438383,87.55059561557363,1024,964.2338795893033,1.288571336027903,6.710459190321639,78,Moderate
12,12.319263888791603,67.54653871412766,26.64508034905588,61.2242951667942,34.76278014389943,88.57269265689396,256,23.846498254418226,4.880881156761705,8.779666284519262,194,High
12,64.31759258510088,67.48884355571315,13.504033656043406,84.36901513727966,25.36761515951301,74.96195034708379,512,486.4,6.312041188347282,12.13509087870079,246,High
8,69.35553834861943,33.1347971245087,13.239084598180106,69.65415558445677,24.33545199182823,67.69406756769652,2048,881.336096730874,1.564892837049923,1.7134981498378345,137,Moderate
16,71.9241001366716,29.87708589845888,84.84125485283755,41.7187558786154,9.976803385080634,96.67182952664764,2048,34.90888498737978,1.8957429344866483,1.8171286153753232,64,Moderate
4,20.83488209101801,98.40415543811878,63.23049382987223,77.01099107655533,81.72264190930922,52.7134886858277,1024,727.9231154495961,4.229787968243722,4.175091232568931,48,High
8,94.46768051258174,51.497533572243,42.227677170404036,64.68617424559974,8.665740539417122,57.631065392511516,256,243.2,3.804916461462185,3.196368752938431,57,High
8,26.306495114507452,38.19373829788234,90.48052384662222,95.31007059802643,29.22947658618158,70.97995460883199,256,243.2,3.886678209760739,1.0966520250083929,135,High
16,66.04780629158569,33.70596355635,16.317695026694224,69.97373866841413,4.56757385663532,80.69788262840055,1024,420.53215836496474,4.105407611117576,10.34484733159316,141,High
4,30.040847121077647,73.4081370866588,98.22898654550433,82.53850875636033,78.13865697237004,50.410018740336085,1024,875.6567121627191,6.674368953746788,12.939069511840113,214,High
24,37.649477531914386,68.7556237861823,65.4662611229015,53.13210953977281,3.928368222679046,85.96614096555709,1024,558.637453958402,0.8499472727851748,15.356724645033866,144,High
32,59.18126875553119,71.4841698389934,26.511782857196362,85.6584138718992,30.83011038682084,77.93632713949575,1024,751.9464383220406,5.442915384516325,7.613504765078774,218,High
32,47.547407670811886,27.04048220091618,71.11621890792716,83.25731862902035,57.329737008666406,74.23513793384626,2048,591.9012019003198,2.011291745643767,5.195809873623525,200,High
24,24.420304087885565,91.48276667987496,78.70431338052063,94.24490251247849,40.95613602934438,71.17475194139341,1024,47.90818156306977,2.9289048561204836,13.958536731677462,150,High
8,25.384276217876348,51.141311744723865,48.640850503369705,42.02929850315195,28.227106724910044,75.97435158703122,256,221.01353832329409,1.0803922992729162,13.665934192590885,217,Moderate
4,47.63303093465197,45.069552514428636,87.54693456209927,66.85004185704707,27.518907242754164,58.08928672408738,512,87.97593824688211,3.3965739994980333,10.37264816400555,167,High
8,78.15546804479507,56.98891577981914,23.565916656682326,80.74932416437781,79.77903060062494,55.435586963849126,256,115.62088475939075,5.72742513978829,5.09723557962902,108,High
12,90.81681821630097,51.20528525981026,35.09538252198475,45.709834004812905,97.3978095087245,64.48187393759193,1024,25.251438652191254,1.141812200464207,14.627763923589017,125,High
8,17.571489603344457,89.08616025113167,18.41431254255908,64.63624402893474,34.80410704487934,85.47523959926623,2048,426.95332922401144,2.2914233884319435,3.6760200503766858,224,Moderate
8,45.3793516803461,94.34087801583136,28.979005654661695,96.52879618397172,3.9145513609016525,79.41439419177482,1024,186.86511543662346,2.9249011064006627,1.654697554655284,53,Moderate
24,19.0221007350589,44.27625731596849,31.485593072003052,66.1560694534677,3.656577790910842,74.00615088095063,512,486.4,1.1753448200696752,12.949274270910465,231,Moderate
24,11.49332325693381,89.11486459679638,92.58698718295392,99.12428700883788,75.92134152107181,78.57604829479801,1024,752.5371621652538,5.4550592648500675,9.454885906516878,157,High
24,69.5546814379561,82.52185036264537,17.029871987604057,43.410343664789174,55.236982160912696,77.96290065196716,512,486.4,5.615155683413265,4.697017256777878,201,High
32,64.2204497769929,94.46461378758094,48.46736081689385,83.06978656845348,78.35926574173304,65.35209627449626,1024,494.1311318968915,5.933317485569792,11.06343493480319,187,High
12,24.67172024333976,39.66002497487103,57.91588185042217,74.86097417489617,69.74970102885749,54.87279736223629,2048,263.30995417021603,4.295325331241068,12.50074785719148,144,High
24,31.04315497837577,66.15673200967834,90.88237484219447,70.03238062792752,90.75063492653965,94.83911843315252,256,243.2,3.797052335553443,13.668189270134404,74,High
4,12.133697828006653,41.96356677923557,99.79265967950921,98.25084408910055,88.58242910466235,79.99556313119572,512,486.4,2.206590895563073,5.231890239529468,246,High
32,85.14524851249634,85.92755923874994,77.80493034278523,47.77902402946772,78.83273956211774,84.88739998404259,256,243.2,4.75852678738856,1.3838117687792408,147,High
16,97.72215364436963,20.42593524568514,97.37118915121266,93.7599371008548,47.518916004214375,73.19986121834776,1024,90.86524559699747,3.3896626567610326,8.650582300402792,89,High
4,22.191358311522173,65.18553303091169,80.83910192822864,81.47442466819662,30.812640760385246,87.82402899882813,256,243.2,6.810046639503025,13.841178971955902,145,High
4,30.832769238876832,47.13627450175344,96.68823768742749,55.53976439797796,50.702678744463995,79.22486319893336,2048,745.3025779936725,6.793166730333968,4.117320058929073,82,High
24,88.15685715522406,45.81469656622562,73.65436533500096,94.1001487379376,50.207160731982356,52.69005610485951,2048,563.3824789156079,6.383833356814158,7.316882096778077,132,High
16,93.38174181605663,71.59250590919336,17.178708290596397,65.75769507166079,61.027554888933764,94.50485176968456,256,222.17600374616921,2.840579397093158,4.84631102627333,54,High
16,47.76646445261293,88.11875594511952,46.17281682934089,88.85363968438425,18.60975677829041,65.27680733939434,256,243.2,2.891820959801384,1.2004397713586452,131,High
32,14.55602250421667,68.73563131146611,68.19375554222233,63.330191022844,65.56198804449888,56.89453887106677,2048,507.6778329971573,6.042375566284152,14.477861446650204,233,High
16,13.545265032353747,88.2538382917378,41.56466585088259,91.05584964599446,45.66009242058158,54.40205038521579,512,480.9529954229282,5.23937705631953,3.0257984006348733,161,High
12,61.65548794621094,41.1677689504824,34.60455263024008,78.19774710670292,62.02048319408592,86.02201569210554,512,466.03351631251223,5.078346303817284,12.501506736302604,121,High
24,45.36055980038611,61.56014838119849,61.96593404197819,48.46279801502363,23.960482291954566,85.19841834021798,2048,119.71731062860454,2.3174715720467525,6.199048476874908,241,High
16,12.578718481988906,56.04292312536608,94.01516890321913,78.97978980817166,43.4394893877355,85.00810624066354,2048,191.06356000879111,5.916765975104092,5.165228633599979,231,High
32,62.49271530813011,20.931591960247697,13.148368616453821,51.48068576211236,21.020121445252027,95.78763863407829,512,106.35876756682892,4.266233719709131,15.115433297580529,60,High
12,11.017228293012023,64.54497145125922,79.23080831872939,64.71535767364976,87.53051567568016,67.44715109988257,256,243.2,3.4046262325507253,10.857992301109636,176,High
8,80.86347623343457,72.92194593169398,75.04545502401643,50.21773505512202,48.79610450415376,78.05665281794616,256,243.2,6.125243806702493,11.303839928822137,31,High
8,37.57895404330344,67.3531523535256,96.75580828494584,41.32096694002711,22.498141557381214,80.97477914971748,1024,252.62510287811494,3.062363464583741,12.394793776807669,33,High
12,13.623220270830888,78.90239190267371,93.76401000992892,52.71319236699745,4.120869574154629,98.97409142832313,512,218.8197775037474,4.750517777140476,6.114000040339962,108,High
32,62.9516998884838,65.70716227624617,78.60093058397736,72.18232142344755,67.57386646535419,65.61730718592959,2048,738.0678250299411,3.5283836830269033,9.454967210436596,67,High
12,45.79159729897492,25.34002038806055,56.83678882143388,68.89365806664077,21.464471398975572,97.81655999519703,1024,820.3797456021367,4.3527957401118655,5.0533501607032845,62,Moderate
24,97.64203720214346,29.315641926776912,28.384079791016788,70.08982573216382,98.95821923187783,57.43671665411907,256,243.2,0.7635520657151107,13.518122732153035,47,High
24,58.977879625333195,67.7179662035162,59.071214649301695,54.86121270679608,53.37003734151716,88.2000728013921,512,312.0776027676044,3.4972485606464967,9.9896106894799,133,High
8,34.771526293330744,41.998335357891214,78.88167945276884,81.10967203685118,28.89769962480321,81.64429500102064,1024,845.5920262549829,4.117193498729033,4.651102390616765,189,High
16,73.84949781705774,26.371610322781265,90.61022913741039,82.25579720922075,65.76774337926304,90.84480186359937,256,243.2,3.7026756758724386,14.496376094826672,234,High
32,34.43428022884402,54.36821947588374,81.07408082894942,61.478069533579934,27.521992343808556,51.43427868199236,2048,300.50394154116697,6.008167421294322,9.712600007257777,144,High
8,91.38189622668087,64.34580784669242,27.574024167194857,92.87020530845047,82.02742939097465,53.90655214695279,256,243.2,2.5223058361468076,8.425457548861196,237,High
16,43.72497734566388,46.299679067968526,63.971768280525346,78.64139299813287,30.82360509299419,53.484788978457296,256,243.2,6.246497451529513,1.5173137964795071,190,High
16,59.48817064985847,77.63469617806223,39.89561135782213,82.7823565155179,98.82477323959093,79.64797277486439,512,486.4,3.122502804394788,14.647030077409187,63,High
24,14.551579344180597,71.50164864809958,10.82851006515787,56.64039507633636,60.51447854452936,80.1468033787769,2048,992.7076896879234,5.014423759694266,15.284108740470671,80,High
4,48.35091141570077,46.62546888733375,28.019884220979947,40.03669810933522,84.44111489426633,95.30524446774882,512,308.57843146387296,1.0636977320474355,9.438979417567058,92,Moderate
4,84.91271856948954,80.38980231268485,20.189858494010434,91.92253672612657,7.281546957842222,73.38017572592224,2048,931.2207407012498,1.8010015431973474,7.63770030421836,235,High
12,82.50839248270077,71.89560340264283,85.84472111855217,89.34546307478851,34.82994173861882,53.402452750248194,1024,327.4458901418512,5.447579072418267,6.393475990070354,76,High
24,30.188670296817364,70.99563029743217,33.26556269330308,47.39151328256981,73.74870861661496,60.47647008112577,256,243.2,0.5801364560011627,5.020719738040535,223,Moderate
16,30.347116390950642,64.27421606296545,35.62281719988,62.44630809737839,65.50590173405827,50.403654740892144,512,465.38395170304955,6.795430304456145,9.617940067063094,170,High
32,83.55747809919131,20.911173447084224,96.39429146189958,79.68035850331495,19.424312143375776,88.83572625642026,2048,785.3279667204968,1.7390878569108987,2.9214257952184806,81,Moderate
4,93.7358578152393,75.72057467815114,44.11780507439669,79.1266514331237,35.620293050970986,90.77997184403873,512,70.48177248717485,6.358475910593301,14.787604123677102,122,High
16,18.58248291457032,50.08334328873252,10.86270761299551,91.62102008851339,26.344340748754092,99.8970208142068,256,243.2,3.8536426834708575,3.639381070867312,81,Moderate
4,50.505277548360276,95.40877681269245,35.546153351152284,48.41608969812572,61.3370169761843,70.60972245265472,256,243.2,4.169739884831346,12.18269893515276,200,High
4,40.370885106780605,85.43878168617643,20.73696225416312,65.79638486710712,34.4568229458775,50.96491877007963,1024,477.42340286829807,1.0468566218116628,5.603316585529773,135,Moderate
4,88.36196099116954,67.01555756250498,19.252770556226857,45.83346507558549,30.905424200034982,61.73649407451861,2048,114.23968047242731,2.8739219020228908,4.391066165180174,127,High
32,17.51724232120169,40.17455854554156,16.973856112217454,63.37571490631769,20.73779804363417,79.3884433831648,2048,252.35696334996496,1.5154225950732592,9.368037690321696,218,Moderate
24,29.001334830223367,36.29739146221333,63.39335231578396,40.906446735262264,40.902712091464835,98.09714835263682,1024,682.875646399855,3.9185547133461283,12.476874717392576,238,High
32,77.72215038278449,47.230787014203926,27.041295126687277,93.89638390660761,19.550259019655357,55.17892757353972,1024,896.483011645312,4.079758946867672,11.901050034104719,160,High
8,14.616446408309402,58.125435486401486,42.51185146369094,71.62263980972087,96.25695873776323,56.07865100803714,2048,427.3925209304837,5.112835172298017,4.506345263458112,225,High
16,54.32818426428604,43.68524080311577,87.5815944517015,90.98813564814122,15.45018114953034,85.08794926394715,2048,564.8079147274766,6.208808026500692,5.957535254044014,88,High
24,49.7896331211748,61.194359631398626,48.19043258166481,43.59428206020183,91.33047149587763,83.36035275107747,512,236.10118635959344,3.5431688057540947,14.032482745005641,156,High
24,40.09610610898738,33.22963404105487,92.41222150464738,53.64748662837524,42.8473098156582,62.52531776559165,2048,418.09118089650275,2.016842405523943,11.848656167746121,211,High
24,45.51150837870314,98.21702502603999,54.81442480560457,55.562799713270834,37.78659915617221,90.65723955072595,512,343.4219096927866,2.6682157993707216,11.69040858028843,98,High
24,57.694652823720965,28.63396439719951,45.89529533557802,63.201489678327285,23.131980090484884,56.438937773873164,512,486.4,6.006083784103092,5.0335761449783645,155,High
32,24.523062254954482,94.55553117234976,77.53500343816314,88.17198234385276,63.57563343675191,96.287092238838,512,486.4,1.4481126530119495,12.880064615116533,159,High
24,61.47962904552335,93.08624091221559,16.58575888912019,63.19347242388956,68.55280150108364,60.05159651662107,512,486.4,4.577164509201436,6.376266931486567,225,High
12,82.48890963699877,62.02883854555984,18.053054468417564,52.27921177877962,46.757096225241746,54.06761863615025,256,200.2429390769233,0.5850582449782662,7.020857802389648,73,Moderate
16,78.41448368111432,77.99282174688675,68.67763425306646,43.8994156203261,5.570689569342413,66.97610432369274,1024,581.9018073736992,2.0968506349525775,5.313416335010891,157,High
24,23.85099142243963,54.88386383780703,53.82466419153234,44.76950490116125,91.85101506885499,59.392064426727245,1024,75.74759779891757,4.344155233759487,2.8208537055886294,67,Moderate
16,23.43245227673265,70.40276620339506,81.13737252872892,85.60283235765864,98.0329132876381,76.34706125180165,2048,254.4463319742092,3.46667826001736,7.3059034449369715,217,High
12,34.1356930970422,47.2460749936895,92.46437536091783,66.68817946219798,43.1043415211835,84.3423268685863,1024,180.4954992997865,3.708071686581004,1.254092528835529,184,High
12,42.49672537069335,44.09272158283563,44.953018990439276,83.57086732000091,61.366080740932716,74.54607892391456,1024,342.1900822630683,4.793653327987439,7.838653591408896,120,High
16,46.76100232676343,66.2583828935611,63.67690239261816,80.93722730582185,45.02986262437467,83.03036659054888,256,243.2,2.0248091587206885,11.875096571547294,155,High
4,71.17274951500107,59.85037393471843,55.06269650157789,48.12174770561547,32.18796508861206,68.24602571999922,512,486.4,2.3252321121222654,15.411175491467127,44,High
8,15.101238894925187,66.36290953199848,98.34495900781896,48.573276051536034,7.731879285780763,51.396129861931996,512,486.4,4.948978348281002,2.179197168490501,196,High
4,13.120543380345975,42.93284650296184,84.79759666209357,85.32052092604803,45.60677303972989,98.70320621125745,512,220.62135145002358,3.998894149035148,5.219360562632426,195,High
4,45.27195066495181,49.35662654535962,92.05639374496182,83.27609760912503,81.83845563594515,90.97067522699976,1024,370.5670547914008,0.5948143576823796,8.411965774175503,211,High
32,72.74473229241823,26.711836850312743,32.89060788198438,62.68184601245862,1.7031461088003574,53.670941204231404,1024,336.5540510245448,4.857130669355367,3.5558192305287446,92,High
4,27.40918086608343,24.182109781776457,79.5273780846335,44.645335799970404,58.21076831802223,72.45881980781672,2048,243.60398970033063,4.530598264889807,2.75242783114457,215,High
24,67.73540331306265,40.2765703738413,33.8925902497884,40.72588130190713,88.07721087266889,81.75095350359373,256,243.2,1.0109492296887794,7.784771581758258,91,Moderate
32,33.38453241462695,25.939748746443662,28.78682800855509,57.289416967704696,21.7549430014358,59.529713528631895,256,243.2,5.35887671646641,9.710957933383101,107,High
32,89.74774979321647,28.301976690779256,94.98395436899958,40.553336415233616,18.32558646890622,78.89943056813857,2048,941.1038906946025,3.8936594831559597,13.303115898195433,47,High
12,90.61209498399549,85.03427243151496,11.737397504607998,53.804357266222205,77.22766257019431,76.68243090588436,2048,396.56873911445956,1.8308573457202375,15.96705132691268,186,High
4,36.75584838531938,23.109895761335146,96.88498332970867,65.17004441268031,25.50864311192933,60.41325942673524,2048,212.05076195325432,4.1358163927567775,12.61406169980777,100,High
12,30.699437856691645,72.71542351477942,23.433570728992557,47.284945918717256,19.198426756064848,57.06051546387266,512,128.01426737588403,4.370480342111521,4.320106779494804,214,High
16,47.017357485960815,41.804619905232045,83.74942736139414,46.25666546989277,37.79892505692351,87.94811448093188,512,486.4,6.480771739736542,12.219671031418713,53,High
8,31.647842666213386,89.72365445665011,34.83302977612928,93.7862461431242,39.2502012270218,66.12932230748169,512,41.776664080227455,5.323938766082608,9.057304364786235,67,High
32,70.51454589625334,58.79938276619996,41.563209468765464,75.12820174137335,87.4101063016566,62.20202669211217,512,486.4,2.462508304192795,7.762143635551584,163,High
16,84.34582160934569,44.44611674622606,29.508194018978646,96.0673412057669,61.84434719336769,86.89391764029943,2048,424.0092996676929,1.2678642891672516,15.035927408609044,177,High
16,70.57829178200953,61.411114855154764,62.696263823297166,60.74956982714075,40.59614563395893,86.80343460114909,2048,254.90060757351355,6.045696468525075,11.531388803794922,199,High
24,84.19154025244146,50.55664152362151,41.32859927570867,80.62869623974979,53.43879642857669,63.82008281681146,2048,621.2716708932088,5.999439971190399,11.225396103159369,231,High
8,45.72929459867267,65.14408517358642,69.16537355451969,52.281500477307425,95.39652333252742,93.62842306259269,512,141.58386191782446,1.639515095705722,1.1763394709140031,51,Moderate
16,24.06852736379748,29.16262946610786,11.408258614785938,77.10041903679647,11.321467660989537,84.41250825361712,512,81.4241178306922,0.9038527037862631,13.976072370696745,190,Moderate
16,76.41558526578329,99.75924022500409,15.793739516353565,47.77514380059907,20.771552172469143,67.2882108910769,1024,829.5055183904713,5.127120223804253,12.899507161154666,244,High
8,42.44270546273985,54.044470215737405,18.96950374581238,40.12483835057714,96.25287065865552,71.37448250923295,2048,430.4240668790735,5.196781900437147,5.484128168956639,75,High
8,70.41437427062192,47.8584511765895,47.7094316779208,95.89190808457474,95.73248485272042,86.3354842965309,256,243.2,1.6514343990849638,5.3817011875991305,211,High
16,34.35795477835891,76.8167878653012,83.33165553939784,73.29366257051257,17.716542126477265,60.579191644774596,256,184.9290487863142,4.843377087123461,1.8021769007785007,134,High
8,17.31066713260054,49.1119525196266,89.93601193405443,95.61643976692237,14.510881712529821,73.4380396237612,1024,70.81000208167286,2.3130043405300373,1.7628463559301575,199,Moderate
16,99.33236159389871,86.6619444023006,32.032966605481064,60.02989142212432,42.10851343386198,82.67791711290498,512,374.09837132532823,2.1940106817972262,11.02891770192522,208,High
16,24.058135713753934,56.34165794883402,61.69327518151126,59.66716414970541,4.971829248796911,76.97492740043566,2048,511.08478985628847,2.609366571587226,3.793564193616691,225,Moderate
24,98.95788945671329,77.5646730612348,79.15284934233405,64.0393001063819,65.49035322851401,80.41641729522466,512,486.4,3.8825763823595527,14.853217747578258,114,High
4,97.95519393098026,28.596257315350925,35.994648692764784,82.3624590374901,7.749602166174219,77.31062497383898,512,486.4,5.728950501636048,13.636066420374288,85,High
16,81.44362935172357,87.68953484440894,46.81069630626459,73.94851805117045,5.802962709428073,59.961372189501006,256,243.2,3.7411843807825704,6.233277400482756,106,High
12,69.34806658737978,78.85743894224879,57.15767824171425,95.52129442594708,48.518693620884925,70.51026724863107,256,124.27845187757073,2.4372775215564833,6.701028277186532,71,High
32,62.002634522597624,36.93734227695725,22.138736176724294,41.52645406794636,95.77866361101015,76.59927477387728,2048,73.32314432351211,6.24583294162702,5.909148412821709,42,High
4,87.94913908400513,31.622880779662932,12.338406435320229,82.49175627835218,42.679593606315954,89.00313711729731,2048,167.27235450201712,0.8580847233753703,2.3859236978763896,83,Moderate
4,36.04955694575391,45.30338789804995,23.75252283864549,59.819661361993255,35.64811586605511,82.69521185847714,512,486.4,5.681094645337523,1.4714523647532691,169,High
4,52.091309123638936,98.08564688255234,66.41682591281801,50.81401910910767,99.79567155022859,71.32954725929673,512,486.4,5.598481426492063,7.7819973750984595,245,High
24,65.74509724298517,40.546525965364694,16.62564353803135,70.62373735120593,53.196896077918346,98.71999160795727,1024,149.95412646553504,2.1480542660032302,15.145601717372415,64,High
16,47.007142828254196,56.49017671573066,27.072672836511547,70.30382705079975,37.524140689024854,55.389776083986256,512,40.678771668172956,1.7889186863818178,14.758739812287029,112,High
24,48.473780868124116,22.401618057386905,40.40684971257733,48.2206617213057,38.586081334160184,60.34024342774842,1024,688.4291168500436,6.185553649721382,13.147581116820467,38,High
16,39.72562007518759,51.778202365298604,17.008305787572972,52.11376336797339,19.495949603351047,67.0656305015832,512,486.4,4.132663408142108,10.428923911645072,42,High
24,60.780863501608245,65.70560123464821,27.252934404547098,64.48987989409329,51.222305744753896,61.42860384939551,512,486.4,0.7990738246041951,13.843336100371733,51,High
24,86.55170752136044,96.24996900063721,92.014281008516,64.52868474353892,43.88550281680058,81.27209984030057,512,210.7709908089274,6.290411357036428,8.726027765973463,69,High
32,28.137554020568157,61.338883595205154,11.736921900428628,59.05348837718108,27.07952963474134,51.977536466812765,2048,587.9302182530822,2.7685388983118795,3.702401995309476,193,Moderate
12,94.09897348780973,85.52858609421503,68.80887317569258,48.91270909059885,16.054008660175977,58.871839213670796,2048,759.7920634192858,2.7240175997651717,11.262555216838477,146,High
24,72.01788883734068,63.77021140551204,44.59680378236664,40.26242074605877,31.123886866755367,64.66736188293022,2048,263.2704175015691,4.681371591539176,14.809690527677429,249,High
32,84.09458914120272,23.262801074841448,70.5383865489134,98.21410374568123,50.86833276877293,84.16728875396583,1024,532.4435933557585,4.7985211281907425,1.2940764610862017,156,High
8,60.05716233670105,45.20066201518192,62.98225483270641,96.60995378223562,5.833327228480167,93.7932441290564,1024,321.3157999340326,2.7965547853846964,4.7716607831189615,198,High
12,80.15650312816571,66.04396062648826,30.114887891917984,69.01902275056811,15.374402858395598,89.92458852765273,2048,233.31966315375092,1.4313130313297244,4.981572869069072,36,Moderate
24,11.458035760552049,96.04751727448995,86.24885388160497,99.70310519650035,94.76572669690954,59.104046662512744,1024,969.893433503144,4.089753461902871,2.485593079243914,84,High
4,83.65423823015817,88.73042878009866,54.2746344348421,80.4192598469346,54.285535103133896,78.27028792205346,2048,913.456140783057,4.563664570389061,4.38241332097824,232,High
8,13.612497317682987,38.268449134307815,84.02824170221245,44.13145225645249,6.344930366003787,51.50113226723436,256,243.2,6.091445372883329,6.759731168671282,150,High
8,90.09220387265762,37.60878640153308,46.54112825693973,47.06309194495764,69.3087758769573,65.52683876764306,2048,145.4102804533366,3.648859917872928,15.09753137272486,108,High
32,99.2766472514779,36.09383736911206,98.62169985237152,94.96665063217827,6.180287007903473,90.29918974141634,256,243.2,4.697024517193442,13.903986536901947,170,High
8,36.46607159591,93.79991170420026,79.34404226511667,77.80313212897771,73.8874227046373,72.83328568716698,512,263.1441188269381,0.8536573808031888,15.190093363939253,128,High
12,28.92867006572143,88.21329224813765,96.93551846013162,90.59101759944107,74.99627217200269,57.49706611379173,1024,176.83262777971356,6.314398851340052,2.808576650835088,177,High
24,78.88270274722366,81.9906745802359,56.289383101887296,93.89617897803066,65.10789757492526,71.92766907441563,1024,387.71372756080274,2.626902785843564,1.42072692428885,215,High
24,32.77237068282279,51.418809137938204,52.63220190616304,66.87652067694316,73.22045446193496,59.90164627311141,2048,534.5513110750717,4.6094373082250275,2.648247466166575,52,Moderate
4,87.90061448549831,60.35045634390134,77.99084283927321,42.911557094601584,8.796578101305775,69.65957289319815,512,106.46592652221047,6.4543356035360695,14.714434522789407,210,High
32,19.255833294172902,57.146539583612224,89.22621367120871,51.29682093383932,72.67805523552676,74.39167363739217,512,486.4,5.7684175983704655,3.3623295780332594,66,High
4,21.335967674142243,40.27184860474981,96.77312162790022,43.994316838146105,13.668831972388295,67.47790562555141,512,25.194891014995306,4.645075073606127,9.589550598587874,49,High
8,98.1236399590554,60.402243691901354,39.20967154292498,51.32439074191044,33.950590727184384,96.84844752169305,512,486.4,5.073450882455554,4.413735547911429,149,High
4,70.64550084430041,22.43972382822036,81.8834116458375,64.6319755873526,94.27452535006329,78.12651487781909,1024,921.5342723860779,6.485883253772346,1.3095313737519922,176,High
12,86.21985019860576,30.544829879796733,28.958103787198304,47.09180863089912,50.287547765914006,92.14463369734483,2048,735.740065776733,5.7786056709541676,2.269320132138665,175,High
24,39.18964396163662,90.92716769351571,59.10169120709007,50.003994868320596,96.74264320830139,88.03642735277901,2048,471.88391448843583,4.4640838934915195,11.646955344496197,97,High
8,70.8835374568544,80.13438136251386,26.186333356827923,66.74930692430075,8.892245888673756,83.05831546338882,256,243.2,4.781567590362571,3.7354967802000867,218,High
4,63.48176445777375,53.82947272472697,41.26576255753049,60.41025702330937,47.755659956318006,74.84443741512911,1024,746.6709698042825,1.4572447570738774,4.437088081502191,229,Moderate
32,64.28351081106523,61.37202898271018,93.82225304858133,68.05948745128245,6.240232027687065,50.10868918907938,256,243.2,3.556089918508898,6.658847512355287,75,High
12,71.42792135839494,49.59991087679819,23.148162979577748,65.75032166554372,63.02102623992848,80.6733800276042,512,166.94836784846518,2.456484709943832,10.858623402042602,205,High
12,61.78232558161887,79.26238937285379,66.91608056216768,78.66868155879301,7.870700136851639,67.79787265012489,2048,471.16376940472105,3.3078091242494563,8.040585894394994,49,High
4,48.615613237239934,82.73497433856636,63.3658845634663,96.23137293255127,17.53678025403773,55.88810834006594,256,243.2,4.804604677949916,15.169153239906546,101,High
24,34.83304249424921,81.06281521625273,20.86645174380878,46.47186030665455,25.883031006928046,72.23131318060388,1024,363.17437115545084,1.4694821084114114,7.512732861094951,226,Moderate
4,79.17231978218818,77.80893798675596,39.33811393919309,45.95560895855169,74.87438516644832,86.77766611416524,2048,411.70020350970316,0.6129437637981701,3.9869638029620753,134,Moderate
8,30.36451870028676,36.36034709542366,60.66833540637391,91.16836666545412,16.396211881807478,98.0838897349352,1024,952.278380927625,3.0800086210127424,9.042142591135121,191,High
4,72.31188755389728,47.0375983392383,26.846074808964122,70.38380227914755,84.66320532930678,68.7052445561041,2048,266.0507961894127,2.5941980441723715,7.763344226423006,133,High
12,30.999954038439398,57.587634798694,82.05612907715339,85.98430141410654,13.190393883080088,77.13616493524884,1024,497.7490807025716,3.2328083880610974,12.807075078025447,36,High
4,66.27971529590084,46.46343931421245,97.49408585812749,52.92531421643689,3.5244449070156336,92.56221916817924,1024,951.9725969451724,6.552935982398374,15.026818458092235,79,High
24,77.2370440416126,80.39521601266631,29.328345996622485,89.73175439005311,39.504541896966785,66.69997099750074,2048,481.29632131613414,5.096046657896483,13.54442842054761,82,High
32,29.684250001588527,46.348281939996376,26.822076831151833,95.43079745156176,97.94416419712951,57.11286224854077,1024,864.9635267022388,2.628482034894541,6.835595873889133,243,High
16,15.394897077517745,31.05856694282697,50.944156461770014,78.12898093278929,11.034222778877723,64.09409156163446,1024,68.17712658202812,1.6653123445385702,4.241741834370395,102,Moderate
4,21.78763686947567,51.923236163864324,77.2988749426029,46.352741288428135,10.171844403962904,94.9561414904194,512,486.4,4.520108912670087,14.71733405520891,40,High
24,64.5397270543923,98.39315462259043,35.34405492117263,93.71768884938032,75.11665107956239,57.969655423091886,2048,195.6558355557904,4.774245634811771,6.7890947715575205,233,High
24,86.4501765603162,38.07051303468607,11.789191782755235,87.54926364220428,31.21616939935653,66.4610530503391,256,243.2,3.6435474452059275,12.553099351730653,165,High
32,14.049713911188192,68.97269271545832,58.70985652296046,85.05266659086939,71.7281617225717,73.23201552501703,2048,183.82109660596294,1.8829450350440409,15.842910118193359,61,High
12,76.07361331374817,54.6378439871765,96.09405109905768,42.203691334354936,20.001058944336336,92.355661174546,2048,449.9222883170244,0.6856091954374475,9.661640222729142,220,High
24,40.71867813550469,25.68196541194613,45.2149169866251,87.93775151541827,46.00719941981629,96.88566418264872,512,315.52834665681905,2.226794533537271,8.198207025533282,212,High
24,53.067553292757026,59.03012847984476,47.812109876479035,48.277060628101424,26.52898777489179,71.29051548166274,256,243.2,3.4716082453861965,11.498061737218231,216,High
24,93.59735948610091,76.173146291865,97.20115454026342,53.3431705718133,45.15282148790869,96.59770241767578,256,243.2,5.6215728618761975,3.908964711859613,92,High
24,39.87743542622609,61.0575980662255,72.51468504640556,74.62809009215545,76.90970925853038,58.07295474288773,256,243.2,6.049399887493619,8.323596081979751,174,High
8,51.880324054553746,89.76848509972649,74.72547305579127,55.89884637501298,76.20099404776617,57.84261459481852,1024,312.6677342323608,3.1840746378352676,5.684961356654886,183,High
8,11.2314173284613,43.11496133260661,60.64318048339609,79.68089237871519,51.57722876737236,97.46254098173989,1024,656.7421629435808,5.67480635544293,3.4634180601351985,80,High
12,17.343884800435454,26.899933704317192,97.71482897769174,76.4842268619449,92.8371843721051,75.48400667641656,1024,146.0730147028006,6.956793353082494,10.152048235464292,62,High
4,33.27324320213056,94.92524893264049,71.99798359830004,46.488975880795756,26.3784102448274,59.295391767697694,256,243.2,5.157967436539491,9.6355912818722,55,High
24,12.506701673896696,50.25570796225752,90.55294764446525,79.36087477549037,24.03113511192331,74.39951852877809,2048,547.0828640744182,5.235893705409144,12.418053996138097,51,High
32,66.8237793443426,66.11244411629067,72.94409791598991,95.43729458949579,61.38064011754337,89.16055776895257,2048,979.6516632860026,6.411987260073901,14.094551863620419,224,High
4,48.37585211214603,83.36025009041568,76.16042423563563,49.666594311149986,62.129703421678904,91.34601828617619,256,243.2,2.6979368347099144,4.305639790313339,124,High
32,59.333068245521986,45.94509311004644,36.13698299280219,75.82372125657324,4.654003956497399,93.19846283246211,256,203.4933962268938,0.5728350548735632,12.695539780807003,107,Moderate
4,25.71824673066966,77.29316305420889,37.31308282124371,60.51192231620165,60.77777123868976,78.47854515437092,512,352.5588094465737,6.915352265892045,6.510777411293936,239,High
12,36.63388264929545,30.833507985426245,80.46861846184262,67.57670030641624,37.443615734901435,93.34730071839402,1024,739.5959500325594,3.688042504861655,10.432084026901371,133,High
24,69.74420273674525,43.30349977644042,36.70356602529097,57.22001074473819,74.74425253205591,75.50151044016273,1024,662.5154557859172,5.606904355555125,13.753600413937168,220,High
24,96.87724512673599,31.57685089092159,60.64930637213784,61.24783818086172,80.81056645452729,80.35299511955387,1024,780.5639335415478,5.7811923944604215,4.842776729287284,174,High
16,14.537509624198828,84.89844467210862,32.44170798160317,41.734709395993434,55.21538195470366,87.93599011358226,512,82.735589282167,3.083858401020189,10.014419259487557,70,Moderate
32,90.13458887697395,37.81193881814283,83.52850427281625,98.89310427503324,0.17050315022650864,71.27176463552543,512,486.4,4.018274803695069,8.204783158002714,105,High
4,61.919308118008765,77.39228443241683,19.9451216104921,77.4879953243649,63.63658101666421,53.67907435693874,512,486.4,4.0094509194074055,12.858659401760786,68,High
4,60.75276100800613,95.46387177965221,84.6501975785498,70.04233542963311,74.88812796659343,67.50831784288488,256,116.82290028676157,1.931404060737628,11.458619484116578,190,High
8,55.02506816869843,62.22177672551016,64.24568204568416,63.0229209700196,24.898326623151423,81.19721083979802,512,103.3919063238491,1.2646530703129075,12.544477538548625,61,High
16,16.245467731376504,63.20233538085502,26.821858134436955,72.36247352944166,46.46460011407888,59.616618481973845,2048,719.4383208743188,4.033219982127065,5.319146944048121,178,High
8,18.08891665625446,56.88268544782496,58.78318469555064,62.80635992294824,96.57266234117883,57.419268174982,256,243.2,1.2809309745345057,11.56534441133644,210,High
8,64.08208050931775,46.071211471491424,35.424895316260645,61.59447564962039,29.811555339410344,64.65402722957188,256,243.2,2.7495767050868354,10.087088113894279,221,High
8,40.68627142920025,58.05240247399337,39.11206012574469,67.8367925033208,22.31532510417408,51.60557311389107,1024,549.9306679198563,1.7095416556661003,7.850206840686351,107,Moderate
32,92.55412599199126,68.22460258134075,41.63752374371923,56.55898202027145,21.085479047801016,87.171144904346,1024,972.8,5.094954703838058,6.6751553555222545,95,High
32,46.5931483623525,98.87932577365275,15.698732227508884,50.802993998007125,55.88008343539963,62.93578010941694,512,486.4,6.16805754774992,5.974000461931463,206,High
12,22.895331283237695,95.02116474545794,98.73655159612757,73.39635389081761,94.97871013080065,56.211919831829974,2048,681.2920537460946,4.25644496403917,1.1451154195424493,100,High
12,74.32469501518324,88.97223666344973,12.838116531810169,90.56592616901807,60.86901292003547,84.95647079817176,256,243.2,3.1660127466153836,3.543378269601815,236,High
8,36.40180792969089,91.13044285638867,69.62471858658506,49.16969066355354,30.332312023765994,92.1464006271644,256,243.2,6.978177165338521,1.8846731833510972,60,High
16,57.29232766203039,57.42793466336344,43.41048829816875,41.96406043625312,63.856977806745405,50.99377979308892,256,243.2,0.6378593791025049,13.725363139445038,121,High
4,72.8049506954653,72.59554617419718,68.1409261852029,54.808704709242164,62.48422975977874,61.67998853706124,1024,589.4876546226391,2.4782170473254976,13.901333056226232,198,High
32,91.02377000818633,91.60533783489713,42.06234277788254,98.78323860722864,59.692513572965424,97.26161624347917,1024,791.3889642315813,2.311375492205503,13.692900050339015,229,High
16,81.29720753215085,51.43606119930824,70.63755816329729,89.72548442460035,15.9426206888302,69.26270679663877,2048,455.3655644714618,2.815323387376478,13.268796465306739,228,High
24,70.87249610854516,96.9409982676375,75.63119585215247,75.7519632117158,63.45667993449942,96.92960316909657,1024,112.04290028501131,1.9988723175302674,4.319956802919653,193,High
32,71.16698641556292,53.26288496553464,72.14973763596802,95.75493491458815,43.016445251449966,63.71062691853387,2048,339.3595936572298,2.217708430304463,8.37679261766011,103,High
32,95.13321796288778,68.08661323145725,20.256578322233704,66.71674701023468,1.859205862303337,60.9033817785966,1024,169.53770234547954,2.1749012144626274,14.617656579525955,196,High
12,36.62416877468824,76.78437706178975,69.12039111892162,98.99683615451043,53.976448714749516,60.705420586399796,2048,784.0144882612473,3.7873363298907985,12.396726910705963,140,High
4,10.100088477656866,96.04736104607507,35.19887945086876,57.77812270715704,98.92667452184176,54.261433021246916,1024,703.5068697605193,3.041859300723802,1.0273042893154134,155,Moderate
4,34.47591034583788,39.56930192418128,12.592123351240016,54.41834497095634,34.97395908439835,94.82161442545629,1024,97.52879316416025,4.655320662901905,7.891398646056902,123,High
24,29.610224166406958,79.69047825909138,47.334760470005854,78.28289206882066,96.55592183186582,98.99175113164506,512,486.4,3.8436075391399553,1.1600529888948192,138,High
24,69.56511266025984,61.66524689152658,49.018879252342096,62.68923807702163,9.620574166259455,97.7254403635819,512,486.4,1.6922420404032483,5.209915704710123,133,Moderate
32,67.03404397889761,41.48457124965128,52.045672001720185,77.58193251857547,73.24501158673063,92.6014069913637,512,486.4,5.765292363074301,7.536436618403275,198,High
8,63.411524443425144,82.12854718371125,73.43417488516445,58.299731098161146,11.432999466283533,92.34439538254875,2048,516.0007938545772,3.5692687892136212,14.393489389754185,70,High
12,11.461909888850833,64.17778241390772,37.79594282282132,77.07509541027946,27.357157355527416,83.05427335844938,2048,318.7446520894984,1.496004866388888,10.815764262209898,34,Moderate
12,75.59002490055828,72.87790565197406,38.37524617935303,56.544775635102184,57.08408353221244,91.31068559753068,2048,888.2257820900367,1.5847189790363043,6.437268482348614,242,High
32,39.11773712369424,45.83208548623208,15.449703061713453,43.058324129133396,59.27796939767489,60.41711821715239,2048,428.57683331960965,5.680294668113213,8.359823536793815,35,High
16,69.8550390105968,58.5019161462084,71.81390943930663,94.728154115391,77.52113172341713,69.39563151935643,512,486.4,5.069455697450152,13.26084232895461,91,High
8,60.0920585651938,69.38834007904536,61.10434822596255,92.99231211240773,61.53114072274393,82.04181466473739,256,243.2,3.7924316915084466,5.494833986705698,45,High
32,40.84578328851165,52.39286514158752,41.44826014244093,98.24788895636031,59.361470438056074,93.73856662807981,1024,818.0646956280511,2.4895298133901607,10.225521632029997,237,High
8,22.1118640393697,35.8698031878161,73.46700810256192,82.99163057328428,91.23530869891383,83.02347311843918,1024,972.8,3.4933932391809943,4.933703258317757,117,High
8,18.497700789443286,96.93123938522432,58.362197430418945,80.96327066411817,45.21607522091572,91.9510979167103,2048,751.2709307142349,4.637142991397282,8.199451558354937,139,High
8,84.83664998010012,60.91740320340939,52.23204512834857,73.54018420448985,22.526577869505505,73.69747579246487,512,43.700526361461925,6.215335063291844,1.3698775534309502,176,High
32,92.65577878734022,78.71362962301603,56.01920892950138,47.55654498115136,16.178858502363024,85.86518688525221,256,213.37959563093747,4.113141139911736,13.784129792375378,112,High
12,68.48092420878696,52.88377548448465,67.27133127403508,51.3541186569562,39.999459680949975,98.99904031875434,512,44.84319882191287,2.298779416029376,1.7252324726826993,152,Moderate
12,19.309070337443504,48.41054112205731,69.40023441171395,57.36818132035217,71.27527551936957,57.67442785648789,1024,198.01443424227372,0.7778094455076109,4.365407497576476,194,Moderate
8,46.18244951994166,52.57314387737,36.006203722664544,93.40938175440365,4.25434849299009,96.3460346157945,2048,70.82511557925218,1.6404578634588138,6.002678184382158,93,Moderate
16,75.60452800946415,52.73573150285198,22.66690270520379,50.378171476184505,12.905338650940612,76.11819739209514,2048,506.6008707743904,4.726154534306008,10.377416751507724,216,High
4,80.18387956090613,63.53440927535629,24.097076307146686,95.37239046927344,10.611346010363942,82.1609015365029,512,37.92415100174703,1.5428402843570246,11.800501983625836,126,High
32,20.639676006197973,63.477589598509056,67.54517973127014,71.36714398308503,58.52501530514588,93.89345034552564,2048,477.8533086191069,3.630007095432431,2.2067656342816497,98,Moderate
4,10.002764696084418,59.77230527062973,88.55859571904134,82.93417812838433,24.286465053126626,70.48270862761585,256,243.2,5.043207600596505,1.6519822882718556,230,High
16,74.09233412925445,30.782862793395047,46.85466505109966,46.614669200833994,16.62594283013965,70.93462874450253,1024,751.0902524490614,2.50346185912022,12.984848299440232,242,High
32,42.09365583875851,59.68603828004249,25.256814429651612,56.142012926554656,59.27707197430223,76.35909181735502,256,243.2,4.84918828374736,11.682498008561895,164,High
8,32.90331984564342,33.52831203365212,78.09422484644692,97.51111649088557,76.13099154523792,50.95510422484253,512,234.38030601895522,4.276968400710821,13.473255313819848,71,High
12,11.16077228105729,30.09086290366121,84.92405269775037,55.96899681578388,33.21549164526644,74.83330904716755,1024,535.7749582412408,3.3531041950345704,11.148073977752745,182,High
4,58.62694660853497,94.61165738729342,89.25241988088699,57.791303223468766,57.820460567659616,64.55436324971151,256,243.2,6.332095612747697,12.265184055349792,85,High
24,86.60356618833836,68.39600105181634,64.61482860223599,51.85584309046477,9.81244131994602,96.39770911958907,256,243.2,4.998382787778384,6.685575745707172,204,High
24,96.1868481645329,72.75920464996673,87.46557034492763,47.74441991840977,93.519103045757,54.38676493765156,256,243.2,2.8438807154917387,9.852764805924547,114,High
16,60.91704555519603,52.1434936266691,11.387346260356692,53.99545848723988,33.68961853147729,72.96602310099009,1024,45.824269171106515,5.72771946791602,13.08088514305214,137,High
8,56.30151949659047,92.71847135318913,19.651222159257117,78.53961351704791,99.75056931735013,97.37340851886805,1024,240.92357386283328,5.297664392102866,3.5817630160977565,234,High
4,17.6550746940317,71.03443916637323,18.331846034688887,67.32206401021381,97.8587755849782,95.05176251592388,2048,707.7250514515574,5.645945775803068,7.342344412392874,207,High
8,59.39855213883398,81.533589561887,74.13442158292597,73.22535018027392,77.88234493358115,85.0674221187275,512,486.4,4.666213889766464,12.107346527197919,114,High
4,44.19811710688552,49.48499752221711,16.26236051892211,47.34188972596146,2.0067095406966717,79.46805259980374,2048,573.7568538126283,2.965909002956741,8.98954857647778,231,High
16,64.64217527952192,96.80095046553004,54.672793521967634,88.12698682977401,54.34749203843633,64.036546856642,512,278.1207376691899,2.7657603514277493,11.224861793892574,245,High
16,44.9853713088892,85.6369032126652,52.54362087726602,87.04568203479087,8.68364204400115,68.34785563762274,1024,411.0332755555126,4.751983844935219,5.393037938137209,120,High
24,31.626921110533008,88.31587704116349,37.96331712024168,41.295394668560526,89.51380259615162,54.50674323770636,256,105.07644376257073,1.3508500517848576,1.4851367697652698,62,Moderate
8,18.546874770553885,33.77554139406034,88.33646529478898,63.0109056706183,78.96362526474029,89.30541488791188,2048,953.6478206246658,5.829443278240742,1.4371866963156423,55,High
32,38.34266001300061,41.67705662969756,25.338988169199638,44.12623611826887,97.2340376595683,66.19348839519058,1024,869.9906964981852,2.907179995987475,15.141717647955215,46,High
24,18.698035085897708,42.85012797468617,41.721650595931585,87.52634676489748,60.83829531497954,83.38909495151037,1024,74.94632343838873,4.597417930876068,15.16810065992562,50,High
8,25.920725574158553,41.672737859749695,79.67543500206362,84.23618098754227,52.2172804484338,67.87973885993067,1024,174.82575900174717,3.7439154470672174,4.169235099319291,31,Moderate
24,98.86025427215914,88.43265296834304,12.738008295395582,94.11928565758936,51.89738559443876,73.21652206981314,2048,585.283496776866,3.87562219816025,3.2119848695641604,108,High
32,49.96932012159568,22.55078361668737,70.56553602217318,54.184237537186874,38.64483744543449,77.75012361881974,1024,240.10577338792373,5.297039950308756,1.272097508395313,73,Moderate
12,57.86845898545149,26.087999118461944,83.47579537254136,67.37775298766793,46.869006722914094,90.09262041953018,512,486.4,4.57335534886422,4.468852844728877,223,High
12,88.62566758634938,41.9131896503923,93.90410549543505,51.06927262986386,63.54125831353503,60.55781887703402,512,486.4,2.1270084242471374,6.015271617318604,100,High
12,99.6012010441619,35.989837971955495,88.86669764423364,62.274096068447164,93.29476075562772,69.93826934149283,256,243.2,0.9824685542542957,4.6186395045682165,65,Moderate
12,62.44430044102134,38.54876911062787,38.74457051503167,71.33459509401304,59.588433825603104,56.50407859459088,2048,16.040397078571374,5.961521437874392,12.96076210459302,75,High
4,83.12264389397545,83.835455140264,62.77277271906573,43.19984739031534,85.71159423173673,53.788025246062965,2048,801.4529172909449,6.251811485887075,12.24145748913153,207,High
12,39.424692190300775,65.05012751136375,16.956414383541926,82.89222464064312,86.27799113025006,80.2337178084396,2048,429.848812505055,1.5692274639625716,2.2152121702881096,96,Moderate
32,37.5169561702562,20.46165290343744,33.20830031932077,72.5976016222645,51.88326758482592,59.454552217945135,2048,645.9539347391992,2.5116009349769612,11.45982412153139,32,Moderate
16,46.243334889510415,54.34582125633562,18.480014087275663,89.7375410326404,34.746964149762164,52.98996709630494,2048,294.1050771670845,2.33522548255626,8.808776798318748,148,High
16,70.52565364062842,52.63079414802871,38.36685611385675,56.306830071471836,63.9573873332081,94.85489656032027,1024,151.44452676458926,6.593415644811007,2.9824915956228955,190,High
4,71.39725203295889,29.115621555563482,88.7668492112856,94.19926631615527,44.58773419148427,76.71572098926978,1024,678.5584758678883,1.8310529825494746,12.093031457394737,74,High
12,38.371549118450574,74.09134308811657,41.245015570686334,99.9216551818266,8.14408673219329,56.731410370149234,512,455.8213422651925,1.582505008648908,2.290683477613039,54,Moderate
12,21.98889317229658,76.16777507035928,60.57082927012838,95.15790630266046,37.78091004324337,52.67130637237749,2048,242.81800405928112,1.6819505733632936,3.657259987020551,194,Moderate
12,66.91566308189577,77.6714575241678,49.00427633034467,86.67354854998925,99.4072138049325,55.993002670682806,2048,146.25171957054116,5.244149644609485,3.2383972232974463,193,High
24,21.549327596988807,78.27767564468736,51.302487186886175,88.74212817242685,4.851187002628721,73.56686201603071,2048,584.6747984972171,6.2721289876020885,15.085501062497261,64,High
8,62.06432574063971,20.004226154583744,97.26148466529024,74.42465455267518,69.66669119009266,83.42326275844488,512,486.4,3.0568881691162426,11.472340048069732,48,High
24,72.40799152506781,96.31366430773778,36.65390214374722,51.409231774756634,84.11887050712471,82.06400374930229,2048,291.0480925018841,1.3845193783813188,7.169288937471401,74,High
8,73.05503467550065,85.13670136437304,66.45920225708542,80.62244110886303,64.87259034753788,57.22115431322493,2048,737.7911099936526,4.307192983154209,13.333062262732032,141,High
12,77.8124899593637,92.31853572714283,47.805640262150234,82.76518012359588,56.974823116329,81.67444759188544,1024,191.2909767454442,1.864577229138345,4.239391142833965,240,High
12,88.5573479409098,21.25146362459473,15.50315629429176,99.12310841607434,70.75544169787575,70.24328121087997,512,345.0315341841582,0.9169844078740264,14.966399185676481,175,High
24,54.99630927683096,94.70870366285915,54.03977484618124,72.4780789753793,42.93427372996557,73.23718921497326,1024,747.4334639319559,6.260503959486095,11.454959813186537,184,High
24,75.7224270576614,84.78308229504837,83.20089961405975,56.28214090150338,9.136173730887675,90.07152031226585,256,243.2,6.160468296168895,9.393709615121983,123,High
8,65.72554618292531,86.97753143669588,18.887767181351954,81.02035130437041,96.23717543033817,66.62496863398192,2048,277.81839063487337,6.843416041685279,12.919726730549922,60,High
16,26.79759458179143,27.462990777757483,16.26326626566781,98.76254917998727,43.230076998419605,57.34995235816769,256,130.9136515314638,3.581030906889864,10.671714721377375,196,High
8,12.312068038246736,79.1022423134878,23.826836835393998,50.63283449614564,66.53892371680176,93.67265667831703,2048,52.048690697769516,2.411007788367744,14.306639125157234,96,High
24,35.60872471092404,96.79333517136727,78.79601002503755,59.55987511213616,53.13104368892952,60.6065287933169,256,243.2,5.503594346207616,13.437289901116332,179,High
32,49.87303357038574,74.28378731345285,75.15958457302642,72.51285722636086,5.4673071977554555,64.70149352773214,1024,84.39053007218142,1.673217058545433,3.9674575756116823,209,High
24,65.53953499857906,65.64491236996852,60.85159920154995,50.21287809292029,95.27466009925385,85.32950294513111,512,123.69670068432393,2.0813984993058243,4.594957008165526,39,Moderate
32,86.49633974528848,95.65037421991975,52.140376368336916,41.3332383711963,79.25372261143234,84.17751585288036,256,243.2,2.1619370703479746,1.9764612066346523,146,High
4,27.662114503554907,55.43496973875488,89.94932332323599,60.21898734647503,14.909789446939492,90.02000106419143,1024,451.2130071974494,6.68552616442917,4.302983757592037,37,High
24,21.29948109086294,67.9434853048383,79.00280414501343,91.92224809006348,98.16488762882668,59.193332072397055,256,243.2,5.243848972401981,6.152332974072021,63,High
4,96.71319527268948,58.107063479549296,83.07480261716246,42.60810395942289,73.69013721717079,67.61399466571017,256,243.2,1.3690161517839974,1.432410327587397,210,High
16,19.724010343876643,94.62769770882393,83.19360712155888,65.73574354101504,47.232165042830886,56.29416194781305,512,486.4,1.1034982078053939,5.724438193159209,175,Moderate
8,53.06419630964702,26.08677814124058,67.84454392710022,85.73204637556495,61.137005655957324,77.05195735843022,1024,99.46879682954265,5.978296548299326,12.573187624409506,41,High
32,62.70073559139717,60.08957606602785,51.221316188435125,97.19095581465311,10.673668201459751,64.62852962693506,512,469.86589508515954,5.71478309979095,13.604913970204226,221,High
8,58.723697881669445,74.95619531083506,87.82099773270853,99.12852394026594,56.0411510015611,84.44678205042814,2048,185.8626034435352,4.861464757054309,1.1330993498113497,214,High
4,17.74289413296489,83.35252307377895,93.34066758429256,65.3181628365245,7.36610720170594,50.017218399227055,512,219.07964330165942,1.7746542405780048,1.1072055740384903,125,Moderate
32,15.132422260325743,66.64149179553091,12.14254389325087,97.02305766274705,54.485525711930194,52.984149922978965,512,373.1601497678401,3.621843002780263,3.194606623765017,159,Moderate
8,19.49350847149321,92.71341952971632,14.639938593962617,42.125138396851824,55.26956887627854,71.62801502596717,256,243.2,4.417718645472281,14.088655911006846,46,High
24,62.70289154853513,95.35931575070974,96.28689672175936,84.75501627991338,87.44387851607439,97.90920779877843,256,243.2,6.558893924462285,8.039170766985308,209,High
12,58.991039887088895,25.14553785548668,34.94445524597753,78.56476207801677,72.5057500272294,94.54256936795915,256,243.2,1.6012543112831688,15.743531142519712,105,High
4,31.036671283306983,52.18964316330995,88.60324956844768,54.971311455169136,24.955239221512006,99.70045140309915,1024,127.48444265048451,3.850404246449739,14.30997198650202,100,High
8,67.39967276610324,21.876721737692357,44.991560706526236,70.43911004077893,88.84261421878568,70.84151124320225,512,287.88470382370684,1.5253856527090282,14.351921702095598,108,High
4,83.80607518500844,46.353332589955436,20.719005184842004,47.773224265629736,57.32426648480058,52.32842431368758,2048,510.3022187648368,3.38502071373199,2.9271464789315518,31,Moderate
4,13.742106386193438,62.94945743764817,17.239888018840084,92.29582905709366,60.637947857403375,65.29780710098812,256,243.2,1.8008773351009988,8.128440238190628,56,Moderate
32,54.831694919323816,92.86359444079591,24.085710917241084,61.47388513273888,16.898136922217834,83.78854260869758,2048,968.5720686651971,5.935210354048873,15.903858959770282,183,High
32,72.03793708924212,87.72434579723223,32.490387538062826,77.56266822794299,85.7773595969114,56.758190488370765,512,486.4,2.155785804643834,3.2356634539062887,182,High
12,32.70807343627184,30.199978133758858,53.96665185377436,49.52657717723574,93.0965115016544,64.99860893800005,512,357.17962559242727,3.2111806555861575,9.613501804272918,169,High
24,37.69938147638342,27.442429979271658,73.13481105092052,52.36989067787243,77.49906494949082,52.80830822724293,512,486.4,3.150619741198879,6.164199879296271,174,High
4,65.22741126904455,67.14138710053336,98.775871883677,99.51738224818912,94.07524526450062,73.74835191951172,2048,342.8678344623926,6.1309172401414305,6.817872100305329,222,High
8,90.81417640993632,62.569437796702616,49.735606896025395,85.18518366647976,30.229990412234585,60.4460338847544,2048,629.2187188824404,5.425683520759692,14.361887560607517,124,High
16,82.89319782726095,41.31021131440191,56.636644810879886,97.71831218644425,86.11191683627712,54.56240134495012,2048,251.32890597871986,0.8742406785980461,9.818538537884246,197,High
4,62.481719718962516,91.95624676430681,56.963413124493,57.75106991272265,48.88931428637425,70.56079047412395,512,274.31881421906417,0.9360684715930682,12.38164584083208,34,High
4,75.71995459815243,94.18931275692428,58.549091993914246,49.87377259718922,16.391720294358493,67.56127021870775,512,84.47333315071185,4.082782093349577,11.098515962428616,249,High
12,42.834022318701884,52.20891506721301,56.5966591394016,70.18410780872986,66.88005990334011,76.87588684727461,256,243.2,3.2801736778256574,8.93523535854954,57,High
24,67.6868975288882,91.22420456908162,10.789727955572605,69.6800969336406,68.41202707058788,87.45193276568196,1024,621.992774894711,2.2912974334894733,12.87566798155564,101,High
16,51.95634320148013,50.71591154103781,10.155233989885664,50.49679082547927,28.692451375669016,55.62843682132526,2048,790.9069943725149,5.652036098348135,15.560993588655759,81,High
32,27.09425228118048,78.94534654637602,18.789968631351062,83.99317417488462,2.749333162757006,89.55627951050042,1024,812.2450593893168,1.3361286173434963,15.502293309336793,171,High
32,73.15644464895314,58.07537740381793,19.140094308626097,61.70665206632404,19.984725908556335,51.314498993759,2048,992.5200050120922,6.831369933655987,12.841780014900555,163,High
8,60.08181736139398,29.806652520574637,73.44072180593164,51.181913855831034,39.977754767388674,72.15509512479238,2048,96.87816857859228,0.6566662938890463,8.309946336238434,47,Moderate
16,42.27594237582323,94.23473609896172,28.44244292643998,59.919003672597306,16.756291105986854,79.3715143442941,1024,498.20540076137047,1.2684997099704836,3.447384387868019,66,Moderate
32,92.02052710707676,56.32772747020293,90.52426942800516,73.81952197810091,19.40299482396042,97.84993365698988,1024,526.1608296483893,2.523558252793038,1.6670576345784163,231,High
8,11.884070604405995,78.75896322579229,93.57456966193176,83.58825593082659,39.139066438226955,78.69615134348248,2048,806.4880921141133,3.80946911916077,4.471674525489162,221,High
24,38.419583612454645,49.373905154503376,97.83040041063089,68.91345316344908,96.17866143085604,57.93745966356943,512,273.6949304329586,1.9048850301156053,6.103869993963151,128,High
8,15.11932579998819,21.510470286098773,94.51731743983181,71.53569938970242,76.42435154076483,75.87709026719546,256,78.67859674007235,5.285398467551172,2.94774423877079,64,High
32,78.98745845994645,28.04242869534687,34.46994897266722,48.3367561565649,31.97484012265641,69.7891973595708,2048,320.6212221657355,2.8240223722689337,4.371479944186783,155,Moderate
12,73.18967087024134,59.69755835919395,55.87991602331612,94.88145548249392,95.16040689185482,73.96777838001219,256,243.2,0.7504991670800942,2.2531819684132612,46,Moderate
12,39.82169968626853,75.197148570109,25.79094731772469,95.72345187952266,64.56467922587326,59.85485073295436,512,486.4,6.2051927883641875,8.855154580944681,139,High
12,70.80966119863658,46.778826126342324,82.55886896551898,81.00559542508023,45.544964464014015,75.0413521155636,512,401.29449133718504,6.6351268750594095,2.8947728676032054,248,High
32,45.63435035763548,75.63907673421203,89.95885346296865,41.057884536041485,46.83001989551471,57.50198821454384,256,243.2,4.520663545840788,12.14152944884432,117,High
12,78.0628412280191,75.89084715455648,86.61599553677634,72.22445295419956,41.07444678353919,87.2021540345435,2048,42.426939275492124,5.742486525707633,5.989746672161241,39,High
16,50.876529646303545,76.31487258622647,49.003025382715144,77.75313832531681,23.299205254593968,79.6953130112799,256,243.2,1.287225001506462,11.080940713168468,80,High
24,47.1051755048499,59.401748321640675,78.28064962181028,99.6792533774866,38.66321922137057,53.92638457958917,2048,729.543729507669,2.24733183161332,14.237791526205768,141,High
8,94.12569239394709,93.19089200972032,18.782125261864252,99.76401731168781,52.78963840433926,94.48072339644898,1024,229.23772850667058,2.6140059699081943,2.2902481380551563,110,High
8,32.579118990163025,59.135721438449245,13.622029355732561,91.45667411953345,52.8027350730221,80.81898023078192,2048,206.4070419724336,6.744895585165225,15.835011811190657,81,High
32,20.840260599690886,56.021215479731055,77.79127728778847,43.82985952156681,76.1736902212518,65.80535275639157,1024,863.1894705047297,3.8294471593978887,10.678650135501032,93,High
12,62.60888019335123,35.95046552085016,48.28197468958153,97.19658344672379,35.87978571573526,52.282119976365514,1024,619.7944214659764,0.54818813229074,1.8004890315498385,62,Moderate
12,97.2389631055761,44.61240698850692,99.59943382656122,76.75967482911994,71.67980293039524,81.61133478858164,256,243.2,2.9712078486556206,5.7100334788925045,126,High
4,44.0055292354468,23.386759401464268,18.752879426997914,88.05320622875077,57.80918387686847,68.67201306741684,1024,143.322979516357,0.5503789056262469,14.293677234121844,46,Moderate
24,15.583308726590337,70.68282348929361,87.00649133817103,64.43157098115121,96.18454045268344,95.38090524392439,256,243.2,2.045737313070898,9.943504065593467,239,High
16,40.537474057861075,39.88285951416743,53.198475897609256,59.180168274075385,38.52849260339827,51.74389163570873,256,243.2,3.455550436417653,5.308335508673727,153,High
8,55.53384888876026,44.33242035883721,84.44351759534894,67.79464872902848,90.12164642607902,51.95512176711217,512,486.4,2.6020548602354383,15.10741876597771,206,High
4,24.573070596899235,81.6651617331457,83.54145539531304,48.812470778129615,82.06425472982895,97.46496434534677,256,243.2,0.7127723798536096,12.808788556117328,137,High
4,69.22919962508428,46.17769465291631,92.43928012258696,61.42396832519836,63.76642845894569,98.24369728397531,512,359.92638769742837,1.2561821956570662,12.033077442249217,156,High
32,99.79744501091805,39.375671361051374,36.80650101574925,91.45704998609672,65.45144667421172,51.38711133863193,512,151.40553691867322,4.080762647947764,14.326406800100541,36,High
8,50.656552838329944,33.52461993069646,95.48194181158027,42.27702917565289,8.464993460641068,85.80166174706638,256,243.2,5.021431878499154,12.546699170629237,247,High
32,41.92557010571914,81.98867217455647,23.650026432185825,49.052682809476266,95.02246055934323,61.07474261644202,2048,245.32625111926436,3.129568579513867,5.301075297982943,141,High
16,46.063375015102,30.37650063920215,17.377189983414148,47.506969578969134,10.693606349574392,85.06963831430363,2048,77.63706950989729,5.254631351761895,9.758291132884118,222,High
4,20.363156055568105,56.30030082002828,48.84539656351142,64.18453256201369,56.32333087435071,93.43663983289917,256,243.2,1.5616637753484341,13.634292516429449,156,High
4,89.49462412836014,60.554409286175556,84.54906717776583,99.8192140534517,33.00708004491545,55.04157394311377,1024,397.5435427219193,1.2933766607499595,3.7127216008425235,219,High
24,47.33430899692168,74.99119301485717,52.607901757010104,50.40147581268296,42.98519782898518,61.9383208381021,256,185.83311226232178,5.956449153631293,3.445349192518048,232,High
16,44.85469702823572,70.66267858663963,84.63580097774627,48.72895897595561,61.018301083681706,51.20388341632474,1024,142.26158429705535,2.704886765199298,3.384643713563199,39,Moderate
4,69.37212456374269,84.85765383561399,75.67181252148747,94.90334378656927,90.88513778823216,52.19149227222204,2048,897.5916412494282,3.309611492638758,3.913829119937812,60,High
16,49.78300788380112,23.580114714099054,28.84855475250402,92.92303101795794,45.75671235723014,51.48089291088871,1024,77.16604168571824,6.659280415062427,2.548462234198265,54,High
8,68.34101219270615,43.71525798235177,95.39934624095174,41.93442219979327,98.77295553064411,90.03411782132073,256,108.31784712935675,3.2567301315912105,13.564435299462493,214,High
12,15.530166111770875,42.41072950203038,15.470305176646306,85.1023576107589,59.28120653514998,64.91463392153884,1024,252.59680832702196,0.5226856880373776,13.27477330596226,94,Moderate
4,83.23510093500047,31.68135244736866,90.84517367894155,79.32794208858577,16.055394264217448,74.66057197859945,512,486.4,6.596817607073932,3.2705348778864254,200,High
24,94.64535575914623,43.13426030851545,37.39991040913366,86.06444859116255,19.00092948312523,89.39221317985081,512,94.53040702465657,0.5917711176578819,11.58305765065519,160,High
8,68.38888475434473,44.78122513143227,55.01332748479594,69.67014728775533,71.61110355892511,74.7471831353359,256,243.2,4.804860844239787,10.404633388149245,84,High
16,95.91093359729297,61.750756954198266,48.0116685430661,99.48275310689773,5.0397794243381755,71.4598031312298,256,243.2,2.598790911961273,5.14291398418542,77,High
32,23.628908293296696,73.09635831410048,25.465110122522457,42.63082112265779,48.034157622222686,50.57866032447294,256,243.2,3.5575399176413325,4.410526505399792,94,Moderate
8,52.96745705323183,50.488041088945124,42.23321797615238,54.06229518422835,14.82191098035166,78.40197512683781,2048,300.95545583352396,4.057353590025197,4.758787829131322,228,High
4,64.16260605509025,77.5576185050705,27.364099266351573,63.792759218416904,43.3218635177845,56.23715390685432,2048,680.603950974834,3.1549903724211026,11.959459121603015,142,High
16,62.3562982679068,46.893227086366394,28.349782791447147,66.98667649394218,74.99174220717195,88.23241203955132,2048,705.6082546041206,5.533397116684093,5.789755995106763,144,High
12,46.131560118013894,43.22269418518083,26.835115242374233,95.28204416197113,45.881292824143415,62.88688619075098,512,486.4,6.549591662818899,5.1693891642621015,89,High
8,40.427596842963524,63.29504446856195,54.01156423119348,73.60026184463553,16.345110898092695,83.70937054043276,1024,832.2611135156365,1.0616783387726438,1.3372164980297332,43,Moderate
4,21.414162029537692,21.89730882446325,81.8138230760184,42.70665973122363,25.19253703566424,82.31117639123397,512,275.7115014522166,5.701643728027325,14.623547406647823,116,High
24,45.256820550605035,26.383129890720028,61.20730303851169,64.47177780553972,36.75395886521824,80.833780146501,1024,690.0919858677826,1.3363624158541934,12.29056216718446,110,Moderate
32,24.639473359493664,53.437563486922166,90.38859296957577,64.9894247421442,6.956118348641471,63.34760037685963,1024,143.55666704182875,1.0218016911224503,8.091755137100806,43,Moderate
16,76.09291088429966,95.43301691134052,67.28900397190517,97.92945630626708,58.43376360811219,63.35448885877841,256,243.2,6.712904442693837,15.143903805258583,166,High
8,28.7947841945131,77.72094238747388,72.0406104069344,75.9518254612665,60.75337912780502,93.1524021720665,256,243.2,3.680435579693281,5.402983176631333,114,High
8,15.270877475608046,27.05012556004462,70.08465067543028,78.13906426953633,6.215192713256745,50.64036663152135,2048,170.11461730978246,1.491921391560376,11.120575647747222,202,Moderate
12,59.712952403551085,87.7054410224699,50.451327386536704,82.79518187507625,40.2311321174162,59.0761316726979,256,85.7414743223454,4.204721235911083,5.577255665180865,31,High
12,63.57067594474614,78.58406164865448,72.04049399800745,86.2023589409274,41.40006828847249,80.50854588209926,512,202.79882341343102,2.2110414020020945,5.718586382784222,189,High
24,88.4721755152455,68.87572205621225,16.273697182206504,78.10306421214935,33.38195685526012,90.8523127201585,512,426.3828603738434,3.5180086092519622,13.670637500729049,37,High
32,61.92834511759137,85.62343684873419,87.38663247240969,54.23166106803613,55.77397403311119,67.91727543364293,512,486.4,4.560287360219417,12.80532930183746,65,High
24,41.09327683511012,52.32878781943657,80.00309290995256,92.44275486046985,34.595749006011175,82.67217293054,256,243.2,6.150253887654966,5.411611459860232,247,High
4,82.27106933736884,37.72008406830822,32.07069624085109,83.92718802463781,41.640927947780604,77.85782098101181,256,243.2,0.520029088750504,2.2208427349989073,194,Moderate
4,58.62510038686789,60.96187112870075,79.12292088286742,84.51222910581735,79.75235474416056,53.227005224101774,1024,182.4030830085321,1.8919142959536668,6.363762093867978,44,High
24,17.135225616807258,63.90734044747791,11.137834126001664,99.79340435408494,16.210935543020145,81.0875098465339,1024,114.9184160746732,1.1257585289720673,12.40086303227973,63,Moderate
32,60.9265504281922,63.06610976079297,29.552191523279237,88.15159209179896,61.91146953034209,90.69517361362468,256,243.2,1.1311350601339063,2.508165417775098,178,Moderate
24,91.72166908794962,65.20590331840842,15.862351480380635,89.7490841893092,50.55944016908456,99.62241601497047,512,320.74160866245546,6.6475531854093814,11.081512970848788,244,High
32,45.66813629483985,95.89639345913446,80.22042249561052,97.08433094260951,30.507163747934907,51.48200363258614,256,243.2,6.584539074347841,14.346448898708573,38,High
32,36.66932217098201,92.17964984769851,78.02867360605485,49.06803999093363,72.75346564904108,83.0029086291934,2048,882.4308871607964,5.370502518058015,3.6884073340757064,69,High
16,22.912251131621804,90.05736292471515,83.22724214216476,69.86364258868407,55.1188359541148,70.72747765739811,2048,431.83169060959176,4.6799097756059505,13.933064864293058,55,High
32,23.63009697418216,84.11334487269018,10.403352399297596,74.83402141544725,47.73615269606953,50.48939443531027,512,486.4,6.01180790132507,1.770458236853366,179,High
12,48.949433590763704,95.47424858122282,55.110945401056725,59.75654375334746,66.76693147712001,80.71804718542558,2048,14.567400625071441,0.8796567975886892,11.003203871358451,170,High
32,63.611184174537655,27.87957133435226,73.43525777656029,90.36420063367034,80.22903079813608,56.12136492778178,256,42.978942262373764,1.2766576551579847,12.865583805638092,54,High
32,17.25538646526416,41.20986091565916,23.986101586511392,85.74517729874341,97.26687900335762,68.92834250945683,256,92.93150792827214,2.561234001426171,7.671491764889984,228,High
32,94.56117301226492,59.60447565236679,68.48116547613623,83.25298447048743,62.93503683763735,63.06835462442012,1024,702.0041446242384,5.911200469327338,4.055930422202703,144,High
4,77.96202557006764,87.72275944987241,17.569908937871716,99.82896638549002,87.4439985400383,68.05817011355497,2048,491.32945508419823,3.569511527982316,14.870942483552584,120,High
12,62.79615264552964,60.4132569218186,26.319327049388185,55.562882404503426,0.10915410229569433,74.63477907504748,2048,201.03158654653953,3.773235962344519,1.2995330290475322,172,Moderate
12,84.55948038450917,79.8427791473271,52.82171334951409,84.12743510052528,53.02356927258912,67.96047662447572,2048,596.673444302921,1.9902252927497492,9.326068438442986,233,High
24,17.216808113090195,31.116792419913295,68.82086374129918,73.08426849435403,21.46475487701981,77.63659352947695,2048,549.1660303008457,4.714518627627919,6.592741130575484,74,High
16,52.915498995981196,40.19310503812481,23.128221425850647,58.779350949632565,9.419245708313717,61.932484511642684,512,97.91130879189578,6.270974001404717,7.915857932215686,50,High
32,66.7083814175497,78.54208760301378,26.67009977478441,49.63521224338755,53.19710170643921,81.76808837141908,512,486.4,2.6418424290800386,9.048475844183438,118,High
8,84.57876155064604,33.178720711017924,28.40017303590967,93.75303022405282,74.6826506149094,92.68815020624267,256,243.2,4.5247086085042465,9.021229333997631,69,High
16,80.51226040443409,48.10847477239414,31.483072422908062,75.72732896247072,41.227252247437974,61.20335234576062,2048,293.68886363200596,2.6576682667268434,4.054354956346481,204,High
16,34.936232474205966,41.189300625085714,30.38984636736621,89.49603025844768,67.0107449344435,75.39386079278113,1024,690.6139733743645,5.652674226923145,11.19553484350065,115,High
12,94.67921526032839,47.98893553779828,45.563419764787305,72.72069904009268,48.971925384094995,82.43448922749442,256,207.72232183869616,3.587238290450062,1.2872243678821917,90,High
16,21.19112572877833,76.66592392623762,68.84106857530506,53.19862483924118,43.7085865959426,78.2313065606708,256,243.2,2.7065486444280804,1.3177614131928508,43,Moderate
32,88.76202567590369,49.42777449142408,49.42286048210227,60.25292878601952,29.025664043586062,68.2824723096113,512,486.4,3.230317552373397,8.17731011917465,229,High
32,97.38462246441567,64.42106580863522,79.83765178748993,62.89233054841279,38.25935145010045,82.10998540028741,256,243.2,1.0929788890754837,9.128543204054138,117,High
4,25.9438170900363,27.994550164352773,74.73416553537533,98.37608875022214,34.97956307944279,51.41231031050381,1024,252.1758574295017,6.129761496595863,5.123342225503906,96,High
32,74.98594577834068,84.40141545877023,21.387422264416813,40.33799670288295,64.61871840148815,68.49531159982165,2048,405.18493517572284,6.727448859697681,9.275133004402504,105,High
32,13.625696690019861,49.59109005184999,14.395746098866955,99.13996138147041,11.601851127913953,76.63061073205016,256,243.2,3.6031921682802075,8.741638494783851,204,High
12,46.488054262523946,71.8827327226674,89.01474075996455,98.82769810658984,9.263636868780601,51.03065794179324,1024,11.226982008711696,1.938691852507906,6.238308321589672,243,High
32,56.46549692779066,78.03116813294662,17.184795990658607,99.76904743180819,66.00129942084604,75.382441484215,512,486.4,4.8202652940781014,10.776619548176749,173,High
4,62.25807033186707,36.77287376893603,23.350526264774178,68.59529073517808,54.629806987888074,82.71272303828141,512,52.10137554257494,3.4404796170174277,15.369058248201538,100,High
8,94.23435234237036,90.77399879626799,11.991994800230625,97.82853817725999,43.02000967426576,87.96038488565225,2048,218.28683281505872,2.139950525449728,8.362040416377031,47,High
12,70.50256185647751,69.29794012855623,66.55027287687884,63.735950910989644,15.244288440790354,55.66870407047152,256,243.2,0.7498154326859687,12.790761389124704,202,High
8,53.31501560973133,54.29801134011852,62.41335068425137,41.5776664401032,41.10271118693115,99.52824374458474,1024,669.0677637766256,6.283078936625329,4.713948453594845,52,High
12,82.87075326393004,34.58681468625756,98.821329979173,53.460831182305874,78.97317633200116,80.30838506675478,512,82.59562292570399,5.67877328829281,12.429258902612219,55,High
24,95.5479538858968,95.38407503209653,89.82391566854548,96.71777469624308,88.9621235789257,68.1596896306165,1024,663.4541936682863,5.888539374655966,10.733589317529914,223,High
16,11.985953381406176,80.40545633053,46.975885973281876,40.825881600124,70.25765699642201,62.454642722835686,512,486.4,3.3589582510540277,10.595466698924557,159,High
24,98.42691450304348,36.64196501865991,43.44272568212815,72.7596481253785,5.991217588088082,78.64484308417073,512,83.75744432800131,5.396160047697279,14.395530106633412,179,High
32,17.751892515731228,47.016861977937964,36.71668308519865,44.53609533368074,67.04097766011185,94.08558235832854,2048,421.5313453998699,4.2779642152199715,4.500253824283775,144,Moderate
8,83.29481013418852,84.77394064704586,23.716622803409322,57.183794705654705,24.098558954629457,76.02826980706824,1024,732.139551213,2.936039426687705,6.526751756364131,195,High
32,35.23012772962713,75.65421305722711,22.427529094180812,45.2855710427132,31.525124302640506,83.07360278024801,1024,671.0457731461343,5.97782357279417,2.246011855164786,199,High
16,21.896169197848458,81.26274341725795,21.90553372086449,91.57171726678338,19.58732079599845,67.88482197702801,1024,234.24543704480334,6.991924062288719,11.891799651538182,185,High
12,49.58700757424514,55.29608817703459,20.27032814681007,75.46424257886235,77.57557906202047,69.40761440444862,512,171.4366047217393,6.345334997283339,13.658009279494177,92,High
16,67.95609215028522,77.31810101137336,31.646083816498322,94.12638794309876,64.8602122637279,64.3087552885946,2048,786.4045340005226,5.5452478159609875,7.087502554477045,46,High
4,44.28566605211275,50.9194978291131,37.60017672818048,81.3011919724137,61.18350545991809,85.28186471841198,1024,956.6822086864087,5.358801819250449,6.352402277023892,141,High
16,14.910886745442905,36.901033355055716,96.54210739350243,98.26174787470597,66.79726096692761,67.95937767082825,256,243.2,4.726617479609557,10.879777837847913,239,High
4,63.95150256928449,70.6141627873088,62.062592590169714,70.59265928562439,23.67722614039034,59.53582020206196,1024,963.5724373757727,6.048513729457251,2.1338569118400543,216,High
16,91.21629484996072,98.08111404790354,98.88361970619529,78.32263490577247,44.46444143253616,68.4700285583119,512,486.4,3.705028110860329,5.407628442044706,144,High
4,44.48938293525265,44.84807771162637,43.52202530431059,74.5785291933434,63.325372154898915,92.69136039163782,2048,929.8078720849978,1.6812418162869545,6.493191978027756,31,Moderate
8,29.469949986774434,56.877567377003174,51.18639693304969,69.05562576679677,63.659402761830044,86.91260217884617,1024,693.531337599438,5.492323207749842,8.77885426046128,128,High
32,49.831961133953385,73.92010968558829,39.21207932487513,90.75756192538076,79.18518627551305,66.7320422231782,1024,909.7959026990758,6.476791432143255,8.148538292035141,108,High
32,14.352643994390277,63.32050256979903,26.459888580689743,78.67150814022162,28.710396668811057,95.34044824183512,1024,169.97307828989486,2.718789897548247,4.130206341619402,236,Moderate
24,83.84388260322473,87.47422365672394,22.884823699982125,88.07873589132836,77.03361216968224,53.74163175587335,256,243.2,5.589391436721382,9.111818107949988,137,High
32,84.3706729855168,80.93941651756127,95.05712780270487,87.18183619614479,44.01844806169357,52.487689570682164,512,204.77834294391798,2.2791975700356915,14.888030363301546,145,High
12,62.92004170866656,24.663776308988563,98.81296136188801,51.46270963931772,67.01726920589348,56.37351773926206,256,37.154810926497696,6.626901776831433,1.4063183544569482,138,High
16,41.779260004455054,99.87369871390192,14.04185468578584,79.00981195105862,45.571938006528676,55.822737792930155,256,243.2,4.942496448089613,11.204598586070087,207,High
24,81.9805028001205,80.19219629755739,23.531128725858988,51.97888115088005,94.86101697909433,54.391715750617024,512,325.0692627562259,4.200293916685581,10.370635408934632,172,High
12,59.921832230953044,89.11226530352906,48.11716830709204,74.99922869462625,17.930226474164446,83.06713059989963,512,53.096048170137685,5.569156026373237,14.866404320674933,175,High
12,84.33390776950147,72.09581696762771,26.77001287099666,80.64608106677804,67.5005088582357,80.0421189827712,1024,972.8,5.786002608624021,10.680174106106227,106,High
4,66.83129133247186,88.50281024374098,42.749235426419496,99.8341042952552,57.65350007681589,82.38027552908574,512,486.4,6.300404338464756,10.37264068721565,67,High
32,80.59649258915175,28.990637994296755,21.618671487367003,41.8325186889843,17.27310409477446,84.41830270810149,1024,902.7940514834427,6.357276963508299,12.547084901473601,165,High
8,63.8706693895984,47.819026844745245,51.08605810496112,45.47454364682326,6.600633581166793,87.84398762403399,256,243.2,0.8424903660980525,5.017089232294904,109,Moderate
8,47.27269613940996,90.11367548835942,34.45251545523334,44.62160178227389,79.91443889716636,60.35884637432052,1024,398.0470693043811,1.2988994520831703,9.935983936483556,177,High
24,96.21512739335238,36.13241690135138,41.671455018279474,63.901677176004405,15.745133364626518,81.11517566173998,512,262.18965844677405,5.869395708216854,8.791316640427688,217,High
8,58.70024423909603,26.25936788640182,18.48813863164728,89.29530168914883,18.650668278577598,79.00243296681866,1024,192.04554875996047,6.6493357469711585,7.577087599824603,55,High
16,64.45805666864845,83.04951519561752,48.531524563912754,90.64337996722814,97.84342239890394,97.18300129017368,256,243.2,2.4998670128056135,2.1923075105419123,192,High
8,29.843887547327434,86.83889245146369,98.49318498654128,84.2187757432691,71.72608514766307,61.618386211982425,512,486.4,0.5559118198126498,5.3894328701926195,150,High
24,66.30857104845488,33.012177455192045,39.594974219307126,93.81269450979687,25.04868416012225,52.93614671871657,512,477.6985086721996,2.597583728728787,5.199725709852542,110,High
8,61.44468845346495,88.34767862261724,88.87863473581915,59.37159665016715,59.094896015160124,82.67475348572717,2048,393.37949469722554,2.9886168838217158,11.863764357460015,183,High
16,26.635455815232245,74.94142364777358,85.88792274613166,45.28927865513795,53.41118384025133,87.00864201183559,1024,176.58983782453706,5.446716870702115,14.809842028156524,47,High
4,15.362838761782935,61.606614657326716,95.68525764674895,43.48918167939101,84.44732675138475,64.15980029037753,1024,447.44102757251767,0.8093003266459544,4.461808343152729,201,Moderate
24,64.3923387743294,86.4200154225108,81.1098561040385,91.12796317716318,72.93207478326244,78.54242154698345,1024,94.3907057082743,1.8821615346022917,2.1193590833698885,164,High
4,78.73230424152885,53.53993994551726,69.36371443529335,83.82617766122148,83.17211254931858,52.97680327670753,256,243.2,6.310795810265157,15.999354315531553,64,High
4,57.10612338298074,35.51951649787178,87.09259998047118,81.91691836066725,21.150658797736245,98.00224205841445,256,56.433625576979814,1.5063326614343213,11.368079952010822,41,High
4,30.409536278768112,42.78821412884909,16.808021259161467,60.38058031274013,64.02192043670053,55.49624866495843,512,386.83960111423914,5.435109737794228,14.297062704853863,150,High
12,69.98697790237314,60.41312146346519,51.6547591478927,62.79431131709357,4.024085841838032,53.37852680759978,512,109.13649035253883,2.848517701263993,3.158191237956944,142,High
32,17.2095153948642,62.50646341385406,99.0330614753553,97.48681173395914,6.894061227922011,52.20550797473095,256,243.2,4.80729139698901,13.011520616760532,73,High
12,49.76503343217591,84.44646611529869,79.2640136165259,43.8282846458761,71.35270327045973,71.36359532516764,1024,319.6096090396476,0.9800022714694474,13.199856189821503,70,High
32,24.703008255857817,83.30821789218675,96.58678402335008,86.42390421626756,2.442010264393135,54.8579871728595,1024,121.97455652602926,2.362626643059282,3.272333889859137,83,Moderate
4,26.601314595389503,66.509324576366,80.16709205201312,58.57799942250359,57.97650089005092,87.23241204777877,256,243.2,3.26113329372868,3.421062701411436,158,Moderate
24,28.206455424238328,82.46283866923811,88.73937706979298,42.34327710475336,84.040509844453,94.94370803132028,1024,917.1142371572447,6.071882069505628,5.431768241827015,54,High
32,44.80363513395801,35.34187666349368,73.58766690728719,84.55420664454736,37.99418084180286,63.010946616242855,256,243.2,4.162723074699764,4.251811714536096,109,High
16,14.603518505835787,24.005162167463546,78.44518039755158,59.85471314070247,4.484043683991279,81.43865596256995,1024,257.15453072146204,0.7939644050049797,15.631148620848908,151,Moderate
16,45.801409683618836,89.89070581077601,57.086020885555065,83.32885112456779,71.38474496287269,52.11692235059089,1024,722.4630792006311,5.71213272661982,6.444157504546517,44,High
8,56.05367024032308,26.044359501021567,93.18139307327196,82.45926298708721,92.96864524641508,69.32822358463977,2048,39.98135091258135,0.8543896781846367,12.419596176508104,104,High
32,53.49648564696927,39.73507437951979,84.25350195610255,72.0872125259869,71.71713920582678,64.64710567138641,512,140.53327853839036,6.573382665947355,13.075762052240089,130,High
24,44.45056903627365,75.62551596995077,85.9496469099069,86.64238775263293,57.84472430027753,61.43095482201794,1024,504.4776466106418,1.8761633992625322,6.789113307320118,160,High
12,85.52319472636772,52.75583501018473,70.5708190866747,74.8622994502746,23.002882987906005,82.23617448143494,1024,236.46887014346862,3.671519940270856,11.238783314235032,202,High
4,23.07940231784537,90.1051175932407,37.41219523785241,57.19821117089564,1.5375624044496994,56.511397317926814,256,243.2,0.969826296981009,2.6170021134359063,149,Moderate
8,55.51270694032366,43.83838357298156,13.20668158511254,84.04691806386515,69.46721084790532,93.03552616484941,2048,931.7614503321346,4.151130510935483,6.954430772229039,74,High
16,15.583727526089888,20.949707733548742,94.20896164685901,75.34838895266341,23.102617584429296,83.24179531843674,2048,14.289983317954412,3.7319865547351307,15.509659901423499,208,High
12,16.404011099011875,44.052451244859526,62.750831392494725,40.76363690139523,85.81626771823575,85.53675893440291,256,240.58667130497,3.166615476728729,3.527959808704055,199,Moderate
12,61.64792647093867,66.24600393478653,36.83286740333263,94.09865066621856,46.63641188326113,96.7672154328834,256,243.2,0.7312239607212584,6.785669570509469,196,High
4,60.94165823990389,50.07507003226347,23.422159706278403,72.7386170994588,53.06355823724562,97.11864357512573,256,243.2,6.213086461234769,12.857822648380488,49,High
32,89.02301615600112,62.78982046070042,84.65708489506792,92.1176359287719,75.39365442663667,77.58261619096179,1024,916.7437498161801,5.717137892283606,10.981348823656903,244,High
16,60.208630809406586,90.1278495068015,85.2868175002821,92.96421033893468,77.94306078033432,74.76899086429903,256,243.2,4.61469513213844,10.472779023615978,236,High
24,96.38119183643651,92.99880433842948,83.30571713174784,66.6979994041053,64.26508330805682,66.7690804113455,512,486.4,4.219494887120548,13.798861890136335,175,High
12,14.382536355993679,41.27792517232897,68.05744227701076,70.45959978707386,93.8431815412743,85.77858051012342,256,243.2,5.017151803903904,1.4364076453554633,145,High
4,18.820691630266694,56.97123786159206,42.94138488326883,64.94526326053611,98.22984363204193,76.91044434899065,1024,785.4549317795777,1.435935103443387,12.567465522729883,196,High
24,13.965927541334326,63.931521219316096,37.36632563022313,66.96620651848272,94.68854443746169,96.64375398700622,512,210.62525357435945,6.562187601057146,14.238235588237274,128,High
32,26.674916530018603,95.92899655105977,10.769929310635316,93.70882953830366,82.41791853439435,61.93129743563027,1024,965.5206008558486,2.350376394780166,1.2426171624429525,58,Moderate
16,58.714309984751026,99.88938553315077,85.02468028194163,87.28864083807466,70.56252202442515,65.51263431252454,512,15.781516576658023,4.767186770879515,9.384444266609583,49,High
32,68.10149632846853,38.83257990732213,17.868942774427822,47.591540578934676,66.33258578816675,65.80452237099844,512,486.4,4.443911927422381,6.228827278159459,199,High
12,14.10266421538019,78.15838970766524,66.76794982366908,76.61846689240576,10.37501769205339,90.29992272783535,512,97.51327445241148,4.637990868151456,1.7614406322031408,108,Moderate
24,95.13738008610393,50.24248497865561,55.36674521560795,99.75439842318053,27.148434681911247,54.95201659210762,1024,413.5235348802011,6.21318880003373,7.266221789772151,125,High
24,85.7948838985343,20.648655750897056,57.4020423033716,75.73304207394915,0.5688223529377034,72.78245604944898,512,486.4,2.4234228432290283,10.66045211757829,41,High
24,36.69512339413838,20.74020179487219,93.4041560776996,87.15229753558633,13.740987023399187,71.37903684865236,2048,692.7025106359972,5.368163223642273,14.785204473840887,85,High
12,16.946877720382115,56.84528060498046,12.84535101441179,86.14368840287025,43.922947716918834,53.65698105068793,2048,787.7137749771958,4.3895419156046,10.307957297441071,144,High
12,25.289836589715154,59.06679304034677,79.60530021658951,61.01905155233972,14.653655078907335,70.53984992721736,1024,597.3944257371224,0.994392151205161,13.851146223339807,41,Moderate
32,21.42499723794754,21.805575725875414,14.684715853057641,62.31095816223753,90.16634146767579,75.66889916419906,2048,258.80615777313454,3.1920054257328383,2.823572600118476,246,Moderate
8,21.095540136905214,74.9541933419442,13.433824534183948,83.44458530742419,80.5699185335282,53.25523462524566,512,486.4,5.946685226227339,4.157817512847013,82,High
32,56.670551979916056,43.52027108759625,48.68359283272437,69.99901189629011,7.161191208951823,75.49310642223337,256,243.2,2.5497580280488084,15.554392963218518,127,High
16,32.12626982440602,64.79144812287595,15.676765690867004,74.23424254782327,24.891371546726603,97.96189523417006,256,168.45179452978152,3.634715241533694,14.311010353846658,37,High
4,42.232574487623,44.073525853233505,81.02295561636208,82.77434742189025,81.90718846115088,98.9457161580766,512,486.4,3.6761506929987893,4.5284042953003825,87,High
24,99.05548000458901,33.37074518954458,57.66067842835035,86.65450162234302,80.30461265598736,76.58398892949056,2048,972.918070751377,4.517064134238106,10.314608226963692,53,High
8,71.58828240328103,52.57389908791002,12.6134904393797,56.29099466398428,94.54505501177889,75.75484663014795,512,486.4,6.2461160886361915,6.439491377927988,138,High
4,95.40826003423012,38.58186918324006,13.645061783372757,48.80762556621778,99.75477616173603,64.27540832081957,256,243.2,1.6280047921035168,8.02897763093253,90,High
8,22.8300899529804,62.78407815353344,65.14016767655315,57.50767880342352,97.62700632411219,99.85577358560508,256,243.2,3.7800097371608166,13.913172236384352,158,High
32,44.392552734931236,35.906282422918395,82.55006358925644,70.45229950552454,41.01379857214415,63.7114585512613,1024,349.10971845681604,3.2577371853694785,12.035689151995493,118,High
12,59.92586229541188,60.672478131570166,49.40195781472962,60.52847903782235,25.032844380203223,72.64506502199782,256,243.2,2.4234805856538766,4.5766384258014305,107,Moderate
24,16.90822556998642,32.590281189509405,59.9122604382062,74.10176553085563,75.84101904270625,50.146702890133824,1024,549.3519598613148,6.47745315019952,5.739896120453237,99,High
32,10.376869926516207,73.6779767588628,81.98465086449114,43.20794344753771,29.92728927440308,67.46161454545684,2048,930.1957059688538,0.5531121006501407,5.345656897284967,202,Moderate
4,70.33909004172259,80.31501475531392,64.94555566376373,70.58502469682603,80.64003601313297,53.57201503044119,512,486.4,1.2936811520974512,12.709941675111166,166,High
4,67.76375651212918,28.831538739994702,30.228421389293754,62.07909441626248,53.39547303979244,87.19123851925661,1024,221.8418668898974,5.266738924454712,8.351326317052468,141,High
4,46.97099289996506,57.424192962987135,65.17468232825308,72.08000529357295,79.39272752349538,78.05072265149661,512,486.4,2.2123704304649374,15.260864605365791,158,High
4,54.06796684288294,25.669736052389887,66.54515131586922,65.35200129309861,27.587987971701043,78.60859386438283,1024,307.8695346822731,5.200665197099582,13.250307658435764,230,High
4,47.389870053288064,67.8545956433602,76.0696282793014,57.05355103825255,50.80273155538209,64.32556429498516,2048,279.6670434193163,5.909648469651159,4.16791646281872,181,High
8,12.160454036039997,41.15234383437163,65.87867688011211,94.24647432745815,56.402379360218205,90.74481451264867,2048,397.8588593187584,2.1550041094244463,12.789141930318245,89,High
32,40.18344455957162,62.209956547096624,97.23179174122342,51.085899305281416,94.31080677201321,50.163546266562506,1024,21.8767122720489,1.7476378711096574,8.591190208208904,239,High
24,25.937402985756087,61.39688075074329,27.755947784536165,80.88193453483358,26.65975768304173,66.6800589582096,1024,969.4492535596675,1.4444541124275256,4.805651892710575,205,Moderate
12,18.858177019123186,93.94834769550403,95.59816116103687,95.47868275494486,93.66882392848946,82.9748745229434,2048,537.0078002451113,1.8005759707359004,6.44997614226835,196,High
12,96.10483905004148,63.92665780549783,58.45055413150146,72.32019758112598,80.48589154657158,95.39612687084605,512,486.4,2.236705029261745,15.581891751150042,47,High
32,63.94237525379491,66.63987837746525,70.47605264454208,92.58450931476892,73.08940540866953,61.73079784626165,2048,265.2737001540995,6.146873807513307,8.259421638761873,134,High
32,75.57906558129424,52.13225006115042,18.951543770697086,47.491088705997065,78.68702691851252,77.0550025863709,512,486.4,5.505028686140811,11.794087744159945,121,High
12,38.38273689395058,95.92636825462534,44.251834724029635,69.62732621538449,60.5425045880057,76.89957102666605,1024,571.498797255354,0.5119880599685704,8.156279427441582,81,Moderate
12,45.383241654461365,82.17487275516876,79.24412318168554,67.42151682885637,24.408001046248586,93.708718452185,512,429.9027320417074,6.181774423637636,6.573359107691789,31,High
8,31.323159450705113,42.83242322422733,73.62199135890913,40.48712842221969,18.949496883985272,52.525844477992116,1024,970.9625339344974,1.0122799480628548,12.946300273890378,130,Moderate
16,18.72691038688823,87.53676686209856,13.612544934886916,66.59544048156008,86.63414358503904,71.22377805353537,512,486.4,4.759226514054673,13.724865276625945,193,High
24,26.112847369742543,54.5917088148072,59.19348371475201,62.141785382955874,72.51394025958332,59.12328373959657,1024,660.8839960707801,1.4845859934093715,2.078337484988055,77,Moderate
4,81.77626407668373,86.29337148268752,17.94503736715685,80.18792366647692,21.320428276094905,51.076630014929904,256,25.188769574980903,0.9047927683212154,5.184663836974994,146,High
16,70.97912246653982,85.83104546348017,99.6270786260346,96.29978671459111,61.50933658744015,57.35154702602414,256,243.2,5.438509533887656,8.61806571446321,117,High
32,59.22359883869292,35.109614941028354,90.75669296799651,45.14746529572219,44.75464814142238,98.82353364240996,2048,889.8046504984658,3.53682024006298,5.747466211666497,64,Moderate
12,52.75808855800913,76.09129051068615,11.897259438568327,59.64858320287739,15.865516996309392,60.742425476013395,2048,761.3694705048587,4.393906336522534,12.7537450744113,227,High
16,93.0190855290512,43.25143754452249,87.27846210123677,66.64388424365512,53.185710935716436,96.75153866679,1024,541.3864958138932,3.2647946221834827,2.7210004112330295,110,High
24,16.546145300080155,43.799413599413455,92.74866405025668,67.311122682063,28.151909246641726,60.262717131547085,512,486.4,0.9366171063009738,12.966974294298598,123,Moderate
32,35.25407319141244,43.70784615044646,41.81934003071096,86.48858325053523,9.624412415757156,96.56476136922421,1024,491.35830807548024,5.307518080865335,10.268296257923105,144,High
4,41.494406821364265,78.04545980479585,74.75514895429893,66.60373995000646,46.69582985454108,82.73104676001572,256,243.2,5.832282287597373,5.340515778062245,101,High
4,80.41832309915091,38.38608334340289,49.7893371587001,41.629678087219204,59.01085520935618,55.66092887509634,256,243.2,0.7692335300765516,6.166820326617686,199,Moderate
24,99.32631581457743,20.072466819687218,68.97092361187097,82.60624567556988,4.690641038115051,79.09575775632888,1024,623.8396363556553,2.942161780395606,3.7434873263980215,231,High
24,31.660346328143774,77.21894827861064,40.628566386837235,93.0897817087403,40.20927494109968,65.92570187701394,256,243.2,4.122557490956041,4.788601004472067,109,High
12,88.68766007233725,33.69477950681002,39.03033129699415,70.83428275298037,25.76619198366853,69.15765779890351,2048,391.6372557669336,4.433692247984962,11.759033034737445,67,High
4,84.75604843886121,28.358591624626772,48.199049997182115,74.86651130191032,3.0650590707232417,72.00854789174865,1024,966.663000575196,4.257994117418442,6.638262108117895,183,High
32,30.219165787758996,39.001289647524814,23.101098278725104,49.776186338142764,12.56625496115058,71.13535112651672,2048,120.19559300159423,5.004114250363841,11.312262080305734,60,High
16,45.93993221793003,50.39204178581632,84.80250679918443,53.238756680737424,13.903415881837756,83.20544452415145,2048,114.20279179358056,6.784305315726899,8.71161311652622,209,High
32,46.87055823632672,58.07250619785606,41.38281058254729,54.110214347476706,18.287424811797116,88.41840342953816,2048,52.88285926046557,3.038812387336622,3.1794662446588857,217,Moderate
8,98.03986016739024,23.565603257010466,46.013459851526065,65.84451849287771,80.33775714379212,66.45888446005607,256,243.2,4.1180531852113305,8.486059716995381,37,High
8,26.28027112410085,97.64586661018883,90.46491514319301,95.68871325373853,43.94918664781392,96.2181980842845,512,404.246950043245,5.044011091515993,12.347047687639494,218,High
24,81.92421739943039,77.28504427356465,54.69614326568542,71.30708600289316,14.708599227038688,96.92331570094382,512,103.5704876288508,4.350754843505732,5.465132570864865,64,High
12,40.07734427557989,45.85552522594689,58.98285184157766,51.52585871208116,10.029696692788924,52.034521857557166,512,486.4,3.0138816950596805,10.721224970303922,63,High
8,75.77833111985443,45.495780582831784,96.08483122993887,55.96526415213698,29.794045872903908,50.745439444150925,2048,587.4685137643204,4.556515371673871,3.9854898181256257,167,High
4,47.800990386609655,55.88340394947675,89.80537448304902,63.04090178363106,79.80155187044524,71.25331650755305,1024,753.5164266771948,4.725724947861049,3.0354843687512654,197,High
32,62.0523786804886,70.09958582104264,25.252003799959557,77.39553854156796,36.44598479396435,79.53226254938292,2048,976.2084354496435,4.30229508962119,6.40339195935935,137,High
32,84.9350595993518,31.70984532711742,52.589352692629454,66.40198918024032,15.989736029393809,63.89523737260308,2048,623.1587248194755,1.8332192948904105,6.838053905495054,81,Moderate
24,82.37490084854957,35.114385101196184,97.41666046856909,63.546690650615496,40.411618154615994,62.970687554288716,1024,120.53429861413595,3.788878827990808,12.415144455506535,169,High
16,87.97808651857301,88.75476662668407,43.512966840574244,73.88371602393968,55.53115572870575,83.91669148545952,512,97.63900081332496,6.248319263444554,7.901181269017379,134,High
24,15.365559281019312,40.500393911125805,43.441579766458005,54.51009969726793,2.958418363801385,80.0852142327785,512,486.4,6.145912207209583,2.2185234299622962,184,High
16,72.28454977357703,50.4155998380142,27.552720861023893,44.73419635507493,62.76418014401731,58.357343749655485,512,486.4,5.380121512474072,10.50999247533093,176,High
24,22.59886390495866,89.70174807600937,20.28908027072127,41.46485888933333,39.51007530147893,94.22504816325794,2048,170.29525075949616,5.031770843841963,8.03879889799071,86,High
24,47.42367112165699,73.0518263519858,76.62743116803836,55.075549808027624,0.9725875131194384,83.9988035080535,2048,260.8263729566987,1.4963143954429308,5.974648008479742,247,High
24,59.372957354921965,47.33695034733507,79.30274218313649,45.49552204866812,67.38893989463809,68.12881245845041,256,243.2,3.48652031927892,13.033282129164792,83,High
16,46.246553627214766,74.69596365796966,97.21116671527,60.18043831124601,71.23876355626481,84.18123449955749,512,486.4,1.221183513358712,3.3157718534137666,44,Moderate
16,56.76505082227067,21.574657230513097,79.60763898148267,86.37601242158533,62.883978855868286,55.63265433839079,2048,589.1500618775136,5.812348922634127,14.698185159669448,139,High
24,99.68736779187573,78.85141280090922,31.901724463023882,82.9776598292103,34.193021759842225,73.4128062287028,256,217.90858457503046,2.3917808418583824,6.010922354756666,194,High
8,22.169558234156924,58.96128324129916,13.61049204596639,76.65565736728172,52.96048540659611,58.44922047797797,2048,632.7674018411344,5.48462811761911,7.914121672639415,218,High
12,70.7910440802783,85.0545717827569,98.68936459326942,91.15001463276872,38.71577061334354,52.07156230642183,2048,772.9223094531827,5.794762794807868,14.938494933402874,175,High
12,45.64008697470537,96.37101216051747,40.64056259892452,56.9240574726566,70.06217301596945,66.91631351441498,512,486.4,6.301224633175015,12.418597476065614,73,High
12,21.970881901659588,94.06308395956546,38.07743881891787,93.10322518179794,58.35801862336887,57.53677417403917,1024,739.3501515698687,5.399895510170462,2.114536507072294,120,High
16,24.286308703687858,92.74120347642726,91.53596887744442,63.954350180150755,8.179911382744976,81.67589784769123,2048,580.611894498926,4.1707385032979785,9.67445288133056,131,High
16,95.43457956210553,60.97359647471097,62.65899086904875,64.0535990959976,64.30935582189974,83.70339470088551,2048,676.5267141743091,4.388201945723525,5.655443075097924,157,High
8,89.16413470405858,48.81136913111504,29.33840564642211,64.3210968175313,68.72384143378015,57.43461531133017,2048,490.2603478887389,2.5837847993470247,8.6273237476108,113,High
12,91.63377643735197,57.20282597845382,90.01866184446156,45.885661974458884,37.07021806146994,51.23065028017131,512,234.6292606864463,1.6504752440378945,12.14453562451242,178,High
12,99.23794982446479,75.19168026506887,99.4024769549269,98.52942989986335,87.57857809597044,89.64052808175802,2048,883.384903044216,1.3491353313545709,8.44259370877975,58,High
24,28.748385100766615,90.71982214969493,17.801070503574763,48.31040666950955,84.30143548449627,50.10285103642811,256,243.2,1.6831528872590145,2.065328154175677,136,Moderate
16,41.98954036276555,36.55890424000957,87.60264654722386,60.45314346815107,17.516652389973785,67.19565445918943,512,486.4,6.570687268118508,8.949707779145257,44,High
12,70.22971269323801,93.45545267693625,45.14641279159546,59.15801921960543,90.42663084858685,74.72916490228349,256,243.2,1.5688161523044446,1.3619449984021554,115,Moderate
32,53.542228587458254,85.21441855759113,57.166520185603396,44.480765969002576,44.08723714950775,90.93210942692164,512,486.4,5.204293392035574,6.2261403603991194,116,High
8,47.65505800405002,98.30848121425876,92.33343781884827,49.1356078067126,72.37496526342933,91.92793213730704,2048,590.4478751499379,1.7000855315457104,8.170457843851477,97,High
32,42.20301244020337,90.42014186253498,97.60412761976055,42.69150017112315,81.4097006967236,86.24697203052277,2048,43.61768939729152,6.839383506402529,10.670103450649412,117,High
32,63.4402568749107,42.39498637535253,33.594751936791944,57.5442696136308,50.51124210696899,62.35988112699489,256,243.2,2.8827994805920336,8.593101814325204,93,High
8,61.80340857760738,28.476472907523814,29.156569386392242,91.99941544173439,39.91019393708157,86.00934671595854,256,243.2,3.1788867886889545,3.279202158207533,43,Moderate
32,24.531205065781606,28.97928575932709,17.246490273236066,60.36653234424307,91.54513686150983,62.32695989384708,512,295.4235264522491,3.129325262084,14.983263459415628,194,High
12,52.45658537665952,43.29786548626209,60.56180673959242,47.42150992404275,23.08535529354232,60.73040958658508,512,486.4,5.806984696391356,10.75449509126713,83,High
16,59.81245985888649,69.13469791876314,11.224395590560144,78.74163210303507,25.69700777191445,77.35639771152663,1024,93.47435158798694,1.9188884108237119,5.754516776873613,88,Moderate
8,61.325824485825144,84.34562608777381,47.07084678489429,99.79605472329463,36.16203140134371,83.94272219170313,1024,572.4330391951353,5.901660783386591,15.489095426965623,157,High
24,28.909647362111663,91.94002455852518,16.60456149868077,53.939427371915656,85.94657779705656,52.65258829558403,1024,520.2948665729473,4.770882553873527,14.238664136634846,216,High
32,76.80442530270581,69.90027074953862,46.47032046364006,56.77426032223417,93.8788264213076,53.00113005623042,2048,262.799384234023,1.9318210906800122,3.152351330172459,242,High
8,12.267918533896268,20.4505050198443,13.593897033904835,98.31082325684731,22.006771475486186,89.20853434083949,256,243.2,0.9251490479659195,10.831436426598453,84,Moderate
4,41.934866998884644,34.90534212148268,85.1695534547892,50.72657725302923,86.38701476312454,92.97486254827399,256,243.2,5.537451519353231,9.401041781298229,200,High
4,80.21913836820701,27.978096308269436,28.876509454470927,70.67284404754983,25.82029594685693,80.2220458170947,1024,237.9260006102294,1.923259797805214,3.892133843292913,209,Moderate
16,60.75036289498621,49.0659580455208,39.54778393221208,54.37912798096569,97.0641246749888,71.4414004853443,1024,390.2077158599528,6.278934393198394,4.5021271073354345,68,High
12,33.504618925977425,60.10807949069967,88.30431969457527,95.94111387407463,59.740789198158225,92.2658239799593,512,486.4,1.3436043028708042,9.456606603264547,106,High
16,72.54578074087429,23.47177428628487,77.16394551989846,98.89126087457764,0.7086467447382394,86.4408516387665,1024,304.71974556935044,4.506369671248764,5.819324265009656,176,High
16,61.0651849740466,47.878238063652425,29.713452547785263,88.88187076720092,3.4129904071177886,78.97970992156343,256,243.2,4.999094559189823,13.522471466427328,213,High
16,81.66192485107484,34.33437397002581,16.470947679174643,58.88702894876863,14.748453080470847,65.98785609743817,512,174.01715897804786,4.775065694621924,2.466088529594112,247,High
16,76.1522667570841,71.76561330070992,74.41063991698056,64.2092485168303,18.757315781875672,59.89975308284081,1024,271.8600389662002,2.554193794225654,14.710461598031687,193,High
24,64.90971298326112,57.141789545947205,45.16322956192984,54.53834101998528,76.76191228265967,70.93365196357578,2048,153.44962723243898,6.190902900933043,13.608288236024345,209,High
24,53.93599077797326,59.6254117547127,78.9471999206399,93.4454780205395,22.276587641694988,64.34112879801057,1024,113.13705037190331,5.5037345588668565,12.0793522467062,73,High
8,21.986391310077106,54.215343042676885,50.07652951376894,94.8734966612895,96.91416200498598,66.96292938672305,2048,307.31226922928755,3.816341220538325,4.938508764027455,75,High
4,33.51997160968454,96.48157683892536,41.14021716750487,65.13223973476283,63.61120572029383,75.78155276560162,1024,972.8,4.421404681599917,11.724367840631784,126,High
16,47.71895256253767,37.178810009725055,50.60848673911568,79.39198419418011,69.25175092535177,58.45469784758049,512,103.38611912905142,4.1814129751579285,7.581546694279484,197,High
8,63.93693583057498,61.33314078750995,77.3703087103609,49.93319078648163,21.781651928520752,90.30883400369127,2048,220.87216992881542,6.653540752745264,10.506368458437493,109,High
4,56.23370696937744,78.88138946922687,91.19982578863367,66.09615402180454,89.27063140950847,57.276473085738374,2048,278.90063108722205,6.326686039065381,5.6883162580503175,210,High
32,35.93660733635765,64.547553050765,14.479047692971799,77.88994640040985,66.78145728199314,74.04968197104762,512,486.4,2.0307323535144555,13.53786780712043,214,High
12,10.581792201073949,94.32167085734409,57.17003871042596,63.12418711108117,86.44056243418639,87.29856690402184,2048,747.892239443774,2.207938555147793,1.608641489783171,176,Moderate
24,54.66152997107326,50.23746845130273,12.955188617548984,61.455971541187594,95.6481097231227,74.25103538447982,512,486.4,6.879347468860811,11.371896200438751,235,High
32,35.70633897060188,57.094064461854245,52.15685905219228,40.05993953601656,12.564097710959643,68.05110317943193,1024,18.54962211944288,2.0376445626936466,13.429468605749717,73,High
4,76.11474706394816,27.081785217178272,89.67545461872103,88.25760782662684,9.658723026894567,73.74456529113755,512,486.4,6.697615609136869,10.696421727458487,123,High
32,12.155163874343515,68.71992888415429,42.54312397782787,93.3602567212869,80.34078265896358,92.43353494370703,512,486.4,4.723399083128843,3.879876731939687,177,High
12,62.634503017521176,43.056957475848485,93.92053789725789,98.16781177274993,86.61260590941703,99.52158491419789,512,486.4,0.8257113537669392,5.274711696703946,73,Moderate
4,94.73268137554588,32.82472316124551,66.75476244855486,83.15628310415293,58.37614208779856,81.55716446447178,512,385.4164757897216,2.6822267964954185,8.723579417541256,200,High
32,25.696834040034958,63.56250343236064,94.07398094137058,72.92753874219306,36.60005477505206,89.67220213243505,256,243.2,3.5950014674337956,5.941736039083647,140,High
24,52.448454167553585,62.58482107039285,78.14499628712677,56.157071188522565,65.26296360752238,50.72443430796444,2048,350.44198747901874,5.915103794427936,1.0737463256079747,36,High
24,18.227979263542437,26.069731297923802,19.309164998388606,99.9579685578099,30.566407259245732,94.01822047622863,1024,237.71214938553524,2.6358051862897858,1.610171686668215,71,Moderate
8,66.31137210352173,75.85723627955782,30.803623080640936,75.38517127192634,23.838569215346816,97.70248799639592,512,316.9942228219368,2.518759028809552,12.516526465150129,91,High
32,59.547851253660305,69.90177525206823,45.475340912515556,80.86924433982676,48.81452095272655,78.75846708787853,256,243.2,6.481711183686316,2.255607725220464,31,High
16,46.66289717915491,35.121382619719775,25.30961938108684,80.94436971731906,21.61538276063797,87.690243103011,256,221.91681412271214,1.0137232451076277,14.920327834573477,243,High
32,56.923931932636705,57.55478897232351,54.54204442989945,90.71510774543088,48.37036083151729,75.63723714800375,1024,611.4955337434317,4.08488789564747,7.6410466884449635,106,High
4,90.69171926221091,77.6258333182848,52.42313401313415,40.58035233081515,95.66065054635719,64.31018702277949,2048,885.3671104867767,3.7775552540126713,12.372799575465505,75,High
4,27.666487207996035,62.35485924330212,96.06332782246432,53.21481642588231,83.97840356173904,92.61239859915065,1024,599.5055229204543,0.8726759414463174,2.882568941029106,67,Moderate
32,12.030806053481252,51.639126094685615,49.035509460637996,79.93204001020084,94.16309195000223,79.8418355997971,512,452.2016244026075,1.070434933375519,14.897611301155573,124,High
12,87.54983962291908,45.78707664647549,80.7064123859198,93.70874420947408,80.63289748473585,78.96915418957035,2048,798.9000785626549,2.98278831435703,1.507132447632321,158,High
24,61.94053741491158,68.83150933152429,94.77194903663319,81.12032691528137,35.47509359462767,82.95661019206031,2048,750.5582366457834,1.3720479257410765,1.632057410943343,204,High
4,90.15926099156582,95.12869586481925,88.9289947876587,64.8094774896208,81.20452385515591,92.80015829144241,1024,373.38754031538923,3.607467378911063,1.818786703195351,136,High
24,63.72507010718553,73.73958723819868,28.780086206043265,61.693329752215696,92.2915743553214,86.59530628854822,1024,608.1119359587083,4.457777755146665,2.551122414452239,170,High
4,82.91449809637322,25.979672290905242,54.642690482818985,84.27688049699923,94.70357878370544,60.556209710787265,2048,732.5444317148113,4.994078449269349,8.302474658288666,89,High
8,48.67060270196332,56.8547978785707,41.29658040663331,84.4742618282316,68.31978506849971,73.34117722036598,1024,253.0086254392466,4.0520554284849695,12.824146631724526,238,High
16,77.48739381594419,91.2659305208502,45.98728256234939,76.42347955034143,21.136664381511316,99.01491659931031,2048,372.61114029334794,2.967790103306531,5.274217471844966,221,High
4,92.17373202008704,27.55699406408695,42.47261436211761,57.48802144584022,3.972915336469085,77.72803568813873,1024,114.71830984447081,1.343431072930131,12.186652325403934,225,High
24,61.49106673499857,99.11005697100347,84.37232891575037,95.50928910343262,14.720022816015577,96.91226767353993,2048,987.803475523765,2.108655196246004,12.610914621527847,84,High
8,26.27066355061416,95.92555149163371,50.69251496102027,73.11279652711835,96.55469178939454,90.66847431565279,512,95.01887391890442,3.226240900603048,14.624159947776356,136,High
4,34.19178535271784,26.26195845839007,57.13248990202194,87.42954137489983,46.209682419276945,83.30117209043794,256,176.92006387234164,6.506744142114953,3.24027880221652,60,High
12,27.87801192076652,94.67306563596439,98.42026213423672,52.8584957297099,85.49860148320575,67.46826013298777,1024,485.03363016749836,1.816903777763568,3.033017635515144,126,Moderate
16,32.21713248361596,49.05060722075697,15.39813449723648,60.642447316883676,46.50441535582911,65.21596737627195,2048,866.6191152090939,3.18673750106226,2.8314258330117688,171,Moderate
4,37.57739044159327,87.576733366069,53.91618758116739,92.47477098324055,66.08175834598394,82.17105326487939,256,243.2,5.260007572931352,6.389659135811854,242,High
8,59.96204080778696,53.47066701706172,79.66555362515045,43.0064217963981,2.4140777122333645,71.62806204232054,256,243.2,5.083821788012314,8.341189962879696,115,High
12,62.91924665174495,55.26840901620127,23.60457623694039,70.73891867539973,24.986494271936678,89.93768114083636,256,243.2,6.77635186408063,7.924140325234252,162,High
32,48.3849772517675,70.73944727820341,65.03784351532966,68.90232879064054,43.62692800425892,88.0228369770098,1024,642.277436388082,1.7408584284178834,4.855730970996918,148,Moderate
8,65.38787018387518,81.95819354207867,31.55183015810201,85.07381133448493,63.063104715416316,65.60652433692572,1024,846.5670784571718,0.6073774753997521,10.329694381952496,211,High
8,17.341743305022934,22.70313207585989,88.06637019021107,56.913626235959946,17.15211880531785,85.1364391530881,512,24.0285867323394,2.595101196416818,6.074104460508161,210,High
12,17.900941335234396,67.45247964217074,39.438969886007136,53.14400931157597,76.455146427049,74.7275095048592,1024,929.8615081747878,1.4730019811376542,6.491244821192798,194,Moderate
8,25.46465143218926,34.938639527789675,39.61565352108186,95.56797032639403,36.44047061362373,66.16460504069985,1024,830.9339185329302,4.06504884049279,2.5829509420388903,125,Moderate
12,56.62697482363103,47.67596142905624,63.83744906661042,74.30257911750789,81.74352692338844,70.648329638232,1024,938.4885474553089,6.342063859126519,9.883470026366135,214,High
4,29.25952108284822,47.83749329241732,26.520661730791783,46.28137409701927,9.79690903950673,94.76759336061309,256,243.2,4.973474414321529,10.829205628424369,32,High
12,35.49559631433196,57.52482721769229,35.639977501275496,51.58216973285926,67.9756587682372,67.97588460612702,512,486.4,1.3826925662758118,12.369253306923884,234,High
12,46.028155255569466,46.73091295009387,47.49686651074703,99.9295635708549,29.33283332065102,64.3699636659729,256,211.04726771748437,1.2545851585706682,14.560138196907657,168,High
16,83.06795116093419,28.58888947605342,41.82740768260993,51.73653977513155,79.53831741226179,67.59036103550689,512,326.03677620828006,6.424423786290276,12.490066834855243,71,High
12,11.24759223215741,31.650299082036113,57.23894962050242,76.62853068122072,40.21704270424106,60.73092181043459,1024,322.0688033360236,3.6694620743006023,4.536154992251027,212,Moderate
12,68.44409382129601,22.675038844887816,63.967612966206964,65.20768473973709,66.53496322635665,77.23174936981644,2048,118.07507841927618,6.503874447930433,4.534827391965546,195,High
32,70.19888779366168,57.61992682630034,61.00007083751481,93.13594569099013,93.43052686364734,57.37182181612661,1024,732.2834627317449,5.285415151029607,14.726307933428453,181,High
4,81.87902023209729,96.35581558823908,68.87514807927391,85.31011553771967,2.0626632013764357,90.87218932184582,256,144.8091837602021,6.956764994130106,12.852003541227592,166,High
16,93.94776451542819,29.254017891849323,37.69745649470382,75.81708377570895,1.1116782334373632,61.27901236228131,256,61.98407441827003,6.162980327296327,12.733696454663573,170,High
32,11.812406405436084,95.70115944024656,21.378360443952523,40.64433890787895,77.02792521767134,79.90275137698228,256,243.2,3.192379249701734,11.79570490165804,115,High
24,23.840533496189458,78.66892117856749,78.47267872879694,92.78771244960757,64.63930515080781,56.25127494599468,512,486.4,5.428480879085338,5.0080298688067195,175,High
4,89.75541646503937,70.99990423473305,86.57023443676138,66.68004825032298,29.297972050443267,98.92265741071631,256,243.2,3.562983087579642,13.711155136105683,39,High
4,51.26667059683138,71.62222042588503,33.13056090001891,95.89465918111459,49.43967027742624,72.72877294468236,2048,827.0986907036566,2.0149699051442447,3.143270171201891,169,High
24,60.81315750401171,86.13821187170257,46.63827605422178,69.73234077125207,4.193566559886874,91.10856703794073,2048,599.6654610524636,2.0666901819163366,6.250264139468552,76,Moderate
12,69.67244833508326,28.55358915038571,54.87122952671997,81.65346935096353,19.244560536124077,88.4323917824992,1024,888.8688745356055,3.0825939390017885,6.197118099046443,240,High
32,71.11599440460736,60.38034588524334,57.999415847764276,44.157558967998526,42.44963745271675,85.68465235728394,512,486.4,1.2245304690791399,9.40198212562052,112,Moderate
8,93.85663629848574,75.76729106086069,69.35411539788866,84.70909921160714,83.40444162214823,91.3682435602305,512,486.4,1.6554808517761852,7.951653339933663,146,High
16,99.72544756705027,66.94563560588509,13.74429100197892,60.27976187871538,47.96671828600848,55.02318043298529,1024,112.38089234175442,3.753956444180644,7.897121996498059,39,High
8,74.81417148378462,86.62232568186357,74.93293744606153,61.08154085990685,58.63625045259787,83.92485987359811,256,243.2,6.700496102851739,9.303586469193874,158,High
24,35.84990882846357,25.78173672090812,15.577390628146924,47.11935068256339,87.37537919937805,63.29136176368905,256,243.2,4.254961223111963,7.231276823681932,214,High
4,89.17771620649093,75.25608315993327,52.145971090558106,48.81142891841213,30.881891358884527,89.29358320332949,1024,584.8396075389832,3.1552288697221456,4.749748469766034,100,High
4,14.429882308668544,62.72221843077742,84.49040220122747,51.14554337237261,70.06993211020558,97.84343799239444,1024,728.5524255525102,2.077552079150461,10.961810766510059,148,High
16,30.79727675870466,50.33286911839547,50.60937819505566,59.69237011428534,86.16672586782533,95.07447649213479,1024,841.8886154908603,1.773358480591864,12.859500682576037,148,High
4,90.76471457173434,47.22199857872247,23.418077389142297,93.51819476653633,20.261570069617672,55.747611123683306,1024,864.2552261721048,4.7796456909628215,8.18493818266884,168,High
4,33.05723629954194,69.66661062193543,98.65304605053637,62.09561429380483,35.64781651478325,68.47762103364104,512,183.62715331454513,6.014114563240781,10.742247800717609,210,High
16,29.858595365957363,91.27962997154118,90.0356915866837,83.46176239379311,97.98101738893551,68.21613785987999,512,205.06557045543954,3.0925635218545633,9.03044922734554,156,High
32,22.43127638262225,59.69407408808922,79.41822699025126,44.96485023339228,98.3218564796211,56.11481331797653,256,26.004844418461133,4.079283801426338,1.8849465780565369,33,High
32,87.32005818822249,85.9778531261536,47.03604426092894,75.46592795631955,22.32299302939379,54.90630266734137,512,140.52403321435006,5.093723948118753,7.346269923462042,218,High
16,55.0052433271978,52.172510547517405,26.546115420036802,68.91347387622638,6.644583889262812,69.24450674845909,512,271.24366792142536,0.8789212378612428,1.1477874928260592,242,Moderate
24,70.74038827487394,28.191557023454124,94.72700632766511,98.67747681727027,27.092161131005287,99.60357752482557,512,486.4,2.7808308083351925,10.92818917247137,115,High
4,31.51597456675267,24.920458916691082,57.91160138654251,90.77246619273778,39.77319573036873,78.44713255331376,1024,481.00983391248496,5.243393783453708,8.622422048269021,39,High
4,78.22363789100949,24.106749705894206,86.71199143487365,67.28978634631898,44.10056009311637,81.08908143021281,512,486.4,4.950023672375267,2.9024730276954536,244,High
24,78.40049904658886,50.4120113566136,40.788550518348316,86.50856584272033,61.880630733042366,73.55094550093412,256,243.2,0.8467602087045939,9.132872981182572,162,High
32,38.13382224174701,46.97902006686736,40.17594853715235,51.58232447762665,89.95027601315464,83.11652761520114,512,486.4,2.0458202394271323,14.47639004541984,218,High
12,46.961436970925455,77.43496188980556,98.69864326066352,73.74017964350668,33.034801190716244,97.83310403723848,1024,119.95592072764666,4.919721893892508,6.107361471664273,153,High
12,28.872124968718076,79.42572012678926,56.96497436453648,44.47714333412249,84.99845354992085,79.43489768071959,512,486.4,2.2642042753133795,15.735531493494497,105,High
12,97.89049209906139,24.068317506699188,22.66258814746717,60.88534193510098,9.34789209266269,53.25192298605966,2048,760.5452668775592,5.79366691059302,15.390698601132511,187,High
32,68.10423193525705,37.6898610311212,29.770721019523666,53.551730897330216,4.187469897321472,74.64452845840992,256,243.2,0.6917815847945358,12.779647636847328,86,Moderate
32,94.1089492643964,41.94094801271198,53.37498514534487,83.13458891951265,50.40451831234613,99.63756366259756,512,335.2922970223979,1.7372556904073928,13.20699966728433,190,High
24,37.30469892662198,63.80895873142475,13.822381943957021,69.40544147286168,5.9662223330604895,69.37013602971317,256,227.48463606740413,2.328534370328628,7.158180402997635,194,Moderate
4,80.37018216972008,31.56121791255602,51.62805868404704,85.06422873088063,39.24898012342302,79.69406186072361,1024,815.7012792757912,6.514383926265574,7.038116429456352,111,High
24,78.92727794962678,30.71529755200003,47.704675787211485,70.91772625788673,89.67781168692343,55.33183817144085,256,243.2,5.676073216409327,15.31596037400489,225,High
24,72.24900866798873,95.50311113663665,80.14026387875383,45.18906652909831,24.148303620747335,57.059024936828344,2048,613.0562608024102,6.246943062440565,6.492943743304631,248,High
32,96.90750777401203,84.33623258382248,41.94477680403176,84.1220589839516,70.59757751249032,93.73407265769814,2048,246.43388209840046,3.3631144566523683,2.453093336095649,52,High
12,45.4199802495684,34.452392167293624,98.42938853856394,89.99375583926835,30.23653923900669,65.01723141258057,256,180.1347992876068,5.846653593296729,3.2905163228689758,99,High
8,21.764559123078158,52.525424632439275,26.269292737081283,94.21187355476755,4.49200552421356,65.27256366772966,1024,59.766162662866975,6.047708217003866,11.655984477893831,36,High
4,70.45379733196546,48.44975994060525,63.18880164713214,74.3195167184025,55.66905814103094,69.3606498001164,256,55.155366960734284,3.0997193551874975,6.744714026344665,48,High
32,75.63788204294856,83.28032592523257,18.072936730742917,85.21512153996972,83.48534905367518,98.32393364522613,512,195.26477841024374,6.9640020103376425,3.99014259568289,172,High
12,61.75545161129332,60.81703331824976,76.04775855945839,85.12266021295763,40.94684483426194,54.21952480184382,512,109.5272069999899,6.03305108990315,13.206791930245956,146,High
8,28.613610382005664,30.227978959477362,99.52783192557743,49.34498558793666,61.729382645808705,90.93820512756675,256,243.2,6.831630296841126,8.330102360099383,115,High
8,55.40103475024198,79.11936505249952,83.7224773976469,49.853241247574246,90.00235976577258,67.07789382329932,512,364.50922651653224,6.132231206193576,9.514618071546764,189,High
32,38.09707629122165,51.751038257993514,60.01331866482711,44.253130348547565,78.96945127369878,92.47340129927375,512,450.4963243464648,5.545323661661452,3.309240319751596,108,High
16,48.471987535002015,41.033939810571766,53.62672216597228,59.19481810841809,19.387639939281932,99.58778247522713,1024,598.1265117513179,6.634985177519548,3.8913130212390885,88,High
4,68.06967182601974,50.03988976165761,85.15269651401623,68.41051526446387,73.33839593650058,67.4333705105874,256,243.2,3.2288250897998356,2.887840554607086,99,High
8,77.06932684217512,59.820525088551705,94.23766762396518,99.87387116525301,50.189302516015196,56.46781831061776,512,486.4,5.591667317729606,8.718141988516468,227,High
32,30.90022218112088,47.44924131336076,99.02858732182837,65.85960052409017,74.59668078860847,57.21877489914641,256,243.2,1.883792838454712,12.634855175908815,35,High
32,46.4792824582258,39.352461807340624,45.68853048080357,83.57455531044225,49.45155505222182,87.9370445474593,256,243.2,5.263160055687,11.984278658222115,105,High
12,34.224541389246625,51.880162304318425,99.18257273150611,81.60382157635208,12.795816410830286,57.246077616906824,512,486.4,5.604796339840553,4.918462307833179,223,High
16,27.87684524756822,21.53383285999186,24.033362695644833,52.26891701503477,56.990944668923916,63.02107842673183,1024,322.77896375096327,5.157408664243333,13.773252818584561,246,High
4,80.50484979962546,81.79982768770512,32.819479833871824,43.510429086966184,49.21339923973399,60.21991718310399,1024,26.89476240040729,6.023784924821551,2.5849127221062016,161,High
24,91.83274249932931,33.67559148540686,18.01145122605066,72.76040509201525,51.792173364144176,67.78392820154913,2048,900.1626447820199,3.186680404522437,2.7107495512466686,148,High
12,43.32089671161191,23.51236909045098,34.45646648360335,82.01833553886857,87.89024536458703,53.71832875748437,256,243.2,4.040992858490695,13.739564239062748,99,High
8,77.61510319363902,72.29589543240634,79.114379645621,99.89510741117536,89.48370467062514,92.8371241203629,2048,60.4369760089032,0.5693381695192614,4.666293417638453,214,High
8,90.72957604279699,81.91489030589378,86.76319223606048,61.51666313687024,45.353710676571836,93.00731559004967,1024,14.907025940620144,1.449345559539156,11.621737669601425,218,High
12,86.15117894772084,85.10633052742746,80.10033805923146,93.7818737248658,45.57320412800884,70.64664492413449,512,486.4,4.6872605165808405,1.1361938788251393,144,High
32,26.453204968530333,59.480734612847996,66.79592003509266,62.915947352151186,51.5186958872616,80.60437845117377,512,308.4487209382755,4.155061797692793,2.404016329287296,213,High
8,96.06626933620252,36.42945477519882,56.256986127038104,81.36470250583076,51.9589278334257,82.09757854521524,1024,915.4363456230286,1.782661338019126,10.139330630834246,130,High
16,43.900879638651624,78.97821417998614,73.78338602922818,75.89517583102312,95.03871441791127,87.46290576729643,1024,224.57613753685115,2.08252116204183,3.7362393231685678,171,High
4,40.531659505645266,75.97704617234697,45.175019434049965,43.17872759815582,64.94004673774934,76.03450437720255,256,243.2,2.7365343125024775,1.4232052946914333,140,Moderate
16,15.61881945500023,39.70165872825386,85.71775163497317,44.70330561821551,27.745699488794394,75.5168022720843,2048,77.95782702778631,5.15669563413281,8.004201350249847,112,High
8,53.75562886943947,92.27262046902344,70.94710845791069,41.24584538346766,53.15367969539899,81.56518886641055,2048,268.0304788408339,4.463157917311456,5.95780748917778,36,High
24,19.811225407683583,28.34971664662632,72.80242286449678,62.25004507563937,62.72235829079828,85.15241978349388,1024,972.8,0.9522132171393838,13.033853921247161,211,Moderate
4,32.36858388346834,98.61505916730606,58.23423938161641,84.74806292596065,63.97717210139645,67.33451885146259,256,238.8846877879695,5.4396044685803435,13.282434866549563,239,High
4,38.52483595905532,88.81982487819717,89.67060857900553,50.36532363944336,58.525422623818265,66.51852366344076,512,141.68285423429072,2.207287159643192,10.21634681813798,215,High
12,82.79436911425157,75.03189163832602,32.68132603111472,76.35117810303375,17.773615462153735,63.48592020479546,1024,858.4841059482653,4.866437909628731,5.395506195196788,90,High
12,88.79397853563069,95.09999106238664,44.30328880249456,57.329666801864676,3.359318907950748,77.44232776563743,2048,126.62278384386427,1.301858490300078,7.924399768936757,137,High
24,37.22196857153227,77.78489346589663,79.98783127099202,87.81955743874433,33.78430523668544,68.00778447778862,256,106.48154749370845,6.986488298674592,11.53384040656914,101,High
32,87.28283091201165,35.23655976240367,54.34740065164039,87.90376894017945,42.752215456025354,77.0156633853816,256,243.2,1.0221786094701417,2.039628297329526,185,Moderate
4,87.15078436328119,55.37249104902494,90.02926120817718,86.52487089798541,6.18042395760866,70.29923829134609,256,243.2,5.321271184606468,5.987456324921876,242,High
24,78.81858553463861,25.720241946530827,41.17593877865671,71.4900108280826,81.49673380198462,91.83670912763304,2048,713.6389100409087,4.01864733514512,13.335545513637577,212,High
12,23.202560261366337,51.17259378304923,43.23971519376803,57.074002604791104,34.407743751027375,53.656511987273035,256,243.2,1.058604743346899,7.090428133705267,128,Moderate
12,72.12905622106561,79.3282415789767,89.98622104479628,88.56664263271807,91.36327461785046,78.61052968023373,512,486.4,0.6742679740799108,10.370020169731989,231,High
4,95.05216581225119,50.915468074465394,51.79332881638369,51.16603371635449,15.441010784226517,78.78118752935988,2048,399.4836088933656,2.857327163858411,2.4450155370290556,82,Moderate
16,71.42864308904413,46.42353403745073,56.45121257822381,57.38557612171936,5.693495693731343,69.18586552693499,1024,365.2454242161205,5.714455558046436,12.655689627760783,249,High
8,39.845516419705056,67.62845780082495,39.94873438021115,51.0368623696373,48.231610438632174,71.05104472815717,256,243.2,0.7674830618290512,2.506982349058629,112,Moderate
12,55.052138568774815,89.7763623199116,34.90029479611737,80.45260962325887,18.912933682570664,90.00656804414643,2048,726.5771563878388,5.078591311632351,13.922878817541356,201,High
32,68.11525390159483,23.806655403688993,69.03538397545529,81.17416168694908,93.73992755778612,64.03368551301674,1024,906.3747235878878,4.7599457957175515,2.5990156733453222,57,High
32,55.951336785565324,50.837634775978835,20.785659538708348,79.15059956720518,1.0303398453738954,93.57018957130813,1024,964.3951011742979,2.2259948990229868,14.363391447545151,75,High
12,20.795764755787282,32.65925934522102,89.13453770646183,64.93608801188007,41.2619675059035,94.81716520673467,512,307.05032772296937,1.0036982322767867,6.4565481134072265,206,Moderate
16,38.08576401868186,75.62834005854957,80.12828230885971,46.01026043208599,92.67477713451683,82.5309652201098,1024,534.3773775138311,6.449592743601403,10.367960976614631,152,High
16,82.21564274982693,28.457964834490788,27.16734373352225,94.67017507090128,38.44182067297683,88.64288568540492,512,486.4,2.4522737177887057,13.698258274576865,224,High
24,87.52762414859657,73.18462068641956,72.46179512421088,70.46385784073429,9.310928060046075,80.64737641772442,2048,172.21045730869298,1.2239910066139474,1.1536213148584986,184,Moderate
32,22.357002944401323,42.89446966383259,64.23696291570714,64.41833169466548,30.28949428617871,76.26295568732958,512,62.8135635857349,4.929861009345954,4.98539742109457,238,High
24,95.71480771588521,35.91334509897798,26.60815456629797,75.3294935948976,49.801039383443346,98.33388771251148,2048,869.0862749741603,1.9084279871455818,14.625074819387885,236,High
32,39.59403560637484,94.90820462599883,34.588315544520924,51.56742614914635,18.515168734333308,64.13274821137321,2048,540.1682756478194,3.591599911157094,6.82264090877218,196,High
8,69.60823648576479,21.48196613967647,46.8087853360451,47.95292674629246,46.65617051432619,57.707547332155606,256,243.2,0.8276360375342149,11.595638886964368,243,High
8,77.6642631361013,55.02218175116552,72.93184617209265,64.33151328747661,83.63431957858374,64.37426815712577,512,486.4,6.954395667902682,3.1001808423025365,113,High
4,83.07516111740951,21.730159396943503,67.48510679353053,53.63324164599463,87.2617970196613,80.73128041897226,2048,757.4110977843635,3.4095373240407003,11.175574021168943,56,High
24,95.1174732003337,58.68744384834632,57.90113629090281,54.65741767222987,4.926073471073211,59.25917190505719,256,154.04692523522283,6.994214878511973,2.097414932890649,64,High
12,38.162759322594034,60.08379022355346,79.15694888026309,93.55068926671177,16.09033580525735,95.4407021613157,512,486.4,3.006886700071431,11.759877096470007,76,High
24,87.26558090963991,45.73299771157976,78.21439656455493,71.8455506311495,27.529013576680416,70.55122003326963,512,474.7847164618538,2.7610416136244265,5.857074315801681,81,High
12,21.851821309258632,30.572942202001894,65.60732386560304,69.00814385940106,59.48658508876018,92.49814391459218,1024,897.9885779126471,6.444720133735977,7.987714839298996,98,High
16,73.45368157182335,50.111003018758026,80.82910750463427,81.36877562371583,36.09947587924671,62.46182722644083,256,243.2,2.641528049989173,3.493902714505836,223,High
24,76.77799565625872,73.78103519460528,40.08370373012883,97.09288682060438,84.40409134460755,65.65841775413737,1024,943.505624333424,3.3080360575557597,10.417735266013159,70,High
16,70.99509170811885,82.59166469155673,89.3124575490345,46.731913868233846,71.66718682829377,52.96116985862483,2048,359.7204642381076,1.0077178386420238,6.063514431714603,79,High
8,32.70832625216377,62.460048191051385,65.34190772217467,90.01207402655544,10.045602311350821,62.888384609278695,512,486.4,6.710505522230592,6.750625090740347,74,High
8,88.5738832313683,67.18675155518045,84.01271624311875,75.04115079207075,62.45575025120912,74.51569094816507,2048,876.40636861085,1.0534830655308642,10.782893874312045,49,High
4,25.19726170333555,36.04930968997222,59.165119431125554,48.76992122871023,11.301262534697843,97.30684588616211,256,243.2,5.512702067979607,3.6829249183382595,149,Moderate
24,14.827131236874775,42.986426658211954,29.659442048981234,57.828959121339494,25.50356696364601,69.44514869457491,512,360.1728339858343,4.00100005977265,13.780133403583655,228,High
16,74.5718491550721,32.95164880418867,58.816911581047776,68.94168498788437,17.787063353422806,81.9871939741673,2048,382.1641238780343,0.8991334363089757,12.08929608364331,65,Moderate
12,52.79281437094603,39.9436280003689,43.40004973989293,81.47062867464538,17.306194920070496,71.3855058734394,512,486.4,0.5110748822668651,9.665950047072439,229,Moderate
8,86.41882179628085,37.99094241804254,72.7749132433385,54.55642101720713,61.639552477685925,52.33959253839706,1024,584.8250376573541,6.581098650426341,2.9249960062367313,120,High
8,44.505742695243306,61.55590291129901,52.82144125612622,72.0927289280554,56.36049225541615,75.17663129483513,256,243.2,5.324127127531035,11.30664541600369,99,High
12,25.145072965694155,65.01510046325835,85.2501524434919,81.08029764495171,17.602815278772688,53.29568233519604,256,243.2,4.961835583006197,1.2714905813428907,181,High
16,85.27979732228827,95.59579366572036,71.0265261089725,66.92444505085038,99.01728054184318,94.1849962298768,256,243.2,3.3506174488949427,13.065937023009157,193,High
16,59.40186684760645,35.645651768121844,71.60899897281917,91.78155766721055,42.18367323682938,87.6518480975457,512,32.67150743288126,2.0509896136213532,5.5569654520913785,162,High
24,27.027621315131938,71.33405681291967,29.543980014195846,92.16754617042426,9.706932815493662,68.9325735626183,2048,98.96417310633501,4.91910998574873,2.758173257955194,241,High
24,74.83455987278012,85.38074151900183,98.58247898421614,68.24147305842675,12.056901695511513,82.01093330956448,2048,103.54058600300839,4.453956946011145,3.467334310842952,177,High
32,56.00022746405505,64.81931710264419,85.75076883443398,98.37554262453398,58.38937137265947,55.60140776566661,256,239.61446721070138,5.221224266514186,15.447015977626009,210,High
32,64.38816840162877,40.40029220008606,81.01043961046251,44.53510554432684,97.90694033834728,85.12774934813254,512,432.7205348350408,2.8776513702517033,12.60745626776246,134,High
4,51.48085043859237,41.00401840160002,39.71937026440247,40.2017426993762,57.195110161919786,91.13662044957348,512,486.4,6.915004443335737,4.568079600046003,197,High
8,84.58380854362058,23.140244245679995,58.20684875625087,62.84009582823514,94.90414766166371,91.08728242691173,512,357.5880446495618,0.9355562602854635,15.451993651944168,127,High
24,84.6606444114745,44.43553812387854,22.339286926689578,76.06582368235055,44.413285075802676,64.2138773845328,2048,27.303010496798716,1.0180605107353913,3.1017650599381534,132,High
16,73.84499396419477,79.56829432027041,58.46283789964354,77.75200944697966,43.5841103652012,63.187309763841334,256,243.2,6.459693009273997,12.00290817852162,153,High
12,19.486123965681607,23.80142057656883,23.130032183495857,68.58674417762971,50.000735931588224,76.06988439513393,2048,996.6623094703757,4.710091826973783,10.851094402785204,207,High
16,85.4968475713662,37.543622600386456,59.77340595906411,47.49299879443877,69.74254581555553,98.38860809649242,1024,355.53078569836987,2.6211714431836786,13.32215158578365,103,High
8,70.39116824796189,76.49859988254255,68.3849692139415,50.229851307273655,36.76159664513327,96.02614888030426,512,486.4,5.4526929250540705,6.725480810098088,224,High
32,72.73217494038695,82.61212502583012,45.11763705249121,91.12887903112055,86.3886032678957,67.98192408779909,1024,110.3316798250584,3.443027021044759,7.027531874661646,192,High
16,42.66845563634845,56.425472804954275,54.869039049816394,92.07466790435568,2.9281384768146235,88.99147530915221,256,181.36866132625175,0.6372898072502587,10.368505276641848,93,Moderate
4,89.13516005413061,75.84594707829191,88.80880489071274,80.43391227164321,43.97641950284423,96.06588820457287,256,243.2,4.732173851229723,6.973086354478324,194,High
8,75.28344402113717,51.03617349239136,19.770683023252843,79.85307833673295,51.099184997991784,63.04632328588025,2048,506.2003244809992,2.080227591094899,1.6202633905331774,74,Moderate
32,20.133141987627504,32.7930596019302,81.25596036996876,75.86092768166844,60.70322382630962,91.51478248014699,256,243.2,1.2496782579654406,11.945620477176107,67,Moderate
12,46.70002309655464,51.85195948183252,25.36790958965768,52.17555314211929,27.607191236586324,63.394781345458824,256,243.2,1.9642756862461273,10.614190945826907,139,Moderate
32,89.77423257641276,66.39742561625143,13.303718452416556,65.6950420155942,42.74799709858353,67.16410629436054,2048,258.57402730042423,3.5950262273401155,7.355692191339716,244,High
4,14.24770315276411,95.84426254823123,26.7017142470543,81.75367908780272,48.45377502140566,59.94103454253771,2048,686.0008787353445,0.8240668033410616,5.542443413201792,130,Moderate
8,96.52749576778446,25.500076167094186,78.85388709734407,72.23513632020033,68.69099786832132,75.35398995363568,2048,611.5252242674185,6.2404905140670595,5.8108875749105255,114,High
12,71.12463114876064,60.59152750759685,46.4613466003174,41.114820043305954,77.3544184735814,92.16554471306206,2048,862.9196789002098,4.1394671077008525,12.115429355676948,184,High
4,66.82383798790389,46.31358225685795,88.52684651615637,97.2134084032059,73.78273273437873,76.40260687177562,256,243.2,2.404475170750202,11.937413184693142,222,High
32,34.350333083919224,60.66493554213557,57.22367870640392,90.6889631543286,34.15830522895853,56.17200048465487,1024,61.3517264035534,4.965531512576439,13.283776305118751,102,High
4,32.391260986525936,21.918035790122534,12.002531673369786,55.63270084658427,99.94505229919636,62.588796611358504,2048,578.4442659997868,5.727537230369618,12.432706423541635,32,High
8,94.7852397539736,45.04202837612651,74.50422486417341,76.98753610997777,84.86653117871793,78.14309336406694,256,243.2,4.490510081892621,12.369163031590977,88,High
24,36.84452088107105,85.5894518021604,19.920961784910943,95.39436302369126,26.00233731449689,79.15937277852801,256,24.48486771017118,1.816215432418403,4.776598510831475,129,High
4,79.79547670470994,64.315338708371,81.0441670115732,45.76066072681908,19.510580567282755,78.84529517724349,256,243.2,1.216874730951884,2.524188318981458,59,Moderate
4,45.38096183863713,56.04659942528939,25.1292294824662,70.18176884780203,31.40212505833905,53.8501746253108,256,243.2,6.089348030717013,12.426283990540258,45,High
32,22.53286637062336,42.84200573722717,41.090174722496215,67.37458155077766,45.23448529996449,87.6847946317377,256,243.2,2.0254681880863132,2.4792702948362937,58,Normal
32,10.964376792582305,43.84340182330847,78.51442866628243,64.61230031701194,85.07993783196139,95.47140994945033,2048,330.04415324348025,0.630535799403735,15.731671079424698,227,High
12,58.983160331372574,50.64811468724676,95.88082217287794,90.13531653357549,77.83622637945345,75.52594738649499,2048,246.69302456435076,4.678863703002639,14.126339011750105,235,High
32,97.82009366940395,86.84565679716484,43.42905555820591,62.838768801847436,85.1246123505876,85.94146433859314,512,486.4,1.493754644118034,9.001924028817808,231,High
16,43.2222574428284,97.37705654466147,84.64601981790422,43.81979999446045,27.19571149103285,95.70077460182756,512,55.9412360713896,6.941303828469739,6.282753476532421,245,High
8,42.147310059374036,55.09243050802996,27.171303892825485,43.95026452985815,59.34612224518362,82.1311377474008,2048,178.8908913591595,6.153250406306177,8.902645539211434,129,High
8,40.968245606449784,51.46822709982095,82.6461793182242,42.56467639147654,28.324906227737443,83.71628622155256,2048,413.94992638274925,4.454897219007915,12.01452749655056,53,High
24,56.84894535743726,87.72406206558902,69.17446533306259,64.54872531244223,10.902316071949315,86.07022066919774,2048,362.0439627166308,5.920126676955532,12.344949678409217,36,High
24,49.65983950818642,54.15242565090429,27.34691564911316,83.1043766619016,68.41977434746806,63.02512257270325,1024,353.69416099152954,3.5584820549965253,2.1049899797487646,206,High
8,89.1923164054313,64.16145378365209,37.22535643162704,52.223347715830926,14.299755119543878,79.13389373584137,2048,117.46946298846514,5.625160589005829,13.072811423422257,220,High
24,55.49687125511413,38.47533316789956,21.85937997373324,78.78811122589298,66.76977617064715,92.10875572722281,256,243.2,4.702468090581482,10.622456225577332,130,High
12,55.69820543697119,79.48020286232602,44.4670309957882,81.22530832622225,64.79643049054091,64.80813651303754,1024,800.0128442714887,0.6861902118027636,1.6086942085780422,75,Moderate
32,22.453443524850094,62.55906546166255,28.328377701094965,55.312127440935875,81.0248444424017,94.85852497984301,1024,419.70575977942127,6.666924839093475,5.697418087206854,77,High
8,98.44655868193473,84.72276401922733,67.95981582674261,76.03345936363775,13.95546045635644,81.0190974882816,256,243.2,6.095977258278466,8.659620530414738,131,High
24,32.497560178194675,82.45861840229358,99.50545937985028,81.09210040161085,78.34801485088109,71.15874257165281,256,171.94361522414434,6.697148038855942,3.8267723830821243,182,High
8,16.60276607136424,37.200381461602284,11.080824677583772,67.99681736812754,99.92765259462371,81.15914807001465,512,79.01424983389033,5.253878574645302,3.328607933118321,72,Moderate
16,69.68316240776879,77.25084404462099,58.68278319585688,60.202995836805705,85.10424485859022,70.09299528445382,256,243.2,3.178395990800544,1.2142174689599314,84,High
4,63.58297331411854,84.00435263610972,61.629993779410874,77.14909309445963,75.18120763276663,91.90178009240873,2048,338.05887018449926,1.8454039513608345,14.673259501768879,191,High
32,47.363108859347115,47.6885792625916,92.27879107127306,98.67082523968341,66.21653546947076,74.11592900337985,2048,356.83386073745135,1.6699762591781486,1.8416193254528093,94,Moderate
8,47.997301049261026,33.808729032181965,55.54048012902438,65.61048456213868,42.17814846854294,95.06066798771684,512,486.4,1.4419556145205155,6.4901713219604344,185,Moderate
4,80.6557528941788,20.210572446367053,58.933127768042574,63.50410577710726,73.05001678916022,75.49040404239132,1024,710.6936354196565,1.9339626771698653,4.086574559072349,70,Moderate
24,27.614137608968417,56.072292247451855,52.448752119554975,67.8560141455668,72.41780351404532,83.01841948186936,1024,758.7000838777368,4.079134086758069,12.11549653311042,186,High
4,83.82279870504007,48.19461852310732,34.20138741053333,44.573103606702894,63.149828268728825,99.88722105034253,512,486.4,4.944342911370967,11.607769862223016,189,High
32,68.38724025055163,64.39278670603272,15.042621992402232,73.1897967802834,79.62783782978285,57.348292050427055,2048,114.734322343621,2.5413676466057433,13.093336179429716,226,High
8,47.707279640157196,35.04328740710286,46.77919139888525,59.72184323303581,44.87638884268347,86.83645743667029,512,486.4,4.066855301801112,10.252124518674771,63,High
16,51.222575492548174,88.77324381331802,14.733232411661067,47.28532733987575,12.125271213239063,56.94361139579668,2048,910.0449242566483,2.718142286450026,9.874797405000026,88,High
24,33.09824864674862,40.62041725024877,59.5443222519326,67.97540446704241,55.90677276092374,91.94331828821981,2048,243.8579255631399,5.027314828880973,7.106660732078267,218,High
8,77.69028994272773,38.114368407011995,37.65642789180638,40.203039194438645,26.504352871134262,79.82266905810059,256,243.2,6.925160432081633,10.545380501633023,209,High
32,56.158726807474096,58.45712451874847,58.024216137288505,64.10711470976554,38.44330974291502,96.90797803032297,512,415.3024671823468,4.9786102944887425,2.728083774501296,92,High
24,38.87690884748592,59.90808189954194,22.0867267955668,46.34411607558703,1.7414903941226023,93.29783009724342,512,486.4,0.8836987494447467,11.267692738032771,183,Moderate
12,63.644510418485524,37.20681830280743,93.93669691654237,41.45756220398682,38.27905879178834,53.74360187344117,2048,173.94696981510168,3.6020272259209305,2.5584663679463198,234,High
4,99.61610068461907,41.74885813807326,90.50691191949414,89.46850277467013,80.88011061354547,56.865127083943044,2048,543.1687081498566,5.50751870212445,13.926098537989995,41,High
32,49.173605169089846,33.576419132419595,27.099685828205605,94.97492819695809,54.272236693825484,80.05854643034127,256,135.35013656430698,4.024570440648285,8.58524208740583,51,High
12,92.86222607007576,77.47681426585333,40.90998549646089,52.460478901546395,0.9800526933971043,75.91573199710373,2048,540.8054937045348,6.681909693198837,8.955353568034608,230,High
8,41.05151559321095,81.60712250032655,65.21434946667816,72.35789583005567,46.98438202398473,58.42825653067223,2048,251.15801649664067,0.8560159148273729,9.772864033078537,85,High
16,14.92594362324873,56.98627979674261,18.611758657531563,56.6774894278591,29.145164764540745,56.467961413582486,1024,457.9418634811265,2.3925110314219076,12.640787484682857,35,Moderate
24,28.3817895731586,77.1269618148014,41.91110390045357,69.61464632033093,47.75506553971711,78.19953917208065,512,486.4,1.9346676996586258,8.17705931308251,65,Moderate
4,47.68256289949158,78.87483135499565,32.60010581371055,66.19787925364962,40.4692721447877,52.44607739874998,256,243.2,5.489544311463327,7.41382110470983,155,High
24,29.767143573511213,31.06204221422469,92.3965055845027,56.14306330482914,93.19792195573815,93.68676514767195,256,173.63611305442527,3.904654945146044,5.325001851593534,231,High
8,10.020433439642998,97.29424198676294,86.72595726602847,82.02361477811786,4.117729896301581,90.35414599013103,2048,894.3364242635213,1.3992373737945376,2.92059026076387,216,Moderate
24,92.35013839727745,85.68255576771448,62.18494671401774,47.589457559215255,68.35880112819322,89.26849858555447,512,396.1372714480172,2.356356212499282,3.8551381161404965,88,High
4,85.9491470107836,36.35867689566588,56.83117031844168,43.184366930282025,85.10265963017414,50.79985735203705,1024,845.3586029198221,3.8972855994764366,1.0079176552874856,97,High
8,76.80630083382525,34.893202859685616,93.76532150908575,86.06052598223675,95.92385846504754,52.382047170636895,256,243.2,6.97483837814872,14.04132471678501,81,High
24,25.103313608142578,30.052891646366618,93.91850046809338,79.95580187324079,17.76362265442959,77.49195605753643,2048,863.5864860453105,2.8679003231999167,12.474375923483228,149,High
16,20.832721858898744,31.07028500335347,97.23971128164943,69.91156744878387,53.13048019661939,99.72128444470889,512,486.4,1.5193696327080195,4.280236432284346,225,Moderate
32,16.084427452514483,79.8529439222957,21.284099569736888,68.06738622835249,4.358957731721191,67.11581004856758,1024,513.6289792106006,3.7309324176457768,1.0358513589325797,106,Moderate
8,75.16262698956291,57.57234055612989,24.450202968685318,69.84468276948557,49.91835244550885,67.2187408202672,512,319.4132466703255,2.5162114520149275,8.381744572930588,109,High
32,93.59271646190967,82.63473381918938,70.90630288118979,66.22144456592036,12.545808954098192,56.71389834309917,256,243.2,4.178784354885563,7.188597989726058,136,High
8,48.74822388217333,79.70039154801643,58.72910289488604,63.57353774987075,83.78966746987135,83.71679018697506,2048,802.8886810897536,3.533616968103969,12.64009932013088,208,High
16,20.722660479644333,68.36901708041773,11.661931440391237,69.98143617316722,11.387000260536484,82.33383444970028,2048,387.37531332053874,4.981684491131398,7.043432600462768,119,High
32,56.11535386588959,74.90932852629436,15.577753239056744,71.71091026958563,51.32883603864953,55.066120818957955,256,175.0563571284556,6.442889607638856,13.961692112856376,126,High
12,41.39487167127671,21.46845795033134,89.92723440329246,81.51413884501726,52.10960689927538,73.37061435341755,256,243.2,1.8033432799968816,2.437573435978793,97,Moderate
4,43.73424319149979,44.94221174440176,88.19837159854477,82.67242964404136,97.16504979316053,83.35374544109871,512,486.4,5.837670457394588,6.487871293788221,183,High
12,65.91975617401366,71.02577434075282,42.15438297964406,62.65774480840868,65.49806940388882,74.67580681609635,256,243.2,6.67022715106548,15.00911348003096,102,High
24,74.68463019359821,20.747596278899536,90.19455552374812,64.81243136460932,28.784029307680193,83.71817909323778,512,486.4,2.928462929866754,1.175944334903182,70,Moderate
16,19.954323898584477,22.638155494607474,63.43075669581116,62.42183018417338,24.079930993813846,90.81351987157448,2048,134.11699853204098,1.2388075538785421,6.8618413601038695,232,Moderate
12,13.203120772582874,88.15103859763066,82.53150823170117,72.19214641754263,12.824820564506489,84.29077165608838,1024,952.6841917093356,5.842422610088796,4.895548900997963,162,High
8,99.48972724171433,74.72198893536574,48.46879640441929,67.20121227485171,75.65147240490595,80.80571179152619,2048,747.8855233186327,5.057122761348553,8.977910836646172,210,High
24,30.945551402399666,41.22957864962751,20.205849461041787,93.3757877881716,69.07566561823386,92.67951284722466,2048,353.1302669710664,1.8826293314213363,5.1815020041794195,195,Moderate
24,14.844747241761317,75.03702720949673,49.035435638141465,81.78167601498836,60.98771273081059,95.02942839348941,1024,311.5855040732715,3.393953355686576,14.048620681922086,145,High
12,27.0887796186328,83.39653353114106,51.15698181972081,93.91938302526674,4.084044294998835,69.4443218587902,1024,647.0010003999578,4.25694934218427,15.057073792799114,122,High
12,13.506206171361779,44.5435426488081,59.58497744565427,82.54821949356554,76.28288663942945,58.6624943861943,1024,597.572068856113,1.6040515632342573,13.73701445610911,131,High
16,45.26298051554545,22.882990199934994,19.50244416139852,98.25952891142884,64.18875771484792,90.89302020040253,2048,919.7473344787496,5.146933373092138,6.978517678419239,133,High
4,82.21616060061919,94.62232997501876,99.22616767446503,78.14420669531614,96.38888681104883,60.68765536497416,256,243.2,4.984237819063318,15.84900648304298,121,High
12,40.71200047819485,47.61438706365044,31.972313872621573,97.81300828978328,58.72021298768121,96.44753348745428,2048,544.9612238481876,6.266322981325586,12.025544749362876,210,High
12,49.97650661905299,28.51854106277651,27.869716318338362,49.49019342456556,30.395190666170812,51.14389726109517,256,243.2,4.187274268783268,6.334134049429285,245,High
32,70.80280962106949,59.34854971145179,57.412262697034286,43.148660849764234,38.15205521893203,96.06355913096517,512,486.4,4.23303469952164,2.405392317981926,213,High
8,55.800466306289216,81.4774236531307,58.348736145539974,74.74751111223156,17.584070537823248,79.45914963060314,2048,851.1879873040706,4.526017813800459,11.005696245725932,48,High
32,87.53011174191919,37.73178516940473,49.58386640499199,99.00959234798648,72.29141822013851,88.73710582564408,1024,842.5332255768778,2.2795911989823927,11.928511663477526,147,High
32,87.94321075411808,41.55920401066907,79.4702931692729,65.0563148381438,70.77216600217253,69.92462935322023,2048,920.0029103600409,5.430938033307019,2.8368869933269147,94,High
24,10.891962594203829,39.41719894388665,56.49889606557424,52.722601731577576,20.065001547767626,99.585814595444,2048,76.92601096631353,4.806245198207103,9.246045276943867,98,High
4,80.02416758348792,99.33384422653425,64.87259096304857,71.29248695161084,15.84893231822786,61.37757137831452,1024,587.98147126731,5.954446565495921,15.806319760807305,244,High
8,51.46602402175065,35.7922986984434,75.1371746867007,78.9279174747333,7.70049332021946,63.21718313190874,512,473.70866525933866,5.495809032321926,5.893631537487053,82,High
16,98.99564871732967,66.04161735728992,12.252259140747995,58.91072173095334,91.19757436817586,52.571622201873645,512,486.4,4.6507194982764055,5.528425336492957,176,High
16,53.490886828789165,94.02117133255715,61.357976429054034,82.88616150995557,23.306983369485113,97.02366815307191,512,465.31149758400085,1.5457989809123933,14.549532491394466,95,High
12,98.82063508494677,31.75172551022234,89.57750241055324,98.50687042274355,34.41635267518039,72.80146517993381,512,486.4,6.474457600857395,2.7612406699758343,205,High
12,77.9112425085163,97.66833582941602,11.564986863289052,93.81778730263702,28.050450837749064,83.74262073596746,2048,325.2485684427694,2.8868791789904646,15.002912550628505,95,High
16,32.37443961519757,95.79817875164997,46.4663893420865,57.49512241073172,41.36246026107911,84.37203637314204,2048,468.1235708134806,6.767940695358955,12.69230590410234,230,High
12,58.45554813582619,90.765758964661,93.36047051852469,59.6034209886759,71.40487993824833,93.72510461413388,1024,208.6757174720748,3.1121602130035564,6.862606133993797,47,High
4,99.29220755307244,37.16452170640018,41.783896205428405,62.292473466975316,87.05956337262845,83.24626253232046,256,243.2,1.4485989024406103,2.2532143052822753,109,Moderate
32,87.17775469767314,70.72440448087866,51.285594178021675,63.67316670361872,18.259874952854016,78.10105911520935,1024,663.8158825104363,6.2514583587478425,1.2876181188067672,68,High
12,18.7630204412099,80.87131783689921,98.33872537398815,46.019169951596766,68.64123437411651,85.51592620955218,512,125.76657886815534,5.667881810836583,6.637467946566713,156,High
24,73.57347971289965,98.88223425571438,27.939147305551643,85.71777033335735,35.25621422424852,87.54853995015633,256,195.94359288473055,5.610924364735407,11.580303767152667,230,High
12,41.10216272837317,34.43390576650963,15.872967021250535,61.92035581664203,98.05271682972928,59.2963973124241,1024,532.7542139756009,1.081169879752268,8.312938202033532,80,Moderate
8,10.628403569231331,81.28207196154372,87.3480331775174,92.78919860232713,29.891915928407688,55.48335194883765,512,53.33529768338339,6.215318914837786,12.079778392158849,156,High
4,46.31328721242996,47.104093594169036,88.16188070911316,95.61643738720653,0.7192956007859963,53.742442524278154,256,135.65772942618764,4.376604141558596,11.058562730891643,180,High
8,31.127897955247416,34.050117245440184,52.487005121201186,41.465878558461284,51.563997401984516,68.70267472612683,256,243.2,3.557312285774199,9.593607840525495,190,High
8,83.69823434684244,53.71015529710839,56.278645702955764,99.31018419569237,15.073108427593773,74.90001199188725,512,486.4,6.435615539185401,15.512486210872817,217,High
24,40.35975479611889,83.50687297188931,85.22257326560525,82.60136389001107,4.44944268183991,80.78249491449304,256,243.2,4.829268791132612,11.92576651530205,216,High
4,84.47713245584353,57.187984296324174,76.47035483042156,71.22353355957773,69.82692319477086,97.9017259844805,1024,354.5114021580726,1.3647003550444086,14.719201737721633,127,High
4,10.053814495131578,63.00184801624388,33.86341019953096,63.3716565023532,73.22592825084566,66.53939101035031,1024,937.1502947713636,3.876991644368574,4.6324084648004265,183,High
4,37.70372350235073,99.6127528160097,11.520401956436661,71.11108795658278,46.069901311650256,88.04370260386372,1024,35.582727681303,4.638007827509158,11.704594401658017,174,High
4,31.704869287698575,51.928743964594084,53.17301462801912,59.47748343870667,67.68855167565772,76.56788097974425,256,243.2,6.340579535255622,9.96704295122739,210,High
4,31.021062496174988,69.23206037673918,87.30210934860773,77.36126882179289,53.82394482471339,61.004496604345846,256,243.2,2.319311660886851,14.864441452582797,107,High
24,16.136795778891642,49.21953612922975,90.62512090211459,45.57881658668747,62.980110772193164,80.76527145643796,512,486.4,5.662520256708199,8.656795264365599,234,High
12,26.841184336945155,51.4228517062964,96.06035773685385,77.26735617470861,59.67039731879612,98.35880891448518,512,486.4,5.69878387492585,5.1946206854372745,243,High
8,59.99946128970579,75.65126027563265,89.16069138515032,56.52069100830665,66.58227640555924,56.21541496256362,256,243.2,1.3323216513539247,6.772584405678128,200,High
4,36.222496555397,95.03095808759068,62.20391997682885,41.05808974314078,19.963064867317126,75.36398822746145,1024,443.4551387214412,0.6120156879131741,4.282447081393918,77,Moderate
12,47.565530409623314,63.38871603938571,50.01450393124908,73.16234596977266,26.87066200367002,52.58041770752641,256,243.2,4.279163023339967,4.299594990822801,111,High
12,43.918019231246966,81.47199431590238,79.73648618806891,74.70686535116178,43.9963149507692,66.0608149448181,2048,967.5989061207349,5.631612760891407,8.056323790399915,177,High
8,88.83144324999051,27.136524705357104,76.58394709290368,65.59414028269217,44.61280094191864,81.03013387969956,1024,891.8844301993404,4.103800358127431,14.388532529394569,192,High
24,91.47690991094639,36.89264299455416,58.432908707330895,44.33717395301901,77.44117115869042,92.05284680153773,2048,670.3824732373441,5.78675865379919,3.8780401429188402,62,High
16,54.3661274490274,60.170531273562595,17.85946353026222,93.60057716825149,36.739365922953205,86.51642108630355,512,486.4,4.5449704130388415,5.318050181861733,110,High
16,39.714035528404395,21.600937890301985,93.34732121082268,76.68584843367333,16.25051560591824,73.14283891077369,256,94.35238658252189,4.746400350869952,13.794821920773078,128,High
12,19.612063360212726,40.2283983010047,51.004228375149594,46.94279797413817,25.146597049107587,95.46113785520733,2048,383.3556734233341,0.6830037674564162,6.08884416340773,233,Moderate
32,95.80625914438855,61.39210318599729,42.70004037246379,70.65583459564886,21.47335023842284,65.13573325118853,256,22.96157074185871,1.0758883189762698,15.436201029845712,31,High
32,15.420425041026771,21.196895860504057,66.66106556518946,69.83525895690829,73.1660019256022,87.69917051125832,2048,185.69751587834088,5.2126925151531855,5.033804146953118,191,High
8,36.788524981145244,41.163702898083336,70.64541650502792,43.62411212757562,47.03396146259821,73.70045108738313,256,243.2,5.458481335445879,7.632151325478667,105,High
16,36.82595810530037,61.12246555806956,28.96191253272713,76.41158221617685,70.86306979709835,94.93178773363879,1024,886.7060074963301,4.024156857418118,2.4341490878911127,119,Moderate
12,38.83611575261934,65.85193983849965,85.32449603289605,88.49958393529386,41.621968075762695,89.871641082688,512,486.4,4.336073328431725,15.882636929479025,155,High
24,24.785815894516837,94.06013544442443,36.094338429614005,84.94048325490868,88.97356025039052,95.07348306535476,1024,667.4967259384811,4.493377958993004,14.352130673134292,189,High
16,80.48452878313275,71.62764986004862,26.801553332288503,52.178164849851,98.35203077227345,60.71239244710367,512,112.78338920363986,1.1824435725506712,13.263433793141871,50,High
12,21.02480757693903,53.1788642023995,46.57598675690477,91.73755177325268,66.98425087026116,83.40752160581039,1024,668.211886004246,4.841405927631046,3.3601370584141095,34,High
12,67.14159932378465,94.42809417064542,75.75040728077187,60.552529939561055,86.38125572362189,86.923170404082,512,459.80325019549906,3.6100548489533275,15.540370867718705,57,High
4,21.14614240352357,82.79063867102354,96.89123605958231,96.79050269751647,50.79332671720627,87.12071326412968,1024,654.9258292660052,4.416399348467314,14.937269285198864,116,High
24,16.34820738336609,36.000713689019804,82.835313793429,44.30487785354282,93.46208403539079,75.20002252336687,256,243.2,4.160421887268397,7.535071629962789,77,High
4,91.84865533172888,30.46738890790558,94.63135399031725,69.17252131119056,83.1586485672828,50.562526117397624,1024,585.6710822465384,5.459501614951253,11.224555445521101,125,High
8,27.11158896868351,74.06493085941864,22.654522366887413,75.82746263065295,99.17785717660391,63.071539193453745,2048,429.8286038626795,2.5706937141538786,15.886876415380705,226,High
4,83.91251391037339,64.79065324615871,16.40591189773091,54.859005908476284,62.309373532778054,66.16504375021906,2048,563.0506848807102,2.927920592938438,7.146178292493728,128,High
4,59.01677839964222,83.17388910342046,60.19342857160041,86.28281132321366,77.92067402682285,92.60183086408807,256,155.618623146502,3.0454409924097674,2.6956853358112447,99,High
16,17.007086764789264,79.10440400629491,36.12677347396309,77.61374078864301,54.28681399782135,92.04429085521102,256,243.2,5.455964644631081,14.016685522284952,112,High
32,95.99033722942607,70.0169227086012,84.52494756723456,41.08656623727733,25.912010427142285,55.23400520188916,256,243.2,3.302232041719729,8.147276776637451,197,High
12,32.22650502927033,98.91057373031137,70.47890842620934,76.50211544177415,35.47551711297577,97.49179408856287,2048,739.0305754462802,1.6509860160503556,15.804541825889029,35,High
24,87.36808108173459,62.68717840883269,97.3655347587215,69.48869406510678,89.40054147313161,59.12287433257455,1024,709.3454188283848,6.889766307710687,9.263392906072113,171,High
4,25.192900520610777,29.04846052013759,32.93131201581738,51.761752102210465,5.594794659862057,70.71797256504605,256,243.2,3.70698211576956,1.4421640538380356,148,Moderate
24,86.85485939276676,86.26188518527907,53.720570291970915,99.74489362357178,59.147988607440816,60.75784830553777,1024,635.7350363603656,1.2101125405144098,8.375904454065703,154,High
32,11.190593161476459,40.14826898765672,55.11164296828179,93.8297316896569,37.24840325041087,93.01662344146787,512,321.4016584955386,4.856787213952566,11.770931939934409,96,High
32,56.06024109125326,82.18417185151347,31.525911537163857,57.550461701743814,38.669253800555566,87.47010159296559,1024,785.3924166029781,5.304555323935144,1.3904504230461947,168,High
4,79.24983214794011,96.56856768000411,63.1084059539207,72.46425524791698,88.45712064137673,67.6764403443902,1024,502.0276670982901,3.75144845290782,7.2017307154364305,196,High
8,94.1315965743505,75.74364111714729,49.89573874713156,58.99012839461744,85.38223745462265,84.09393130130277,2048,201.55827852278776,4.701971918802589,3.333403006773644,198,High
4,91.82819225858384,67.68241287598408,50.204940039088626,86.52974509816468,59.88423755724687,59.218344208577115,1024,749.9373536438552,1.6223866191377447,10.646452315320378,53,High
16,83.76623825928804,56.830894054003245,42.646298317523524,95.8198859917873,27.291884740433392,69.11485461880008,2048,141.20608176203672,2.891495504322463,15.360187731670619,200,High
12,89.93722146951737,49.15278927963226,11.523641718298155,61.52971641486302,47.545634616202406,68.85537941690541,512,186.3717979336679,1.5518859219155052,10.368773568329393,138,High
8,27.929771725336884,48.2403800777469,56.98857132233101,88.33505494861765,40.8293393789216,61.89683408606989,2048,761.1683691507958,3.0170291663712545,11.423165595788337,239,High
4,35.576586614055586,70.90981645676725,40.1723052130298,69.9044525627923,35.36180292024953,93.81560247914413,512,486.4,4.158203394214974,6.948443506384143,124,High
24,36.007167242895264,80.10184935501968,10.11878820858967,63.794713678694634,10.278557855729641,83.94228677395631,512,486.4,3.3765061466824364,9.447113034278747,231,High
8,43.93485379015289,74.28136555875315,37.71493368957388,96.30531112592618,54.311388671532036,63.99696552818996,256,243.2,4.3558964647823135,9.157865645287897,183,High
8,45.398860334666985,35.87280809548502,35.07654997807813,70.62428132314189,30.183129787448358,62.10603803145187,1024,867.9215827978037,3.7614346268955865,12.39409517901916,58,High
4,59.00997921892079,59.51897441147929,45.410333790127225,68.0446300154479,66.08079429275284,50.89767354996195,1024,725.441454602452,2.5657934271114162,13.853674705304428,31,High
8,24.389178702979727,83.33120577464504,21.866679067905725,80.34606411774058,31.920393582553075,67.32911268961773,256,243.2,1.4322039877865789,10.943289164246497,59,Moderate
24,72.21219974073904,58.0563262551245,55.6915442171576,55.674052061097065,43.11634931348017,76.33856416576592,256,243.2,2.1423735992383017,15.697132028860691,140,High
32,25.080988537405585,62.92986237883951,72.3196317266317,59.48757224729894,5.236037419440754,63.88554709541882,1024,583.8004941588772,1.8046361373148991,13.424325887867495,103,High
8,37.92776338940928,81.69088385366578,66.71670121491152,95.92275017431737,99.25380699054777,85.0229138214885,256,118.30082385827914,5.098244908989618,2.869701233753876,105,High
32,55.301061754553864,72.90122450120732,82.33794528122716,80.71179072621655,50.76103832751758,70.58747645056332,256,243.2,5.829784488680476,8.612130975792567,241,High
24,81.67965053711296,52.74759367059141,50.6807459188373,89.59822886626034,2.4237594164172815,65.81589185053339,512,486.4,5.182525934446267,14.548541180406552,214,High
4,76.55223099148546,91.63301689553751,56.71825573057554,56.26670571612578,54.12306587611441,96.95288293951657,256,243.2,4.684271955468529,15.159023030968207,147,High
12,68.09809207694701,33.00536549307829,82.9361746773085,72.62741139579232,87.03539993056498,63.140043864406955,256,243.2,2.5010337997895022,6.703089076485971,216,High
8,24.019593452215314,99.64131588722597,48.49310537373147,98.2837760193699,77.25521342662026,69.91288100483281,2048,554.9500078970143,5.121406134192323,11.88556092274787,48,High
12,59.234081105402,29.508206278098974,73.14394149096373,59.122233941693054,70.0906684129454,69.11453942603859,1024,563.8121761579808,4.433042489929451,7.158182254635674,83,High
24,17.87018516198969,21.195997688339112,49.11421318461927,49.62858857902251,13.94646545990349,62.05991728356241,2048,373.92863199785546,0.8048068834695669,2.8548958326914784,227,Normal
8,43.96268591169857,91.20151209190118,47.59625750604064,70.65316049347985,65.77370789874723,60.873836990520836,256,125.6171909267352,6.3994787695572,14.269169573836274,149,High
32,47.216487726096325,39.59628066927649,78.41850620762443,63.269265323492576,76.62983780122603,65.11900094067018,256,224.75917328732913,1.0196999671606553,14.979296840684617,180,High
16,13.583029550117844,78.37597019573766,25.735322391959002,49.574633967202814,57.24190639654966,93.21180849655904,2048,771.1433368026976,3.7676013770324523,8.571257968987098,240,High
12,34.658928952297465,84.88122999456554,40.47273747474162,93.31308296220209,89.27490045203515,88.35414436146453,256,243.2,3.8349494926739207,1.2746114623021563,124,High
8,96.00845205398404,88.71891128256935,30.17550490722116,99.44343463322667,27.69897817848854,84.04997570800262,512,12.2305237922554,5.9405467269294805,13.240543760443895,62,High
12,95.82693470467206,99.32753885313333,42.31989486708374,74.11493084139987,24.214469973925056,72.85514963212466,2048,997.0472469202347,6.434938756775381,8.154405493461862,95,High
8,41.70943488272854,43.523176803199924,30.73373401294216,86.48060610240725,86.9569744942646,75.38769923163017,2048,218.57541151186717,6.607892644813654,2.1254253631235285,236,High
4,13.879009805349165,76.81946735418073,62.14650679779892,91.54230217277797,62.53982429914524,63.35694227467302,1024,658.8293173816899,4.202868867613358,3.840872243072423,168,High
32,26.118544539536337,29.231988662466257,81.83537223560607,82.05892036130962,0.1447220520999326,53.71579569179588,2048,927.6527845292438,4.913774496375423,3.2817901034564256,119,High
12,45.299601409018614,52.54474330854795,80.79517550961117,42.649362946703874,35.31314085110525,66.55202783602411,512,486.4,1.0753791056816597,11.294182994795714,175,High
16,95.30017281723067,87.83773546500723,42.80508680939132,49.458053903009066,85.78559858146745,74.77918779961831,256,243.2,3.6714540704861447,5.491142393012171,94,High
16,22.70791571834664,49.412643684728664,98.98843653048355,44.259351469083185,2.731951164174329,52.86565232596662,2048,976.6079950273268,6.33606857757485,2.915357759671648,189,High
24,78.7164259301391,67.28763044284912,63.44689282352207,40.59277639852339,0.3247928261508881,54.41166510285532,2048,861.7597916704879,3.462031481747397,14.764732393537653,161,High
8,19.781428543722285,60.30187549797073,45.946027160046526,58.35978452543419,28.125929052512976,63.15126164422836,1024,562.3250477915781,0.952360580317299,15.347965885237047,115,Moderate
12,98.31318196521491,71.67612248896361,85.19853513172829,63.541357628893586,91.40000370092778,68.35401867963807,1024,370.0659011772554,1.8041674257069484,3.0786380915045837,65,High
24,44.34548491982215,97.83155115101559,75.68866113783767,54.46178394015554,90.14775814700164,69.66584055593526,256,243.2,3.291794995830715,4.453537799648119,214,High
12,79.77110850091505,24.45884212011217,77.4347803141694,43.876278885179254,51.876194580150795,55.894303314400254,2048,843.4079065086389,2.0439339819088405,9.881810794096237,143,High
8,40.833197453001866,65.91692140013038,27.652541476048444,71.79178545020065,55.32368711396226,61.29106772673944,512,486.4,3.049901804721184,3.257617742477111,190,High
16,66.49019894429279,89.04230234002279,52.14918766316996,56.3991591974285,33.20080113171888,63.082362603180435,256,243.2,2.6642521896843836,3.378875393554178,171,High
4,27.281447626603306,58.5106169398742,87.56453177421425,87.76222929181374,24.373666202780985,53.38174381006231,512,486.4,2.5730388433036886,6.048640626060851,205,High
16,23.141891736726627,26.282174875325826,55.36342068658816,40.48315729751687,81.52218542121183,66.30498502948487,2048,482.18635858003677,1.09256996341943,15.237554993020076,66,Moderate
24,94.42577256113182,64.84314819334168,71.51074690789453,90.55162307725661,10.629486049964143,53.611078637775364,256,243.2,6.2376454920628115,15.436632945344027,162,High
32,92.58825501139901,46.56591126590563,62.91403597308381,97.28522073675742,48.73543708786357,85.17289215548351,1024,13.327246630110007,5.002590647525185,13.62682374738055,79,High
4,89.87220461915942,32.395342827034874,85.81211089465438,82.96810378921418,63.439725949708446,69.30238832786551,1024,766.8404181523463,4.55198240504931,11.435693768935758,218,High
24,66.28901051499341,87.92276106267784,35.61047557854424,84.01864391575398,10.368029037102922,66.33761946891873,512,284.2282972139141,4.442051152620144,11.81010048785129,243,High
8,82.74413900946504,61.72796103928973,61.79277500977284,96.01373869616398,51.960709547234615,56.32610857518034,256,243.2,3.0772644606452824,8.043592646311012,98,High
4,16.21332432202374,94.66211299032534,21.09112012088236,52.54427711802094,57.75212879124432,61.32518277224479,512,486.4,5.851549507534749,8.952319422333234,130,High
24,40.131013770161125,84.48132036824552,72.1189699029521,99.6739340925146,74.24960605073649,61.63526044695618,1024,61.72864555139442,6.5452599605316015,10.516789900089822,195,High
8,38.233281228144065,75.43774350189338,75.87710545174409,86.40887220271252,23.483604914753286,99.26021074366514,2048,928.3441281428642,0.5365121184703674,11.969299562418836,203,High
16,67.20807897573519,20.402040269224955,13.855358907009858,83.59424249966762,29.33275032907583,91.76746897542466,1024,11.34830321412135,1.014790099447048,2.452692587658269,127,Moderate
32,42.03619961235765,54.225876531059996,70.82118672651865,61.66543473971757,56.95211466330334,50.76311458167158,2048,939.777423677152,4.887341512880814,4.373305145193326,172,High
8,23.365610347931273,35.798902532162586,47.322113874920774,72.74664912433664,98.31264099816141,80.84182953842398,512,460.2109061725822,2.034433697699969,15.444147869540183,66,High
12,63.682036787218934,92.86383288390942,21.16871884987141,79.23506729640081,21.749318282011444,62.79550482109619,512,111.10139890030139,6.426082492004232,6.027133981908683,56,High
8,83.29455286021734,33.96671877410882,47.791679292862085,77.22057167903296,98.5903827123464,55.21884644097921,512,486.4,4.838184923255657,5.027113162123043,141,High
8,44.39111450139759,42.88480413274284,27.480963672602353,82.29907830865484,71.43425330544812,85.27998815598774,2048,896.8978614640096,2.893893158531635,7.328669681864848,30,Moderate
32,21.904184358863354,61.34694141875993,47.40035789109849,44.94290434470464,82.60820696300232,56.58027747341746,512,443.6920886791438,3.1993356180662964,5.363811256498931,186,Moderate
12,27.701937758154074,41.069089519846344,44.590512516267495,61.3389059699018,8.964126823633922,72.18703897648678,512,486.4,4.990736284102627,2.3677028882778277,154,Moderate
24,31.373497465244558,36.789174182329695,76.45524732424518,66.04000099572863,30.042018743063224,81.60825824199621,256,243.2,1.4162666669139314,4.1194169785630494,229,Moderate
24,36.990783369508264,67.9279460082202,79.67940023497229,55.637757872497986,5.773627965098105,77.72473780774943,2048,248.293815475875,6.242177221602962,10.602396963734998,164,High
8,67.85155634556781,27.11436182040191,64.6325788946092,50.35763621615342,37.15469950031752,98.88145491513714,512,486.4,0.5310160397961555,4.347738355790991,58,Moderate
12,64.08509360839471,24.65342069767398,12.041815796420279,48.33564879477177,98.12896599200519,89.28713065612612,512,302.28473825370486,6.86315519647513,10.715007950422532,188,High
12,72.64718754103353,49.779623614885715,93.79200511638946,61.983003535395106,10.527306220633847,88.70966880637448,2048,432.07422399025836,1.5896956223601126,2.5012134235520507,67,Moderate
32,42.62517860783618,77.65315636062898,71.7609952086803,69.60650203375396,56.237278237119945,67.77976970405156,2048,288.9482098122882,5.323723830990236,1.6281452438871367,37,High
16,84.15978866919805,64.38454066191584,13.077590492906996,43.77858640879964,0.6070622813812321,50.419774604207085,1024,451.55163094978116,0.7595105957805435,13.923515239887882,124,High
24,28.367889504018425,53.830117477342306,83.69496092927061,96.78748567543298,71.26828160440627,86.7205464835344,1024,15.03814210399969,3.304287843780102,12.400392933125396,194,High
32,52.213667276633856,65.26012513796658,28.02395392461965,85.9145993716455,19.719269237204106,99.98660421478363,256,243.2,4.597038935041893,10.9904152426956,216,High
4,82.08448493872872,49.23611877226189,62.129907061399614,83.85110639112798,12.958453712476292,70.29395538718077,512,450.8411232983188,0.9564784743550461,1.4634884940529753,236,Moderate
24,26.21427829593573,94.89170683456904,51.99709329551684,50.37163149932361,33.701781216078764,99.27592494785587,2048,635.917781869035,3.3814079378495046,4.590309027306089,211,High
32,19.887680236670466,24.392391272861946,47.7854904119569,76.22804608073133,77.10442979389815,57.08540547671732,512,486.4,2.470386620216446,13.184714907283908,215,High
24,89.53155709191907,73.87131832238681,90.07423481119578,71.78349680852004,10.66130863112108,64.82561758183587,1024,587.9477622857879,3.738583477786753,3.1700149758781686,125,High
16,40.86366964832763,91.30261318622004,49.36251624063532,98.94813074720163,22.983899579869536,58.53634658712353,1024,300.1015112963739,3.7797474837994627,13.192801598406454,55,High
4,71.54831124181288,84.31077669882028,16.780970581583567,84.86030620480948,0.8464421617309537,73.7587986463408,1024,947.930272776388,5.604005437975006,9.763503245637702,205,High
16,12.281374383754464,34.72328278571574,95.19748544934573,74.54571302297387,96.8414862695618,89.84907007536103,2048,398.0501255036884,1.302779434891835,12.105525516954689,142,High
4,72.10421995685047,43.67410791842307,92.84817081156648,91.04875998820734,59.214559998886386,67.03308457689769,512,224.72500182666724,1.037677406808532,10.667606176767595,40,High
8,38.44911803922734,77.36383509656838,71.5989420623439,49.30565625164257,71.98996363846994,95.31144685759358,2048,558.9678102713075,3.1122865160521402,7.254843701256318,52,High
32,15.016676822869757,26.741644734461243,52.11032753188225,40.91299178145863,65.13831711560145,77.24152066648925,512,486.4,6.268879475947461,5.3796602334538655,191,High
4,64.88314853933053,84.94893598660673,18.357352564916916,81.41400000487138,14.436455886967437,73.27122068709386,256,22.111237094043563,6.059251877868604,11.090937678862707,62,High
16,31.672343446585593,77.51255556838322,81.16733067197286,45.89868761423425,59.49399389939941,89.3517921097638,1024,283.58056732159196,4.139953910329158,13.103693227073414,238,High
24,44.8126517846692,78.3685319388274,16.79301229816261,46.92601839901055,13.141559514126211,55.072174852089226,1024,826.7280740740296,6.277029823312196,1.6709895424279262,159,High
4,17.252273105786223,28.01930962140731,16.17408864056311,84.68084358547183,40.12364539631279,88.68762356053374,1024,511.9508824517422,5.734733384066627,6.698634005857459,142,High
32,23.24469259854508,77.42084358529847,58.36454581954313,56.232090648039346,56.8963135925293,62.147600008641334,1024,414.4034215341149,2.306606490604821,6.260946762697945,90,Moderate
4,36.817951194625934,74.3854500175976,24.41154161661762,77.71787293413357,55.88811141021559,64.04062735916187,2048,931.5922667864887,1.6056908228978957,9.392062606876788,161,High
12,18.078355050414142,86.47379926574804,10.69572406063141,95.0444155655649,11.907342598274095,79.97268866600399,1024,98.63974615161031,2.4575172563485883,2.7088758458169955,41,Moderate
24,91.97436382176836,23.327676500517562,48.08020878962076,58.9884718982715,3.443596964652218,95.09672125231026,512,486.4,1.9762662098522934,15.00129115208919,186,High
32,10.544233886558057,21.848853477423376,22.349550844905934,53.02864947039513,79.82343138738138,78.92034748854324,512,348.7668290813392,4.547672152281531,9.227654026507338,136,Moderate
32,53.54741969778803,49.84056799028486,24.446387375262212,46.3937730244631,72.59224369960053,82.44746743972435,1024,80.11516430999646,4.301844233035226,14.856292064256683,132,High
8,21.09227123192963,31.90306270793223,16.92195748618012,47.82774168518357,8.181890456473806,88.82972948026371,1024,221.60706352471198,4.389842992443081,13.254113851924759,199,High
16,37.69111805301537,64.67075820561774,28.458437835124894,43.733361722730564,12.741551880155344,62.966237949624336,2048,631.6538808871115,1.7304729871944173,3.8745829347277203,240,Moderate
8,93.3453603836439,93.38791212053991,74.39357617969505,45.25854272978441,89.25837763896203,91.36168364020713,2048,37.99416451601185,5.647107714296852,2.9850851843943578,214,High
32,24.552509794658818,51.31837842672126,82.80345764960123,65.92027532854924,76.91289016217799,70.89800745335748,512,486.4,3.3185695430271034,13.918753600013924,207,High
24,96.92490877464994,87.59603018180833,50.72802796263706,59.25190270143818,99.61602962166741,58.78278467455812,512,486.4,3.570937482382464,9.041503338763286,95,High
4,28.521493929047953,20.019269961429316,55.589843429327594,82.39364885937988,25.39874492050217,67.50590397305625,256,243.2,6.980252000373057,1.2961412184684764,164,High
4,76.74094976201467,33.48117147673474,12.938953113478235,92.2144994948201,48.78029888688149,62.30655558591127,512,352.1411085405072,2.334766608757863,15.013401226590396,154,High
24,59.200953840758054,22.43388317232685,16.238463523418517,87.08639218854306,23.64595760623557,61.43568025678229,256,146.82556989799224,3.0618970267001204,8.095425990895965,86,Moderate
32,89.60308548370833,46.25177444120549,33.18109530845652,71.83823539993914,62.28001384773098,64.12815993595831,1024,470.4137895738488,4.897010851376567,5.514044526285936,75,High
4,59.85939299528179,92.65516765572022,58.95085786418328,46.146526973959205,11.541423909131797,59.04654073710448,1024,399.0209318166214,6.222684631236569,8.748968067559709,51,High
4,58.11032972406778,27.75616988791902,76.55960338614936,82.58603703649321,12.72431727430331,83.38508785413214,1024,972.0156304236135,1.3240765434462025,13.343775856512327,168,High
4,27.59122003315599,68.51278213950403,64.45027552042298,61.76972348361241,7.188789140512264,78.99958785175586,512,486.4,5.277797741776565,2.654391025536856,190,High
16,24.960642584649285,56.11967512955553,45.29150694881094,45.13902363492461,69.35860822641669,82.42209464917141,512,416.47880976055325,6.468823418971079,6.383993548562987,211,High
16,92.48402360039628,95.077456989265,20.64916657028244,90.54798443275754,49.40725774332068,67.18623619140803,1024,157.29614369463746,3.2490099872746487,5.783000098683376,177,High
12,39.50543789650307,29.801531402967505,80.26959113984705,60.29299103095033,61.773121635463,88.48667012870222,2048,911.5034541464761,2.363724999067864,13.594742800422214,34,High
8,43.48740294666064,36.96222804017832,42.740744643915136,53.09492995069428,87.93010465893589,56.480437047708236,1024,795.6068529103234,4.905291454037092,12.677009139658184,97,High
24,78.38412925855495,22.363357488919462,76.24486130345106,92.2871238771306,74.03284847553586,78.556835473068,256,243.2,2.099478733048895,7.0015605186539815,43,High
24,40.49411341805266,54.7148199705099,56.16809577229077,94.1280321068203,46.172291816669095,63.77264861232369,2048,371.7010965849899,2.9978833525573596,10.967324644968398,160,High
24,95.68562019751025,42.226631965172345,76.47958482056427,60.33825023149359,98.43559883942264,76.38049503488057,2048,453.6841693237302,6.329936931583718,6.916682234421727,143,High
12,76.41349920989202,89.59247471122568,91.65606053073147,61.2880851568824,45.62561011419732,66.18185876201196,512,486.4,4.3371615918439534,9.569707574743505,239,High
16,63.7686318316078,68.3952650558204,92.89265644484217,74.77771165498865,11.24506732335332,89.52558825456477,512,192.7970132859031,1.117352232898988,15.868229419376789,215,High
32,89.28056444902772,69.12725903805614,58.15961020005431,84.00648962863949,99.2654747252716,94.56359194190472,256,243.2,2.643033954401411,9.03361700853362,56,High
32,14.464531751453448,62.55285575050419,56.03575282890749,43.788952114411806,2.28207300148473,87.12906116858156,1024,28.00872649888383,4.577223573262945,15.828620992457601,33,High
12,33.13564229702879,27.34802697833608,33.91106189525535,75.6006194313083,54.988355948775215,58.77918564246234,1024,921.3662732106642,3.629734641505406,12.207986593971155,157,High
32,51.853270079881895,55.60149469802842,94.22198483763623,97.1692037070149,30.909548869970926,63.743344919418114,512,486.4,4.792205558885339,2.8108343539470964,224,High
24,30.42806855243689,99.96041517668132,51.21272504796588,55.72563383079722,50.355215101698484,95.96790327592079,512,234.48034807776045,5.449369214922214,12.939492529005202,93,High
8,76.95146685719368,86.81834326768119,21.483211535863944,94.52963284581602,55.87129525945216,71.86100638291006,1024,12.82793778901059,3.6239982813306026,3.4192846220472273,248,High
4,92.72872279483526,91.47672433336928,48.94344231638949,97.01010044578561,24.00958962784876,97.05902046746334,2048,563.9510040573265,6.915185960962599,8.98492912579919,249,High
16,48.1393107937831,85.85810873971995,21.434792521420356,56.14921845826538,55.685875573726186,69.62258444311334,256,243.2,6.445380191880353,10.198678516984284,115,High
16,40.79193401007055,28.243335474478613,55.227851583136754,85.25211195312103,75.60611120055376,97.58873302953319,256,243.2,0.889398139446266,14.383456828290402,199,High
12,96.53956589238096,38.19586032518397,60.514796337059096,54.3265004991736,26.650983724399836,96.28694938666655,256,243.2,2.231802395376419,4.156363153856722,186,High
16,50.03671895447867,20.24973210851277,40.398018534422675,84.25666970392797,38.34261333139071,83.0263444993308,512,97.14378889832463,2.4535328300135966,14.13913108545794,109,High
24,54.01435604043549,44.28080999024892,16.44855528083362,87.84519827732956,26.82426931640579,50.441352423075145,2048,510.00111354512376,1.697887318355069,15.017406639374515,192,High
32,41.648488510771486,28.688592187719408,94.91531820699151,54.832342222638964,82.05597309882025,70.01673409879685,256,243.2,2.5281072698281215,2.3423102688935247,48,Moderate
24,91.85936257109245,57.82346762412664,79.60178021350866,82.9521726149941,72.49822592095967,95.56175648477979,2048,458.06412528415524,3.2613341140804915,14.279276770180335,145,High
12,61.20599349536657,74.17019908591215,85.4992972454609,88.7262723318454,87.11964372184073,94.25551445540574,512,463.45519878648355,0.8350813634509754,4.887700729116205,123,High
24,78.59571284634802,89.96042360304617,43.018155485760644,61.5147323264147,17.004989290165927,59.36939000480568,512,486.4,1.3274515348606941,2.2150142407320628,236,High
32,83.06260465157978,79.93737320727186,78.47479270175054,50.06216655938361,7.357963815975155,69.95912479845512,1024,531.0899743160519,1.1255982121576447,15.378615338774864,98,High
8,40.766413772553236,95.08684766228042,53.68356056522748,45.51787403905082,11.938350385867336,91.77549639397358,2048,141.24186347403156,0.8010601044532288,6.883052308743863,60,Moderate
12,49.03248981883421,24.311863231503104,28.097513956544134,74.52290221659652,16.101833282423637,78.89389266250272,2048,205.11479002018203,3.62973063196052,10.344752577054544,200,High
8,86.36245969656382,20.974386833323315,21.198103921649196,98.68588715894279,53.30826606748024,92.36496167231003,2048,150.37313101475957,2.669720040969943,9.293096796929728,124,High
4,42.69298165082292,72.907049106897,41.054578238985115,89.37701920133297,97.09120703627649,91.32836922242815,1024,696.3626263975484,6.580406992723123,4.197728869897487,230,High
8,81.45416201066662,43.1481928177797,22.37969003276257,66.15037833607317,35.723541661678205,95.37410034762415,256,243.2,1.1679434803712958,11.043485922505978,234,High
4,94.68930903169934,40.28008128846185,99.84420785836618,72.19725417129752,95.85082693602051,55.861029409729085,256,243.2,6.519229682281869,1.6917248351089744,178,High
4,66.08893357612062,46.47096701550354,14.427009120881985,56.77167312470914,3.820079498917972,57.26075707267579,512,486.4,1.0625465130964848,4.0464238946799,139,Moderate
8,76.74645587067,41.58368463138913,49.70292394321689,49.78395204160381,92.68722028146583,54.14045144845262,1024,332.5367131631971,4.524912752928828,15.169956264009167,222,High
12,82.45875808370214,60.91491250412698,50.688417015134576,68.9248694939364,18.11526073049712,96.76344205477159,2048,572.4255964600515,2.1102471929460824,15.302612868861498,234,High
32,86.05356840069783,55.2118757779306,37.056873572350796,67.81009397003112,91.24749857193488,73.75811921889465,1024,83.66352547529644,5.874236702210186,8.239827877201803,191,High
24,45.554800407111635,60.994284110132504,61.42164091362508,71.31579716822561,5.622743011546117,53.21626417412241,512,486.4,0.8995863757598042,3.5360760837066785,218,Moderate
24,14.613711325839835,73.81708892003489,23.497932173639022,97.16827513383645,94.82194474950326,66.07649512570205,256,243.2,6.691303012502565,7.3243009155243,65,High
32,46.16886441130656,50.970440717691865,80.55211425285103,76.23371800868634,20.079826431886083,67.57063205649834,256,243.2,0.807171802163851,14.15606249937849,237,High
4,70.63806068056809,40.10461497137254,39.920294642287445,76.34631019734243,30.27140600731607,90.47799117383786,512,486.4,2.06723624395867,2.054110816540621,231,Moderate
4,50.53153472027135,33.296042944699636,63.22083308187776,47.681485771664605,49.09423441029581,86.77384460854614,1024,760.4479846224644,3.5172007194380353,2.9180286574527043,70,Moderate
12,77.40668357743587,47.95792956261004,74.40753124602634,99.78933197060923,38.07208812354752,84.46935247812846,512,486.4,5.4143762626804,14.434792687840911,191,High
16,42.12841865217975,79.34451801969377,90.0137905921145,86.37069665408012,66.752796926315,51.093177629568935,2048,352.19805297210735,6.682232664031899,7.230751010391176,182,High
8,67.12697269936265,80.53639280891757,85.22086928069801,92.6322006456403,97.48077672500773,95.53478982131894,2048,349.9039883947903,3.282275803413444,2.2518790771356434,214,High
4,26.777782436857713,73.35243093473682,64.74781252932036,64.85802470985965,60.642649080494074,60.77776334578708,512,486.4,5.422515609816172,3.0881361576097235,94,High
24,77.44324929804613,38.72225402454997,44.95538623454982,70.12768574713749,72.14854094365492,81.45307023463388,2048,915.4287909629427,5.226556603894052,14.236722669411906,105,High
12,59.112637193172326,67.04689966837581,55.28842030674676,71.32502854973659,8.80052503057015,53.090952150570956,2048,553.0123676941703,4.212597819390893,8.351550574367675,153,High
8,28.365794969194052,65.65517292614784,79.18613140409224,51.64567235737631,62.78124290700053,54.07630459360273,256,243.2,4.990974644655328,3.444914617918667,51,High
12,36.27200561480265,58.74129584877804,88.97909883035257,81.36934937961743,45.384977704641315,50.47886480650611,1024,867.3415149562123,0.7474334399301563,14.410896323921731,217,High
8,77.3747837723649,63.99831891070914,19.34037353590047,94.1786034170474,88.57823579196284,78.29638222726653,256,243.2,3.3702531058338376,13.679183337681359,211,High
8,53.43411120953686,59.343250609893445,44.63706362437481,49.82234908830514,38.821109964310196,81.46898348084524,256,162.09873206549995,5.608094511390197,1.3453502618245596,150,High
32,29.442829635376498,65.23650928592866,79.85049385721506,45.17909640916987,67.94541440499191,52.52311516166144,1024,643.0977482554252,3.582437442517751,9.714851616242079,51,High
4,97.05440713332679,77.2404763696903,48.84865863345649,84.29313433242052,22.815372825907907,64.52424423820194,256,52.19559163563725,6.177779797475165,4.665049755710616,218,High
12,74.36125178351992,28.77025555227518,39.90049876596555,56.39210990037893,25.9372533524196,92.57272070890083,2048,385.3108871048231,5.918646197670617,8.997037179708466,155,High
12,96.14213492858165,79.9700601719219,47.01904271409426,77.43175249703975,37.61224309222736,55.06541834114571,512,486.4,6.112399196120377,5.1890249830799595,223,High
32,48.43945408243089,30.870892010207534,64.25602721077158,81.74550027953083,30.406353750650272,60.827358227666565,512,302.2640337359064,1.3449784565832963,5.738144213379566,202,Moderate
24,52.759030662254844,25.330239872829978,99.98246297204213,59.31464581490931,25.387883939007484,71.21956042362135,1024,932.002324282798,2.086917309679458,10.027787986488706,229,High
24,90.81596945665173,98.0863748977174,54.36931861940786,88.90867584554707,4.96687059008093,92.11370513165579,512,486.4,0.6923822758788473,9.082887666515909,98,High
4,57.254440622084616,96.55934150963532,28.764502745883448,72.99933892685301,83.6746331752459,62.74245272376021,512,486.4,6.888204724609858,6.927885966712109,221,High
4,73.65510207151004,24.834923595245122,24.65619177511853,92.13996447710817,6.4301530891284315,99.8568507681671,512,486.4,2.034897906208953,2.6135195774352336,39,Moderate
16,32.6955589745977,55.460275317996974,13.811477272877287,85.79761315353684,88.73655156029676,67.76309065692641,512,486.4,2.8861066741345747,15.541358478694237,224,High
32,50.205382183237646,34.89959506398198,60.29355114264893,92.11453792224722,12.546538906806026,69.32243292418116,256,243.2,2.287021906984835,3.619083257050768,40,Moderate
24,21.11048792293196,58.82759177075344,59.01148823399508,41.209682927073644,6.526173706265903,56.10531021153972,2048,837.8051471177737,0.7586585484952126,10.496758674345848,185,Moderate
8,28.53820322892655,86.41417943996699,28.471053410227825,54.61037564431568,56.30047639806971,84.00989504282654,2048,497.87720323020955,2.198177062465705,2.2411714405609677,34,Moderate
12,10.084907374086798,96.04894197943122,72.57964658073104,45.40047642675632,50.244179257472176,62.17325913922408,512,412.65280676473884,1.1382718303500972,11.32469248818428,41,Moderate
4,13.533854648379421,70.74021227612299,76.69963374667127,66.52498103136095,49.12345688318851,81.44337976475231,1024,618.6060552627936,3.0628400614998004,2.422596750758541,73,Moderate
12,97.95554408592363,48.31245337694536,33.318838484390014,93.39760729691909,57.45043275013978,61.157886420146326,256,243.2,6.784356769189041,4.442625122589726,138,High
12,31.811832562308606,68.26604525156787,40.96897876267629,68.05241573601215,28.705660611915572,69.39361336132339,512,486.4,5.038705418414816,10.704777990670568,122,High
16,69.69796385536017,44.96010448867602,99.1424505112531,90.98278267482365,66.29492734296112,92.83360459772088,512,486.4,5.094855133751229,5.244027879165301,119,High
24,85.51897289196503,92.78589126656483,43.68380210656608,59.63069428115907,50.24022197071832,86.9452955737035,1024,748.2645773106952,3.4456435663931595,8.99276222721885,58,High
4,59.559441331290785,89.63203704846696,78.47215045804916,60.37420436831515,33.47434669573253,57.729544997186174,256,243.2,5.77347606948141,2.867580900061139,235,High
12,23.783005007556056,64.65854002237288,50.7452883966946,93.73370381961266,82.6500666980728,80.38540836870507,512,485.64078611517704,6.403847084964132,4.036008088993044,65,High
4,75.53047936025497,45.98391323042884,81.40103450748784,65.5490287907021,72.77210963267102,81.43203258369047,1024,143.5852384931056,6.750075039544835,12.006638623819248,64,High
8,64.02262690896248,43.47117404663827,79.21209149043831,87.38592926767998,39.3610341944622,54.52842367509305,256,243.2,1.1434364478517205,1.5270829042334917,142,Moderate
16,75.81255304126375,22.673439576404757,70.09804226786821,54.19861287291408,84.76177852288728,73.29028271679678,256,40.47135987380622,6.217686056202106,2.6770031478557748,37,High
8,79.27719605713784,85.26566808202362,86.93005116660213,96.92804978065813,92.02582501117742,63.033419783380396,512,486.4,1.9630387432430954,4.224340279159595,45,High
4,97.78693309162706,56.03065704312064,94.52966453899167,74.47469479183427,53.68662670843625,73.35650713817415,1024,830.1739050402831,3.0822348629404206,1.3028583865642154,72,High
4,61.6206952024039,46.01063427202115,62.19849884068755,85.55941411470411,21.495245015692078,88.85354956614376,1024,674.201501901492,2.7456017656281713,2.4306804775927793,98,Moderate
24,40.747700142154166,57.68882839982031,31.372201650047113,45.37094198769313,91.57921565469869,57.912977990515984,512,486.4,4.888345260564167,5.220872164543447,173,High
12,68.36181012102134,85.49903923637216,45.87660654796675,69.55985354983173,18.947962009551723,56.16521027940219,512,486.4,4.3865095115196455,2.3937617737471353,85,High
12,16.15966383183635,29.969136616601695,78.2475142161964,94.0623098640414,4.8423226417269145,63.46582475528865,512,65.86855193690457,1.209181685992234,13.991791450447995,70,Moderate
8,90.76575864894276,88.61247905934619,68.57951366114825,92.62231774259827,32.748700887313085,97.61377251732915,1024,563.7883522743749,5.5883470918443585,1.9911068576673236,106,High
16,20.74429102043771,91.80070680866832,26.001850470872387,42.80883743405365,72.69663444610399,87.39121055924832,256,243.2,3.3576951117097247,13.914755487673592,37,High
32,39.505855409723644,95.73663320271106,14.611558703178224,58.2219081477368,92.32740863535494,50.972793140727326,512,375.78275270459244,0.5144419816427035,13.342901290903992,83,High
12,83.41708425635088,51.79903939381022,71.46654341878585,66.5992003887448,63.72856468144399,70.05024212416883,2048,464.98930429152864,3.194271234595403,2.5114239184508076,119,High
24,63.75811404976407,37.37123232301375,32.59711216264108,50.33588886134729,95.183854696666,62.86989895401926,2048,776.8547389248956,3.8561552423567425,1.3778697140786718,149,Moderate
8,45.42719682496979,49.89126547733588,54.97032193561481,83.79989865939822,9.237083927589662,81.9072284186087,512,486.4,0.9476854538534902,1.7498802234297086,162,Moderate
8,52.60920934375193,46.63296769851226,77.20720952613348,51.070719735922694,6.075372958802006,72.96462267670965,2048,479.933487916828,1.48237918620531,9.855670968606354,38,Moderate
32,86.90926538819623,34.092313000228806,60.64001025906998,60.79838166219317,60.41919507436641,98.22492624319705,256,243.2,6.958219114690596,11.055304367328619,223,High
24,40.60039474539029,68.58133360811904,17.497232480061676,79.7968382114691,96.61163224927549,60.94892254921191,256,243.2,6.1627701131461565,10.309800868693468,100,High
16,88.26847163309542,58.12993284069031,26.702221310519985,68.9253606714688,50.2721308954724,79.39282079994703,2048,255.90694589096245,1.3666282257532107,9.12215277987847,59,High
24,17.932098787902234,89.25607938592029,29.73953656278272,84.31426231809363,5.151522593930514,85.01050074951112,1024,268.3838772541457,4.272011098025667,3.6202613594423365,110,High
16,79.91185934877677,22.56876643856466,33.207782828036045,97.67247407337157,22.121865607745615,91.27822446726908,512,486.4,2.9650814319127305,13.614308419529072,137,High
24,86.27928697492626,71.5094342044101,60.88630527554538,46.99280126291185,24.479290641577066,70.34855152140035,1024,349.12179186399914,4.034312656549478,5.913324045403728,124,High
24,26.36358875536049,81.0359102809249,55.356920184285414,82.57406298388366,33.785712913695,84.34609538287407,256,60.885676209720735,3.5584787581880173,15.792672941693281,94,High
4,48.73118791349804,80.75892553506456,28.284403452778804,53.820649337926874,4.360338358621263,65.16007356921413,2048,350.240513036031,0.8129680126669505,6.772866968412858,249,Moderate
8,24.894979719729008,90.88591736764201,16.079935911011837,64.86860364445415,90.48927004979163,71.77380461809102,512,486.4,2.55023202144009,4.945072659615481,59,Moderate
24,73.5943716094796,78.32269942635952,25.428898402724627,41.97176354770839,51.55639447214953,94.78135656016997,2048,815.8457308105491,1.3158837831828234,14.413762206726062,76,High
32,58.1812991255491,94.2248049318157,98.5943181356743,48.15444293756194,67.0930792954109,97.49538046654772,2048,962.3173145784377,3.67829259988986,9.511212447865498,124,High
24,67.1791012037489,46.61252798567132,52.1692254812325,59.18663734293398,6.717283689500897,85.94086734636323,1024,748.7582172602262,6.397558679867032,11.827756602621097,117,High
12,27.683827026059003,60.256753340123446,88.06109542319012,60.5191483172791,5.41154678036494,68.71759453880925,1024,434.5630933226685,6.970963021702035,7.1259817499086715,188,High
8,29.057127584717758,21.126373062631252,86.3877220001959,93.97511298772574,58.64677720405472,91.0028894987332,2048,306.12808641290803,6.6376449451360635,14.303732589153853,217,High
12,13.734759295891573,20.556606984263297,56.036760171658635,84.5087745559909,88.7296010504208,51.29335408627101,256,138.3336902691805,6.907031312336265,14.765878194764909,104,High
8,38.98607816761567,39.21012963612159,73.6018937614489,98.33097809122246,52.8482000959547,55.13729552697105,512,486.4,0.5991010525723086,7.551533966753721,135,Moderate
12,60.37701952003074,28.06457577112682,27.347680937144105,75.94429062011443,87.78191725700715,83.06868681876806,2048,514.7844809679164,5.241405359886181,4.610857530531408,109,High
24,87.2141422597596,40.81690943486029,71.95570344342175,54.50282392547908,81.09912730552394,64.56242876350288,2048,680.9245012796998,2.2741672661474857,10.71507076650232,166,High
24,70.02347027128127,34.163463562271794,34.514612133696055,59.659301795298575,7.585378579492074,97.5693109200239,2048,244.7618248905189,6.12651685874939,15.318765007307736,233,High
4,49.18566910597763,22.28160198709186,84.88558870787357,59.190155397518026,20.19574743856899,71.80303060461523,2048,330.4077264288461,5.789267689056276,10.33669689359412,211,High
32,95.7808102954724,92.74433171248396,17.53517197980189,59.589659659795096,65.77106691553425,71.46824101945884,1024,299.17439600365265,3.2538847432392015,15.313336576116047,90,High
12,74.73206805182487,20.65785051111132,79.58248055967498,80.37785038670894,44.350138255004154,83.90397550954657,1024,799.6753237526665,3.576194388170524,6.157119474589218,221,High
16,93.7148682576295,78.88657154696683,18.99432159117576,71.84847568542497,29.069981364692055,88.37842811530948,256,179.5175167147133,2.2230958484515027,14.726186061998126,237,High
4,57.48291759449491,32.171830953561326,89.30703132048781,63.12545068519866,41.86338560479791,73.77793690625683,512,486.4,2.3772262354319627,2.6885024862489106,126,Moderate
12,33.30138473138256,92.978369759968,37.37840663215033,48.945386123723,44.51996462706344,60.70004508558621,2048,60.84146560151566,6.87763375184315,6.3825162840652325,35,High
12,14.754401772824979,91.42367516719086,68.89540283475174,41.32834977652875,91.05522508215965,88.66543213628108,256,243.2,6.277543776356135,8.417068517358164,74,High
4,75.34763663354654,72.3120917095406,53.875205075825185,53.13008065526155,10.345828370495303,66.01756374368138,1024,73.27483599552535,1.747148318747336,10.796655073784379,94,High
24,20.91726982049807,73.77873198404842,42.96728307361051,46.44828423812088,27.9730746807615,58.755538464692876,512,184.11782488010746,2.290910406122064,5.412088674230897,234,Moderate
12,37.249761544477046,20.427131357575085,68.08976498651468,87.12670185113436,53.75648165827139,81.58200949625066,256,121.89504903302658,1.2062119549046901,14.86358950650593,66,High
24,57.92238170955076,98.78972528908817,95.27706824961142,46.74987746883312,69.82869266305917,54.52268334951752,512,353.25810034459226,6.927660089367993,14.552443137912398,119,High
4,60.79749290017729,90.22660828606516,13.714277263715967,83.45369423841018,63.06372889592436,98.56763375430275,512,350.2941035306518,6.39686402844856,12.990049194483435,230,High
24,64.05248772884224,91.60849805840736,92.69675702947939,63.13952138656496,94.16427377373945,81.61986322060685,512,486.4,4.088636915418084,2.7154378748759824,174,High
8,24.962979731473055,72.73956296406976,64.81734895189122,44.40270338462656,79.56089248194732,99.29477604608779,1024,233.4305768667234,5.003805175656317,2.1743642670742718,131,High
16,44.17636643394839,47.58295429236292,82.65828706921471,88.76380296589514,55.70768419744303,66.9446711739318,2048,95.52287435623721,5.361655107339254,8.471971826790126,139,High
12,65.54748044052701,91.49189192723847,44.548745809084984,74.7778342141968,21.46826916735075,98.5602580595199,512,486.4,1.8247729784914621,12.480156335438755,182,High
32,97.28369781704063,43.32135425209539,52.46586773538524,54.14569077181439,45.08742314022398,57.278112386431175,256,243.2,6.5753311926525235,2.848538393668919,79,High
16,75.48680239297198,65.01692346737623,88.19656766210475,93.68087045996008,69.33822441944774,52.03473861735142,512,301.87537986123925,3.9238276391905083,10.62156200404028,152,High
24,93.0343381384562,27.97847778751059,47.336317282884075,42.71549883223309,83.79621748360849,51.64920302273013,512,486.4,1.1009349937527748,8.917830866534604,100,Moderate
12,78.59908524827594,93.75645041062002,58.11936100741765,52.109176491865774,95.97362244223874,73.24351852996135,1024,778.2960023265775,3.081036950918849,11.889841296015584,140,High
24,63.25452720031604,31.261636621697065,11.817543077589962,85.12281566835166,60.54527661379176,54.15020987392974,256,243.2,4.4107026151476845,7.530628392494019,60,High
8,27.282103222271008,37.99174445843258,24.273820525423808,82.56267581859335,52.691936730443246,75.60839420838009,512,486.4,2.7933507445335706,11.399448958300136,189,High
4,70.00170867032617,64.6507326502572,67.75178571773198,57.35630162346868,1.7691923121148312,66.37502517544502,1024,155.16694093559684,5.0448287803869025,3.394130072260958,144,High
12,66.10416093639164,81.12744001703852,74.52792109574894,43.72149252116699,7.209906915017994,66.78144962370578,1024,33.41033305947855,6.233324872651706,4.218914098474432,77,High
8,64.22222534115397,69.54810447490391,62.434084310604945,91.48468433349663,15.610499763740027,81.7804498272585,2048,981.5542950627213,5.517298808483858,14.550010957210066,240,High
8,54.080728118941664,38.57071302401249,22.89790326480496,58.82185828419416,5.4759931189628075,58.15490030758101,2048,306.73354203100627,4.677277130632476,5.940626129461846,174,High
12,57.579094359034805,20.075443402199227,50.08648857200514,51.74280489569591,40.08632388049265,88.32766851698655,2048,286.1130302146034,3.8290236291758237,15.782587222548262,218,High
24,40.09982744062937,80.57204642459513,41.958528972687084,70.96370934165863,33.68785451388722,79.10154598893173,512,486.4,2.1540126576214367,1.6930689647513981,214,Moderate
32,56.73814233780728,98.8165860728875,54.60952096315795,94.61363195694685,63.73541578683929,95.74723144237555,512,486.4,3.457150072483316,8.438137224293605,86,High
8,27.780031511063044,84.79304962448724,88.32961310986849,42.61279467060252,53.56651079334027,68.24203268837617,512,486.4,2.4041938963981515,5.87480746669529,227,High
16,82.46569576243391,56.816529452529224,79.82752947927867,85.94824528185326,59.59707593878597,99.13574960335627,1024,702.3301611424233,6.571151977083211,15.939475555763837,246,High
8,26.719925922883704,92.30138091192853,17.559055125024305,74.34839367632253,47.197720293765414,78.79138233570116,512,486.4,6.397522520413297,15.8505213454693,190,High
32,17.646966090051976,52.787813849468,90.12782779971079,65.52694699310902,27.773714855425712,98.6700978093767,1024,765.7025214900526,1.512871491473267,4.5286493777939825,176,Moderate
24,49.26214237214416,61.9947267394774,52.459043603484126,84.6448266463036,95.2825314946477,51.35303270235577,256,76.51733910572075,5.847031437762429,5.00885319523204,44,High
24,69.24766955554557,58.17038139165466,76.94759303973986,97.94946546649794,8.640915976013897,86.3988161206194,512,418.70310558505906,5.0689455289123115,12.245083280755704,192,High
16,49.39451424401872,55.809909813241994,22.603530813791693,53.75237266976146,93.88909994653072,90.83107621463682,256,243.2,6.83887618364393,14.345116470914363,206,High
8,34.90787187561777,82.01526154351245,70.36475731363433,48.61884190432718,31.123804686473466,52.658664333824376,2048,79.86394213183543,3.5114926959011608,10.955454817823778,193,High
24,60.235406550139665,62.14151258155936,31.26934158485121,94.77290471336183,51.26614453672974,78.94848320081229,256,243.2,5.19413341419349,13.970634325920448,83,High
32,41.230210187097995,45.33736976201729,49.454280742683835,80.13718464743823,10.884232282754613,90.09711467947241,256,243.2,3.866245480834446,1.9493868309359221,65,Moderate
12,93.95809211139698,40.65265341267826,11.517658307389397,66.27916129371796,7.093106837100926,78.05193626115364,1024,186.7127031746746,0.951103228500312,10.607927220948904,82,Moderate
4,93.03806256432149,23.01978535739467,23.644957413742844,74.39557421585698,42.95454487186029,53.190679520273335,1024,311.97647644897523,0.8039708732889901,11.502563337560444,217,High
4,55.21346379748859,66.65561295064367,18.28724438112578,84.73683431057464,74.16973763796781,84.67236204491557,1024,642.7791136979824,1.2937243787186077,3.8547859459706872,103,Moderate
4,39.50955946164326,38.39691323208274,31.57697556444326,86.38191392234303,26.93647775485489,53.02984573366543,1024,583.5314109816413,2.4252419150407096,12.669553139869082,73,High
8,76.34191725609752,31.850713761310647,19.001628102189002,95.19365084913787,56.234788893532006,90.87344475082193,2048,870.0976085414917,2.1842351877771895,15.163977545520337,62,High
16,13.304164913475997,72.3063971062142,72.27190239576058,65.61056733373736,27.865034052281835,52.15170916533472,256,243.2,5.234123346588351,14.469497384170987,201,High
24,52.72921054392861,74.4967406257239,12.613591198829743,57.6046546011637,38.86130608930408,56.86986905051854,2048,965.9549417631692,5.153497776993808,4.674511268700085,84,High
12,40.26910548433002,80.17239138061328,65.59664505624983,78.37985600739052,90.64463184738247,63.75537952616342,2048,601.2213770122434,6.814064769020917,5.859889569582792,231,High
32,92.84822965922992,60.28615170708732,22.663704774301685,64.94367395677182,85.58396254949196,81.66823961304,1024,701.4826927475101,2.517540365375575,8.494170534193694,73,High
12,11.08027245454143,91.52436841631092,95.06453114601072,75.67590723693868,51.601754341762984,98.8179549815653,256,243.2,6.599938544573854,3.375417764208545,80,High
32,59.753338814651414,94.90742027185823,93.97846657988688,65.19914790735702,23.810562747207875,55.89114263099672,256,243.2,4.483528922670278,15.309297446744132,128,High
8,76.65972229599635,84.58967518339915,30.295279226886635,49.17974720069047,19.318391273302282,57.13538346069592,2048,721.534425605972,3.719506621435783,3.423949445662413,115,High
4,53.65161887716371,70.84747856065498,65.29791684007265,68.1656050995375,95.40873530357142,68.44351983504902,1024,505.2536472802353,4.840968955785903,12.421344369855039,80,High
8,17.68627271464495,44.29767628729509,12.52047875252126,81.45506931646196,20.271659651068752,91.81095688776601,2048,280.47481934842153,5.067910435306314,6.121422267563929,244,High
16,97.5215251025112,98.6355937296177,93.86096887460567,87.95702846005899,80.81683109125392,73.36154763754071,256,243.2,1.6175386875850695,9.605811965448952,164,High
16,56.62093882384881,41.93089337535507,57.06885773725387,69.59957660779281,36.89702095355373,66.08053001279109,1024,778.8888878149319,5.386150772979173,1.7076073659154236,242,High
32,65.27676198871103,36.21255375923448,13.89008362760011,49.914273412624055,98.56598475582383,78.06019161044307,2048,839.5278824388944,5.213622969035347,4.075177863059858,158,High
24,31.29488044367566,55.37232910292662,40.824999370732364,64.8812625789659,36.81557403627879,63.0261598722875,256,149.38142496573215,6.983959845667063,7.665868574818185,170,High
24,53.514827659612344,24.547245656991077,16.91645156751108,87.17763573050189,35.151662491072614,70.05799536237605,512,321.66474940738186,6.427660574371091,11.157868258607543,230,High
32,48.623454276248964,98.27955717374326,45.36499954360239,64.77155623702437,63.74636288776231,66.6302574616021,1024,430.63618752065463,4.950291505947894,12.663428893163196,77,High
16,16.740625780178537,67.07468451331398,70.29337079451908,81.79184761625334,96.15168066268193,90.2070511207323,256,243.2,5.130364135128243,1.4521077664495343,156,High
16,19.55443181927205,64.55616733313403,52.29009172372956,70.43282090068539,97.6209605796433,96.21278632190004,1024,893.9578059875089,6.648906619924804,3.2873532411818447,143,High
16,85.37252676568971,72.46370239197759,44.5349957247509,54.4733875065638,70.72061464669852,87.97860960784558,256,243.2,6.786658774397137,11.946876080338805,113,High
8,31.58379569859312,59.76189182217653,20.724134098641834,87.76903048138445,75.46063656363536,71.95417880149918,1024,689.5648755931071,5.875273781898328,13.195831387180244,204,High
16,27.546244434876748,22.565081367563327,32.04451411242907,45.05280724424122,56.34021759730277,75.21674887483319,512,87.03606409103777,5.488058045796546,4.548572909286792,76,Moderate
12,55.44203061251253,68.98490310723174,19.012895896451603,71.49341696530904,75.57757391323318,56.25368469647179,2048,415.4775392490735,1.223877851871792,4.444795705091209,39,Moderate
4,79.18724182262616,77.29391015651444,82.67488584909947,52.5334620546043,85.97796549704965,87.34323555672688,2048,491.80241667436627,5.897094244624133,2.320441592097488,55,High
16,15.575186672108913,53.33992484992425,22.171584518625032,44.023937712482535,48.609530319502326,79.82378396975221,2048,767.9764867501246,2.1457719099626384,3.254409633955101,79,Normal
32,61.912712767443026,80.58364576569544,63.58360298940042,70.17603622499493,61.9862262830103,95.12199980687183,512,486.4,4.164597924124884,1.1202383782336924,204,High
4,20.728939855651603,38.16010394707365,40.84663722299613,69.97372935609542,53.731669523304774,60.03055717875766,1024,343.9104034662116,3.1349210578459297,9.847468596668417,201,High
8,13.281494574305661,37.70212728529472,30.338054618966513,82.41405410054325,56.247061352867725,87.98630609663061,1024,532.4615010424823,2.7464474541420665,14.558370161341477,158,High
32,14.746955694599565,32.913359015005916,67.55215955428935,84.6850415831143,89.00479098739409,84.23358308595948,256,243.2,2.51662500953589,3.243641493072683,138,Moderate
4,85.07476973875973,49.75958078313295,51.13020784392466,83.66748932157381,35.56168302055702,63.29227669048761,256,243.2,6.0602760242736835,12.271654951615652,92,High
32,20.61752352652554,87.76096283112668,46.01309205561032,64.5735239750053,20.81840256006242,83.36893197704126,1024,972.8,5.499384784366987,9.60488029483745,174,High
8,14.063622797106277,86.23296497192514,63.35668044029994,77.90138723359375,45.628011027362916,96.21866902883248,512,486.4,3.9024168906565597,15.098828389197584,174,High
12,49.41098984286211,50.6259366370803,54.214086564100064,74.61671455863763,20.808519048126517,95.92179938335595,512,303.4388005779505,4.81912321011897,12.971837837053869,196,High
8,85.95941247478223,67.12949887841893,37.31357876964047,65.29370536701518,49.840042566201916,85.98132872580706,2048,512.8667686890578,6.899431677236058,13.790935341386929,72,High
8,33.61675388403717,77.66530531799324,60.31551589887265,75.83276165115959,90.35081053570586,52.40365562670301,2048,238.53220711477192,3.08397838255663,10.5871322855885,233,High
32,47.95413557733247,39.29654197024184,70.25487188956251,96.83487260237575,61.74335204824778,93.61321686600807,2048,519.3588797143015,4.082153939062238,13.170041793038049,70,High
24,13.593027930737609,33.45128687157977,12.402384272816885,51.57362462088264,85.54328533030777,82.888930350227,1024,686.499021375052,3.967904131734155,6.263042552197914,44,Moderate
16,50.417066272138825,97.76767945698488,51.928455601690786,94.34632574713157,16.61909196155118,65.52171265913672,256,94.66588186505793,6.583820438486279,4.135263922558296,158,High
16,61.98517725734203,69.40458505676948,15.191495612518938,43.2073308389919,90.08735925371768,59.36251808528496,1024,871.416032759199,2.7851557144705845,14.687799568494466,87,High
12,61.38163483769303,98.51325774669311,26.776487266129998,58.50335277409964,60.178716440711575,55.81019314986585,1024,597.8084097621177,6.910655876415345,12.015038171086308,83,High
12,39.918402295692864,47.020478970578324,60.44578606701758,57.288714916691696,3.17597887404798,52.51184496288805,512,486.4,2.480534488225702,2.360543454071353,232,Moderate
16,38.3979862596822,76.24253599793052,87.95700237390227,77.58190647285434,63.31189552850368,87.70516239753782,512,35.33559217700818,1.2078957296062087,14.003642916271808,162,High
24,19.59612570429381,37.80829092329902,89.45251112696364,47.873497106637416,95.1396956260918,61.792149947163765,256,243.2,1.7439280440733644,6.233559099677088,91,Moderate
16,43.01184885816416,40.896013701913034,16.294960912476814,92.94085671038522,7.916700047536207,51.21264680216275,256,243.2,3.270438722117418,5.474166858126653,239,High
24,18.95452019856682,60.952169701569915,47.7194577658036,89.71308450790248,58.24561304695721,69.86353259209946,1024,141.52398691963202,4.723413673916108,10.349703509295818,156,High
12,78.99363502408464,45.5694500406457,62.470583470409615,79.12394918111667,91.54786028697147,74.13035402961694,1024,341.95257873257265,3.859363930156127,9.528979541596954,239,High
4,96.96468679733673,33.40972510724676,23.236291409530907,67.50482990753187,0.969516833437456,58.461511545006346,1024,885.948241013731,2.9458081477338895,9.073850817482324,244,High
32,97.30670110000362,41.030456159146084,78.88889950702945,95.97736252852471,63.09129264658232,52.20241680812749,1024,523.2697521215317,4.153216227094042,4.823157751030404,100,High
12,87.85639894378545,22.859871557269173,76.9811732593515,89.84479328323336,47.49022918309627,59.45627415490344,512,407.26867259256665,5.952240796045343,15.396606268843296,75,High
12,64.07129344056571,76.35388971819893,91.30069123361152,69.95890888487469,34.69893186486106,83.95513809182872,2048,906.4414679283333,5.953051679650118,15.251813857442997,119,High
8,73.07791275194919,59.36933256686893,10.763741087509871,82.11240126725868,62.753648994537606,54.11218386256032,2048,102.41107923229082,5.220481273184499,1.0624328488374974,222,High
8,35.66852224123727,27.539445312362048,29.501581959010238,74.01579713078107,5.270209458741693,77.7518515278497,2048,478.39155507323386,6.690914978581726,6.067414437515627,185,High
8,66.76933781553586,33.7355194502793,84.44680428207896,75.27653430329588,75.30630462874002,57.32059939540834,256,243.2,4.336330338345947,1.6832299609307007,151,High
32,51.00845944958897,28.202763049011523,70.35220457442418,59.85856416624827,0.44794769197076256,59.78445867902097,256,243.2,0.5497746447515786,13.753731494648616,113,Moderate
8,53.38156057992393,69.00742466207012,90.49508683286417,67.7250762774938,30.693574379235223,69.65389416333494,256,243.2,2.3910426132790246,14.297773574449252,198,High
24,78.19989043376421,27.536829088999504,15.146168907723986,44.68728584738465,50.39586376846784,55.041266802686565,256,243.2,2.6334475791856544,8.774474255293658,180,High
16,35.37265200375265,80.34258664281728,63.72675691447986,61.44092149987555,37.702225056655166,58.66017513911064,512,486.4,4.057619502471891,13.59517051691073,189,High
4,38.62356505250679,21.640873545631294,61.21419174043068,81.74971092172912,30.747593520558247,67.4476205725677,1024,589.0365532534314,6.381781564018634,11.550404737806879,215,High
12,93.2177612015773,39.95006303967137,13.210697472447913,97.19296183037117,83.08351454680961,66.48345027491834,256,243.2,5.947747263030112,8.493609143926363,196,High
24,15.060186536587501,91.25333407135257,56.21698692212352,97.78384676578122,93.48325742719089,87.46357428378658,2048,263.51795199490255,2.0091244045040013,6.45717098483541,111,High
4,53.707086857200636,77.48250544977968,64.85682801789318,73.3433721474935,87.37126849058888,53.73911525632122,256,243.2,3.8760365336364497,4.993375379898397,62,High
24,92.15207203670755,25.83746663405502,27.21638567818965,76.39733510857492,52.24313130499997,93.02253678331718,2048,455.1926416151201,4.7844661302882505,4.89143706134578,215,High
24,64.93267070363413,85.69008835881438,34.59966248121967,51.143271130058054,88.4164175193483,90.81160853697274,1024,972.8,6.918825014102458,9.430965763563872,118,High
12,59.176636679091885,59.442809723216385,67.63126116679634,81.71848648561183,92.08615651815437,88.29958198459693,512,33.05246746026818,0.7034683258420019,3.5021323973551852,189,Moderate
16,32.47697613064197,87.74264217350634,52.14708528399625,44.23952756046317,40.9238397047462,65.46861812315663,512,386.51221753516694,3.5152025590070775,3.6218781425943383,143,High
8,40.89479401580034,68.05918195603147,87.22122918114941,57.081141147966676,28.34458595054454,91.14408927703937,256,188.67030178205974,6.922706251050181,1.155900104905475,79,High
32,86.68435742242237,74.5466425626287,40.81435894082695,80.10180083712653,9.826520581332032,59.14010401446404,256,243.2,6.851837680682618,10.199920893386857,208,High
16,60.32963185916123,99.48012483165665,33.9993692549381,58.61860789260936,47.9091921049229,56.22046029275141,2048,250.77304342987657,2.6497223643845897,15.915162784900781,249,High
32,56.32679743811019,38.58684367392145,98.63793463103585,42.99081244686726,94.62969204384414,52.247816674474365,256,243.2,0.5001087856765758,14.338290631418854,234,High
12,18.962174218602605,69.91564598091107,92.0022193117075,89.91222456105783,56.090752807037106,96.9655181502788,512,486.4,4.313774802190172,11.58534706640652,48,High
12,11.442534080961082,56.82571120459187,12.609347049908187,58.61980042807379,66.75621017861715,65.40054488526368,256,218.77551004628978,6.135102530153789,12.782879466498596,32,High
12,96.73166698183442,23.156156233815317,79.36557537759093,43.78631349152071,11.28838184918476,95.8808940088953,2048,169.0708421187804,2.60793195715628,7.25279074395619,145,High
4,43.92875505581575,21.157651320229203,19.930129644268266,44.487289870171914,14.351966414225625,63.630678075966486,1024,876.6036138711937,6.572754771419506,5.471193323741033,120,High
32,64.28917558895539,29.538286225428692,12.473667534643386,55.10552792732522,46.44732619596725,95.37829796681748,512,367.6591959376206,2.6625658412232096,6.529424228270253,174,Moderate
16,17.174356586855648,71.92733924308385,34.6325964369714,50.680956833291575,95.12647989837258,95.19645264230442,512,440.23779860943966,4.4663085798217,2.221331225950726,72,Moderate
16,71.48028571507419,65.37304703307137,34.24112911549939,86.45800706680905,36.07846415915289,96.18380225053565,1024,228.75980741910027,5.193299475680628,10.506927970444487,186,High
24,93.93100378353648,64.2743648930982,83.73868861122682,59.30104280002207,87.74840413175336,74.80767196420969,1024,431.06171937063567,2.7452024692198513,3.622975333190108,137,High
24,61.80987276976777,22.548541002260805,73.96005213485516,88.28174710238994,12.028859342571153,93.29731433994459,512,238.98707234721698,2.78934167812532,12.443173167400577,73,High
24,21.35037901378695,57.54423970880056,98.34484845988129,50.43075986938916,61.70172069337101,97.538294808366,2048,669.2681662278392,3.5549663929445314,3.8496469339571906,81,Moderate
12,62.3549374726129,93.96982542740228,74.03616102806366,69.57275077264502,60.06129769105182,66.23084709485897,2048,503.88764835528633,5.928952282679737,4.421860379010049,126,High
16,78.97124917941872,51.80734954485173,47.64299979304431,81.28222801318773,85.98747500702684,70.94372028412775,256,243.2,1.1555299891544848,15.35958459064252,57,High
32,46.57748829166168,69.99379758307651,72.90348948506951,79.1194512319513,0.3316704404901505,85.9620093667872,2048,319.6008349066215,4.604616005092145,2.5809386803559136,241,High
12,89.1853973147321,82.38549404985149,99.95131604677618,76.06776459581613,18.993166719757216,65.01799108616504,512,486.4,4.90276154051019,8.482638088690447,138,High
4,68.38146580216281,82.714022331351,73.91276943062752,95.48929611587019,21.968762542948173,87.69046544563295,256,243.2,4.126172939929388,1.940297611023958,191,High
24,90.93240264602822,61.542406591621706,78.55132203822865,53.71150886240466,94.99660880907373,53.6946072606767,2048,935.1291909441652,6.582949517941547,2.3558648812330953,237,High
12,66.11547801226035,88.6361556321869,94.45285136712334,69.62315226772633,15.369365626989495,76.1749192144271,1024,526.7163111131921,4.412939660074554,10.502505432076404,83,High
12,21.81591748043418,51.31024746909976,20.228613518051503,93.03955300434453,3.696235022056038,56.11567420418726,2048,181.72787135476366,4.624748882000744,10.460908945878783,31,High
4,37.87225399946702,91.09545718278386,73.43058641029542,44.673625935709424,53.44614947418081,64.66617382183382,256,243.2,4.398440181446461,3.8968042198623873,143,High
8,28.161545342721123,39.218173311643625,86.57253621707041,43.35329609518452,52.85584624336816,62.9312696243236,1024,92.07294448281955,5.193122037033086,14.087297728875889,249,High
16,91.79438479451761,42.41731255924569,95.89407401988038,53.99813725349748,84.40469653678643,91.9466036781333,256,37.53783564175607,1.3801612017503144,11.53280493524466,46,High
32,78.43600605587343,24.24964993592009,28.987236074052944,77.9812731722811,94.88596501778021,59.67586277030988,256,243.2,6.3127961029079955,5.509158743067469,241,High
8,70.87585320190055,83.64654692338263,55.35361069518198,55.59277758698841,53.8545442140131,90.42239600795594,1024,343.75169330034925,0.7762000989738461,4.725798370133923,175,Moderate
24,37.086968766845956,53.36441889861645,71.24993628800337,51.41439302852794,92.99941824196554,89.6980172953961,256,243.2,4.664835740350885,12.31427879696243,57,High
12,26.564029484519217,38.32932911291192,32.27209565512037,67.52813892149753,72.51591512998297,74.94415277786149,512,179.61808239786936,4.500626059320202,12.004358861989058,57,High
4,78.08059791900206,38.54322220932637,64.04255769252467,76.81588412616469,26.4559127995585,61.69216277980648,256,243.2,1.8527873282732474,3.2324786729715655,209,High
4,52.67421512911717,92.11199529833866,33.18209042481995,54.913462421004425,92.84207109439264,61.34481699781114,512,322.81172777097373,0.7646213289468877,6.237817730054025,45,Moderate
16,30.32105969355662,86.71332803688296,40.011131847848254,58.04147120342452,66.74431761818748,73.24623235579239,1024,231.30201219811815,1.4024300808127093,4.250158699876611,190,Moderate
8,65.49597803487475,64.28247082857467,49.736682685977854,76.81355828869084,41.40959327426338,50.440450369675816,256,243.2,2.2658683571829403,5.412162941288098,114,High
16,13.630046692460677,69.28886403325768,57.62710888719103,96.74430531936716,68.02420845169307,76.5675377305683,2048,804.550832758308,6.233686988633785,5.313459437423084,34,High
12,39.35532287154282,57.94604564402328,50.44292844626356,80.4845036462853,40.13128277437509,97.63897628835278,256,243.2,6.062273627169937,15.640355499449454,74,High
16,52.17012951320212,51.33332343030471,54.387596780913626,86.9742486150736,11.418376798795926,57.735344093129825,512,486.4,0.9150612327293361,12.253170596658528,194,High
32,23.316250069846525,93.23815049746652,36.87298806594634,62.00860568532813,71.89787471768997,78.66728107378017,512,486.4,2.380242052199452,12.700780734038126,239,High
4,98.61890298317556,30.049016281624166,24.306858462036754,56.33526156306796,82.40876121707437,98.08893443222284,2048,597.2753347366379,6.28055558111885,5.161347478984317,81,High
4,28.818762813065284,53.475743177298234,14.26149795941555,67.25606459215734,72.88061990193877,93.02610697458002,1024,110.88144629889048,2.0382836848900316,1.0079062756955266,221,Moderate
24,21.7317817038939,47.564952639030025,27.638085024250092,88.42796972270042,22.911466775667655,92.51900581906702,512,74.21746543436755,6.973774474835764,1.8723550738298425,91,High
24,28.318138649820675,59.85205762009187,62.37492773552047,67.37797850743334,95.6635013477613,91.09249651980946,512,486.4,2.1694612726174927,9.294996499851935,34,Moderate
12,79.21550198437518,56.610549963614005,80.75039030228191,90.80352452739166,2.525456169115592,65.45118030280928,512,486.4,5.3042361683614985,5.282217083475796,136,High
32,48.295509334465855,61.511162532086516,25.23228376986051,99.32631884170763,33.26852973756406,94.5308415633406,256,243.2,3.210884628214058,3.8943190097228255,40,Moderate
8,60.88743457772842,31.19351817815953,19.76998219953836,44.32159994382018,26.00924345348955,97.06701756165856,256,117.69094293028762,1.3855895882894096,1.7446138242447808,115,Normal
16,11.890824128772467,61.05132012106217,77.43613244943252,42.72460936502222,4.8126227614850965,74.78962116495197,256,243.2,2.158504986637225,14.138226091446066,244,High
12,13.09881777159831,39.39350511097687,37.46424974835607,48.97538217480171,40.572969298866845,67.72855236297293,256,243.2,4.888267491539434,10.001910205869638,247,High
24,50.124299484431454,34.746507919055304,95.63494953046172,63.06218054406077,62.311484016277454,70.71145078029281,256,243.2,2.6908666132369254,2.6105982167238597,248,High
16,83.49897188814612,25.186737502895298,74.28861735493358,47.862532548725945,88.25528634851013,66.71032209156328,2048,44.503859544348934,4.426833433903109,12.496060241448903,160,High
24,89.67149908368087,81.01220470049128,39.40804425187278,92.23986865712536,98.96897161914701,60.620922101227,512,486.4,1.8359517779982375,12.337383866151985,208,High
16,17.80359108360762,54.195353668524795,36.058847301433445,41.388775061623825,80.80895864043981,80.92242351264447,2048,566.9659302565092,3.4157763191882053,5.341054615228837,89,Moderate
8,58.45267918909205,70.13149466494067,57.132854764417814,58.94756298014935,46.86805187128248,78.12984431226614,512,486.4,3.829597571847466,3.826403373351166,95,High
12,92.19067176513434,78.20746746437948,17.12302014503885,51.081677769652316,72.37044259670307,73.12925355196379,256,243.2,3.183099661543108,13.209728142090643,214,High
16,44.917547895809776,74.34533322508429,20.59088613807691,95.89235980945193,84.36237885896406,54.79226933424159,256,243.2,1.7864672037788598,5.943470989767034,46,Moderate
32,84.66092482855318,57.640057527174584,25.827209318457328,80.16886029340168,46.53071964186813,89.84464823529999,1024,228.09560589906923,3.5000979099437943,13.711421216214355,160,High
4,22.03260889594926,51.031882316138386,79.72512339741041,94.72181538708247,78.50544340254999,58.74667813753946,1024,931.78783368687,5.003853643503698,1.654774195716763,160,High
32,94.18550407010189,50.076792771253096,56.247162334221024,98.3397226186236,48.265241831287675,55.728102169802405,2048,739.2550764862608,6.771886808368096,8.48933423367325,69,High
32,77.62809857781724,71.20390375440451,10.951041049699864,69.82589462064215,38.64959908767227,81.15356977414737,512,28.711720058103282,5.631890533106672,3.693929220994298,109,High
4,94.72009535082115,59.58354839534987,70.61648747248981,54.05914648288157,52.60908377837612,69.93221806188616,2048,247.44471725095497,1.5495581298738017,11.08067219842204,105,High
32,70.89555101972559,87.93057983908085,48.132116079444735,51.62372717179536,67.58547376271449,52.99042376761648,1024,418.85034401673187,2.2725620237230104,15.958206422035705,92,High
16,42.70635387994843,89.97615874613697,55.97671284674181,53.37513170115043,72.68820563185973,67.7784177480529,512,486.4,1.012355320446775,7.187665480404018,80,Moderate
16,94.43630552722502,33.64483024052148,29.2704619071642,82.51559845732018,35.67362688921079,88.58901761424815,2048,704.316433183802,1.3817219076905065,2.504658203379359,158,Moderate
16,34.80100986782607,30.89869212365805,59.66040055546932,42.426743687380046,57.132025155603486,80.76246026085488,1024,218.10829001733035,2.129439271644909,5.765096792093026,80,Moderate
4,39.89552698555593,70.43207408287996,98.12379157763398,43.081664381962895,90.98708740804472,68.13930114934985,256,243.2,1.79692788093843,14.372597493476231,33,High
32,73.07275762015664,44.09805984498235,16.61002219051853,76.488576542989,97.63129001106398,59.590239581729406,2048,847.2581706502632,1.8887201299831382,12.486415361558818,238,High
4,78.87846695728476,21.48565750120791,35.552565969798756,78.52342880424439,22.72480911839545,81.58978104023866,256,243.2,2.000006471855372,4.4831749283838604,240,High
16,93.64631354642384,91.0914135490364,31.86978335747468,79.9157754593476,19.283116571334148,94.37776504731777,2048,921.8829714105414,2.454411522593474,15.303980790479882,161,High
32,28.432216815058855,38.15206137950466,32.36943796760616,62.31283027531548,67.66856334286486,82.31363590079569,512,486.4,1.3163094460739315,10.332819020396574,204,Moderate
32,81.81982316973016,94.34245213486473,44.083572180883955,88.3566933228492,41.46838858234438,90.64519273251122,512,229.40742270060548,2.305927394818917,3.520741004762855,196,High
24,76.46914480572671,77.39475607026029,83.62988062697508,72.01747526359705,2.4222338418137035,76.07639192771855,512,486.4,4.974676877333367,9.584832136693588,113,High
24,15.741510062823808,81.01227919291874,92.15728209679486,46.32793780056517,34.686187064728415,85.89855533705145,512,486.4,2.036606498865476,7.769153014959908,78,Moderate
8,44.85008270891863,36.11691966345283,28.199357871307598,87.82595842404072,80.67447434722521,94.81133868891762,1024,146.23038254824664,1.6169497797424683,13.295465121603458,214,High
12,35.44889113540887,38.73555404934503,58.86549441533015,97.1840671762275,79.74269303831825,88.65894891293276,256,243.2,0.940021804198995,6.1624004441786795,68,Moderate
24,37.404138191862735,61.70142030592526,67.32090749489322,43.60217878014152,49.46851488165819,95.49269766990729,1024,34.74286880238935,3.7498146602807494,14.124674797554196,225,High
4,98.46521915992308,33.76798821198897,56.96447269274604,63.4810803220348,47.25779348875353,71.55698010580299,2048,526.9455723260346,5.972887731169796,13.179555796574668,174,High
24,67.84996721319351,44.43453541464258,49.06687547772276,69.25096269008486,57.95074424343775,95.21101275635283,2048,776.1542075886994,0.8836081877143214,11.119051767399998,172,High
8,74.59085420141496,45.716998235824356,27.277795527331406,48.788245604699014,21.9396710563576,81.07836172408538,256,243.2,4.025119177047969,4.879108335192601,134,High
32,97.89558735835082,32.77039466022113,53.93974232793147,92.06253686697264,52.60436248909555,93.50243830408468,256,243.2,4.729022950246238,15.55494364419667,185,High
8,43.94816042118748,36.41462667161286,46.1093344940196,57.048978693402645,1.1046360056648385,51.96882652189177,1024,534.0578590256303,4.351000769062486,9.230001704532304,45,High
32,82.16561516075254,83.08414736066052,81.60070262520426,86.98051239628961,47.55595547831337,82.8926190956768,512,486.4,6.204550823178032,14.612709675445437,163,High
32,49.107786697404585,33.37566836378147,78.72439232466957,80.25966892169896,33.605104625059255,92.39875394389493,1024,702.9328637965826,6.131571271355662,4.235948488752943,121,High
12,88.25803046334818,22.2765913475138,22.059881308510363,75.8827493480214,67.48696059036597,58.71010168215999,1024,499.5938319717567,0.8724993514349855,15.75067453128338,189,High
24,26.259178718017285,70.34839541031508,17.96671473067608,51.52857092179326,63.83535841526275,83.08934667324615,2048,599.7281253832912,2.8461357999539647,13.240888434171477,238,High
4,95.29175593578516,98.078649551396,91.73385489047527,53.24221123305434,38.0835880182809,91.24773571083156,1024,847.9043729229974,4.860393898235392,15.238403251406721,54,High
4,29.68945375697917,46.49710516984971,58.195755006804795,42.840904284794156,0.7272981478591567,64.39746848163185,256,243.2,6.690890260701451,4.18548598412481,68,High
16,39.359845628283836,29.492456255700183,87.20208435543316,54.44274578693598,25.227362939496047,70.2623163953196,512,486.4,5.730451176944839,7.45987117873822,174,High
32,78.05730106961025,65.63098602940246,15.233600850976103,60.72661656763084,63.33478501891623,78.47588592496098,2048,18.39492381525279,1.6478305184698256,2.4645088275041145,75,High
4,45.437962740886604,92.5083368876517,57.38640548694672,89.98871823174552,7.237334301750453,75.9583844442281,256,243.2,2.3148574453574464,3.054544098386816,236,High
12,64.7390239089802,82.7249423862783,58.54838631186127,61.98356000288832,10.764242183346385,51.95946965185678,2048,203.43160996869332,5.4633601135543,5.2593799538050225,145,High
32,50.01161509624856,69.80126947301727,87.4631829287935,85.27730696593639,64.70350245670872,54.93360490427067,1024,486.1912411766312,3.5645865072723915,15.274384907098847,82,High
12,76.81329433808037,45.20451972860795,18.784899840673674,66.36653687772926,75.57674009492924,55.02332896521806,1024,218.1031641176547,4.057465873144001,11.00787521679966,143,High
4,30.549812713174976,63.3504138620976,31.640100730831836,87.0920987196333,32.15497080127121,63.11339527495875,256,33.29837743270737,4.458368831142096,5.719484606003327,80,High
4,15.26121885131893,27.299587304340427,46.58844824983118,98.5762960262224,48.967306551656186,62.293205640122466,256,243.2,1.171394865217306,15.318599782569624,175,High
16,36.99364577257596,74.31563394245359,87.9257327877948,54.390493483454804,94.57113649836586,87.11111918933997,2048,430.58527054459995,6.063753217316152,12.095971099256476,49,High
4,52.687779838158725,78.00768151181207,94.49949835635103,91.74049671783257,94.55435621759695,78.63721930080723,512,430.8980183891369,6.110373855948727,14.60468519866467,116,High
32,25.12180469734107,97.2025298327935,99.34521576342651,77.30944517834648,30.75027744634301,88.19880423226206,2048,216.7180983295816,3.5435563868343873,14.908311907586475,162,High
32,41.93175606907498,40.83178869960573,96.32741378126694,89.03765569531929,80.99878750170902,53.49480287054351,1024,947.7325438506974,4.5744939202543105,12.261546248681224,91,High
32,45.998471646421166,21.47651352344181,10.534758025991897,79.09515413606832,59.39440528068588,74.26071187358004,256,13.472080292587552,4.789376780165686,4.647001446873791,132,High
16,15.165265931944619,63.64867715417205,14.293750730848483,65.436970436449,97.548449335038,66.18877896326347,256,243.2,1.7331968007442469,15.948834326784612,41,High
16,62.49765233657841,76.54324035174515,23.284613724182982,53.68449636650742,47.76135697110965,92.49696553778732,2048,739.5329039080873,1.231801385030816,5.876362600924547,110,Moderate
4,89.59090851741587,83.23259807063904,41.39758870932458,44.2021135198699,77.47068680155616,85.38945784549517,256,180.3513131979388,0.6343741516243768,11.075586243515778,187,High
8,23.65686216577472,35.499114641984846,84.69262278882628,72.13110186764303,76.8137129614871,93.46292354133982,256,243.2,6.433731874054408,13.672175424367014,240,High
8,63.80272120613626,40.94022952296189,90.33905758019324,99.41956567161193,49.743286763307616,52.321356120303,1024,972.8,2.747136378140494,3.6272649163698447,173,High
16,69.82652844197617,61.00727402138371,26.815096566512473,84.28250830085238,79.56301142973078,86.04117447833002,512,486.4,1.0579010775715196,10.135625199172129,31,High
4,47.74012123773595,46.448064797600146,65.76977364577378,59.640732483940994,26.10403333069965,77.0004176079789,256,136.10295658048082,3.527699860236815,6.627591653923869,233,High
8,73.0987828627843,88.8409189269956,92.56257865587489,89.63228800520412,12.225303629022887,91.25000145077829,256,243.2,0.9915632367501386,4.664336044587454,154,High
4,46.96583891419108,57.90081229909762,51.73585623381887,86.1390400105844,42.51637446553163,75.35802954629105,2048,473.5210656070842,1.054129893245207,1.17657719134468,146,Moderate
4,55.41735591796914,83.96629152816024,19.318921475750557,56.898147601207405,94.36306566335847,77.01045389509545,512,486.4,3.677754747079413,14.07961095696957,160,High
4,10.661774009898428,66.4495808385883,51.203228507616245,40.85844938765408,50.074460820252874,52.58836904710326,1024,917.0013034978938,3.807438288158129,3.0382232084028313,37,Moderate
24,72.254810272122,81.84721132936896,43.82154120592515,47.08975831203698,63.5259138646927,83.42614325179834,256,91.41912785584722,4.270930054631419,14.171757410272814,66,High
32,69.5208411050252,46.613838922425906,61.98921964594063,92.63837141872345,62.41624559078753,63.656993780252506,512,320.89691408330395,4.766024620055911,10.010358982126721,210,High
4,13.45607895937101,86.51332975442489,49.479281596639325,90.1937821182923,13.257286726953044,50.98469610894102,512,305.4537456162638,4.843737906164275,10.315833317725618,84,High
24,43.14250966556198,41.96578524408173,11.561133416834615,57.71254005270175,39.029688237721025,53.3218581253015,2048,996.0876436698281,3.314478469084864,13.429776913863176,245,High
16,98.11286567125006,63.68790464026326,99.45979600723041,57.11172557706523,70.69389729218749,97.86428044830129,1024,563.6348455244857,4.682964880492946,8.641617200121708,78,High
8,47.86629063117551,37.12056905390994,58.91862139575138,87.57189922614828,97.19900985807263,67.30386447899235,512,486.4,2.4808084153943533,6.359268522015133,246,High
32,55.17508646186575,58.04212173009547,52.626767993614855,96.26424819372532,16.801773829702615,93.40378143105795,1024,431.7725209503757,3.368503242508397,3.0821002598878042,88,High
8,91.89371423437467,45.45401676069625,95.91556343536486,86.74823540785599,41.04418903391163,97.9838617034628,512,486.4,3.0566258154598227,9.55623071812168,89,High
32,74.55356882791807,41.33627445097714,24.02743308283694,76.33472062184569,9.509379980272936,97.16335944186613,256,243.2,2.6392150079211367,9.297505813766184,118,High
8,62.38631180118012,97.35880144224299,27.03138422907234,54.560281019908274,24.2376459649256,94.08626203497101,1024,912.6681632543412,2.0507103664712805,5.408447285009286,107,Moderate
32,81.80242132069652,32.80592843893845,82.7213274156505,71.54487484571564,37.67593433261502,94.74219562306504,2048,460.59477857666843,1.0099835035156757,10.000853884802218,148,High
8,87.79296398103759,82.98606699659162,33.474797202250784,54.01071151559588,54.06432479523504,64.45040221704758,512,486.4,3.7884181056070223,7.590503289525444,203,High
8,51.119926456354015,98.73319675865719,81.93043956623742,88.48068520580642,23.056688223908097,57.57349451301791,256,243.2,3.9923732103383163,13.082952308702064,129,High
8,52.759752843865186,21.592118699206225,34.43801346176523,63.217664771064236,22.756266117868574,81.96312810439619,512,486.4,2.685007786663369,9.39229386439767,92,Moderate
8,44.74458420866522,75.9221931233676,12.986886720250133,90.02183301964158,77.78299791402038,74.4052795934412,256,243.2,6.842985109730398,15.005178795202431,156,High
16,97.00355260166145,40.23294444450297,56.53132514980444,62.89655307896352,96.26416629468812,54.93733593475855,1024,41.12502874480158,4.120247866991979,8.769744525774673,236,High
4,72.74496288613153,23.239025946264356,27.701779071417523,89.44896431199348,32.36129677514562,83.87706580112055,2048,418.8781712214728,6.278568372949046,14.312429547358544,189,High
12,17.490075958726507,52.23116631653046,78.20616636392239,59.99906890991451,68.79920186356802,78.14300037423867,256,243.2,4.205554511890529,8.807877070211532,95,High
24,87.66636609817166,94.81742481367,67.70796699089334,66.4079622770602,25.808046135792072,93.15337004052196,512,160.24399777404346,1.7344530443157975,9.370522054604997,114,High
12,53.250394675264126,20.941207549359817,93.12424011801261,76.92930516055945,92.7952254965632,80.45918978441993,256,192.0739741406889,6.835046507412478,6.502119931833801,33,High
12,16.18785157802387,67.03085535438254,80.46895215391623,44.21725684179512,67.29023601653982,78.69730898608768,256,243.2,6.25467756791881,7.002536851908433,186,High
32,59.47455296469799,60.11171828762595,26.269835935665416,96.89242370892786,80.267685463757,72.0375861666314,2048,349.3024153090726,3.5632789098448745,14.996522309374184,206,High
4,47.54478510781318,89.8707331496838,82.01424129983167,74.4163471674282,4.935404319916481,73.13935349444351,1024,446.33313262332905,2.0798762967475435,4.349236029708063,122,High
32,88.99744643763624,26.72013716165005,67.75633403326209,70.46920088144813,59.850596824062464,97.7190613489558,256,243.2,1.947352505721531,2.8218658250923747,52,Moderate
4,28.359514324844863,74.52208239093203,70.20564775845625,90.36363826719472,52.761233135838225,56.92230047001197,256,148.67528326572807,5.739132776580665,13.453163677059113,160,High
4,84.38181485429647,74.40877587466218,84.90365973731339,91.94576379380965,29.299690691153202,72.31094092910936,512,189.3826295174136,0.9492709744331862,9.653661996173195,83,High
8,60.191982206690746,73.52640134898266,61.644166227004625,71.33562427174095,26.24299850573181,82.79136169634214,512,486.4,4.647392479188067,5.269709716922091,178,High
16,14.914927289212214,95.38675959480295,51.94031629177116,95.63573954761824,58.00248023169697,71.65053227951998,1024,171.09150241737922,4.6608770030219295,7.486003304345394,109,High
8,97.46607711929362,85.84700232055043,67.29769318228551,43.884265964588835,70.64856350072252,64.16078135203789,1024,669.2551896781782,1.6859545602177572,8.873578401659003,73,High
16,56.135371969287995,23.357818099480482,36.81616860625232,46.79354753507305,3.317275703518896,64.36786853814274,1024,424.3427663001142,5.081930394825309,9.88210385254652,177,High
32,36.17891688084242,57.68662805636105,26.433741797838938,75.8072938008664,56.74015819237044,61.682802312885784,512,486.4,5.085140879770626,13.315765344077104,214,High
16,52.24661577903323,51.83624449610668,65.49290542641218,61.243951707615025,17.045952894662864,67.19516002915448,256,75.44331826935516,2.775200638368994,6.9152849118402315,226,High
32,87.207200516574,44.81177768726417,31.046353217692992,67.85350997135193,14.036273138610056,93.58373877917835,1024,832.0849773704542,3.6419434326604456,11.147546698396475,247,High
12,37.441281194655716,56.10693801232778,17.192359841194605,59.684753073829995,62.311948809468454,75.26122751614976,512,486.4,5.91296308246846,13.52150460646211,228,High
12,27.340875683803027,50.7355347940782,10.049876612672852,64.28351868669614,31.087011721747302,62.01193640389092,512,15.298847155546719,3.900496277537094,13.656601839370436,209,High
16,21.61641222377933,54.586711990293225,64.74874612600604,89.35878082877797,44.0880233134864,69.22633585132662,1024,271.02361675015817,4.5180211564023445,4.813678075546363,237,High
16,36.80734585511901,98.3409492486914,42.593390513221316,75.60857199125829,35.99988094397729,55.291520603928404,512,413.61988402377676,3.1830027281608064,6.252595663751846,174,High
32,80.20432783360391,27.09063797996646,77.70798736061104,99.8406729570099,64.83363201525238,95.2017869869369,256,243.2,1.4723940795718633,9.923590513933215,223,High
8,52.44637286757355,93.77846958709839,43.76587584817922,87.21275186925777,47.01197660664689,70.4098916045716,2048,368.824969373794,6.987433105621591,14.286585868704194,41,High
32,30.4733443324186,58.41893707768214,53.740310341440406,56.4199752461096,96.34586620379476,99.01956022965379,512,486.4,3.9549873818369483,12.856691300378435,215,High
8,24.95664996487743,69.89937963996329,46.63764755338464,55.86070706360177,35.238275910646536,67.37693866312597,512,367.32469206840443,2.6869019992333203,9.759443521243323,234,High
12,39.94565288593412,86.41463732941551,68.55173119984116,60.15389620702042,74.02843402628352,91.81780236135606,2048,424.64108560870545,5.13961761895537,15.756004459357658,162,High
4,94.5931935597138,48.837042331940445,42.052524581347136,90.59556883886457,25.72925675830445,62.81926566457266,256,243.2,4.535341483299764,7.584808441351624,109,High
16,40.872404133102194,54.43375264703735,96.7390884948078,41.637259039033935,50.875309262614685,53.80764466888011,1024,795.8952300908915,2.0139038219458136,13.636758567793704,155,High
8,98.93116683591718,52.76147842229712,94.2532287938677,53.81087673227546,55.2569751901957,51.586668083690036,512,93.24875526882764,6.200015746084097,13.276305699594193,121,High
32,53.670741018882055,49.978481802860784,86.32251123915532,94.29510522065601,32.91092810627322,80.30842133223918,256,243.2,0.9608690899880394,14.620574675054229,101,High
12,26.124752646113578,94.0423457317516,92.82702435154732,78.39378616499512,47.17805289126291,65.57868358367946,1024,487.74623414000797,4.437038636933371,15.815175325378185,213,High
8,90.20260826141585,86.31439129544097,50.42257196134519,53.61082573006338,27.927863789849216,72.17599402379142,256,142.51535430527883,3.6062751946091702,8.435450463697434,249,High
32,51.43198358213442,28.719999189038088,58.27873571105429,53.14869809395482,0.6000781673981992,90.93235178003977,2048,272.0634583074155,2.568289689604593,3.934444730550891,75,Moderate
16,73.87042091540721,28.64986819816768,76.788333330242,91.75708610556583,21.564830163787875,62.40540428474011,512,54.58514233345349,5.871470833691573,7.913430352422268,101,High
16,98.53404248882366,54.229561188239295,72.6531332444687,93.62545049662279,70.00641724932007,65.43262383674566,256,243.2,4.76580098288021,13.80827315478148,122,High
24,14.51578152879766,27.892590138624726,90.16107360449237,55.36786545772692,77.0963024485377,92.26680925293337,1024,262.85237593068393,5.43674672970424,13.541599513831471,150,High
4,18.702510380881044,69.52744762168957,74.46979245310257,65.23062148459194,28.020286713891995,74.6381136671752,1024,388.2823634062175,3.1952818271893886,6.039548613802145,47,Moderate
24,74.84110673164805,31.49532858093871,99.80962374056145,90.07574431769902,40.8042998818072,91.38325835262438,1024,584.5371420554493,6.625589153492317,1.709602104380106,73,High
12,35.36425029659248,61.78986111734409,41.36552198484319,86.26044631659312,3.736566013861109,68.72380017331582,2048,735.0161565162538,2.7407022476735,8.647631467393653,72,High
8,26.587125725508916,20.57759576029742,84.96979680154762,88.83496639396506,23.70629010976806,69.91849904135543,256,243.2,3.951792008961697,8.111513936182181,237,High
12,13.542569183775655,45.32770787301174,72.78713405493977,71.10389144727813,77.92192833722991,58.35691808891281,256,243.2,6.568725726775133,2.2864596666569743,247,High
32,11.966204078758162,74.17525789381244,72.22478006935168,94.69294289831039,60.598627026505724,95.81729267974832,1024,866.9827294126054,1.040728226256459,12.923349335853922,243,High
16,79.70370428078118,58.723115218227875,39.3252035360499,59.557092637266116,20.57705219543714,94.83918470063048,1024,875.0861990268958,1.2072678415852252,5.253854109078266,108,Moderate
24,22.0990084632595,98.26155887991905,80.70416131807202,49.40032806085108,25.744199512243217,99.21085072823868,1024,862.1121548755822,6.9622204811025385,10.686281382611709,106,High
24,52.09485543740358,89.92830368529687,91.03384201128392,82.5239399538919,81.68020229895602,70.12235635848558,2048,161.63722632473133,6.81404252021179,2.522317939824995,179,High
24,64.53071336615346,48.7256623234521,29.669361536850666,72.36126496041379,20.90842029449008,90.9307470879321,2048,258.55844225770886,5.516060437941386,13.910547593644043,89,High
12,48.55166205119616,23.638923317781966,66.29471534050337,91.27514612856886,33.415772584713125,70.74768658360593,512,486.4,3.647223794462571,12.089117547327447,242,High
16,12.439598710260979,87.6501040092015,45.292134619249765,44.8695549474829,66.43586916546444,72.71493944604865,512,365.1519010758667,3.7893955161368806,6.826340634679986,92,High
8,80.5151352329118,92.89874482517371,99.05933073653894,90.62154420628401,56.11123857080786,91.49996967974123,512,140.35227859716358,2.1718836779933315,10.442334239848519,53,High
32,10.946190208748813,85.65019147352294,53.09495342485134,57.59767919252933,46.087020523381426,58.86833854431998,1024,294.8727322595949,3.312751734879612,3.8118083902836215,222,High
8,78.57009049397357,30.23599527358119,30.548815641724843,79.29134003009098,89.97410909797443,61.01554672308762,2048,975.6744740489827,3.30377095613116,15.781337364384177,58,High
12,90.39740444093104,99.83321075298302,44.367186269964925,42.407727344695346,21.971046271505166,65.73641201979075,2048,353.45748794157083,0.7345851230238014,12.94162063140578,158,High
32,48.95559289514551,40.686737724221906,68.84545508349636,76.57487777821603,74.14198908629999,89.40895162500289,512,424.72492761300185,3.4455283522188513,12.834100046035406,153,High
24,58.19882257880184,77.9363930246696,16.848043421461867,83.03630135124016,15.906384061818335,68.63257746840414,1024,16.337407638724002,3.6186636553635365,3.300703263668142,30,High
4,52.92850533558884,92.64279010685772,64.32417281991138,62.125012870337216,61.57338334821452,67.90841041403809,256,243.2,4.827590632494108,1.2660028734079323,102,High
12,45.02877567610949,38.85496914645675,93.81022832610083,52.92464231572841,87.06235634113132,99.9408172627621,1024,419.41456488992594,3.8569439370199037,9.780570516544499,50,High
12,89.86820818333243,92.66068437416529,86.53265088920654,72.2578405962127,45.79017854781379,69.19030715497396,1024,112.10866226620948,6.100939060438817,3.1618091775971644,235,High
16,90.45401596029915,44.75852633558936,16.090618299218505,89.99144826613879,72.42945071913289,62.38852681577935,512,486.4,2.889151864071854,12.706501847332675,185,High
8,40.223472817738106,98.1130577907245,99.40508908651613,59.41284149779905,82.03933529989882,81.16068391004717,2048,779.6588804592359,3.1631643428364145,7.2411421026736935,175,High
12,65.35627786132281,42.50080163043797,72.88542313334912,55.14815785127677,13.602642487760274,90.09399759775005,2048,728.8885885383996,4.214636338764484,6.078913734811476,126,High
12,93.42168059312777,96.27486598062681,24.605274188262133,56.736118518261264,70.582689528211,53.480391686157965,256,243.2,1.8176977093233166,2.104738936925658,81,High
24,96.58526490472164,24.283572071413992,11.117448025248114,96.94792917499987,91.98410239886763,80.94461155692375,2048,413.4052836719664,3.0577375562844265,15.940976199169324,95,High
24,55.80631363798428,76.74176093358504,25.415437266293623,61.55661494587358,57.63706098555442,51.786772794011235,2048,721.3482048895239,4.96008856639663,15.340161705803196,144,High
32,50.75423247558941,62.568890706960296,85.43583286171646,40.216254393297234,18.6122244528756,76.3166175489759,256,214.14581841159657,3.1767568052862267,2.973953617102766,117,Moderate
4,35.08248843356732,58.23016616981845,11.947539245064737,86.90087247757718,12.694253158894298,62.84957818789046,256,243.2,6.393007315064725,5.992174062722377,91,High
16,96.2984685871369,37.8795451404672,30.98325732562779,81.95648772012342,25.973533046674792,65.33208488365929,512,23.938301265726807,4.499453386112879,6.8618130703691,48,High
4,22.853287402558063,76.44766318211936,78.15750358013878,47.714095876178135,10.351326901668257,73.35479819911913,512,135.04232663620797,1.4994903744888675,5.4520161717339315,31,Moderate
32,62.18466184429525,35.264759315704566,62.74994823083216,99.09425494809474,51.33940715850475,96.35537303727935,512,431.00632941682,3.668388216430849,15.01702839482267,227,High
24,35.429524076677495,64.22734367878147,80.44621393241727,76.48373711830666,6.970468270673457,85.53336532939383,512,21.97176785794808,5.4710618463724785,11.82012743533127,84,High
8,35.110746131301696,40.259629043220066,77.15354534441092,70.0467694564361,22.340462463622647,96.84227981422481,2048,467.34619689591506,4.681743574492486,15.338746083910975,108,High
24,46.44717286385696,96.44971038250848,14.554124840962427,62.933156057373466,43.991044391221436,82.99855022793389,512,486.4,6.254213228868779,14.117581037861468,214,High
16,99.89136422340891,22.290495506852224,90.32602771847364,93.92036533381827,47.391475040202145,50.35538735439298,1024,625.3905316112113,5.374888827397008,12.318122792037594,40,High
24,14.946967615583986,35.97826240889893,30.43286508540418,54.6378088851138,56.539848514696445,63.27925986738388,256,109.3828102236802,0.9004895219642632,11.454506606198175,173,Moderate
16,62.06876363831783,39.384848510995816,59.80531962067874,57.146134013194114,70.56149627507266,95.2886288860187,512,189.2017939959402,1.2313322200480101,13.992437364692218,114,High
16,17.431494223174944,53.125426061425316,67.98593408750008,47.344648401194014,4.722863966546753,82.17227604838723,256,243.2,4.723366542012139,11.262248451871828,219,High
16,23.906874699146705,38.61841934960428,25.176538979658584,85.54714573505561,8.062095217578324,99.08236182851374,2048,661.6058353380129,2.049651730327601,3.830796984717265,56,Moderate
32,49.56066475956088,59.30792722150282,97.8608131030877,75.73295682435119,6.085915180478074,57.798200960914784,512,35.641225928173505,4.320926867155043,10.72189774642147,51,High
16,55.94141182117972,89.79724186068312,53.93403604785781,76.5439701552699,42.315031546491035,64.83739165532597,1024,544.9636884938878,5.649414348610848,8.7250245992286,32,High
16,33.29131675280716,76.96507371273367,15.187842603765409,53.10822586116782,4.184794488293431,68.11838297585182,256,243.2,4.2500553207458385,15.7284201564299,32,High
8,38.481141778697456,66.39695844280888,94.35358403000563,79.07010334762504,74.60812668313262,66.32789090836553,512,78.40986900754015,3.2006757050408807,8.649483205988044,178,High
4,17.827031823033977,27.120254238614372,62.76410588739413,85.92750683481184,22.300018103847783,62.599576507494035,1024,419.04113659405454,4.700757022232673,1.5768247472656551,72,Moderate
12,37.28978054598255,75.51936867114205,72.92738781832387,61.47331184354135,93.92124932899587,72.17328578783889,2048,333.24616029980086,1.4335263877851059,4.962842661484652,227,High
4,96.99025954424897,33.31314274487519,57.26582109408017,88.08082863770274,48.64037550971114,82.11490616846856,1024,914.5289690984965,5.200851970771331,14.760726406821483,118,High
16,95.02366435052335,82.90939087693584,85.12641592992708,60.92743531192126,44.63257524422016,65.5628461443348,2048,193.94436927439077,5.030663239128144,15.435344956699543,66,High
8,40.13904611232865,40.004540680812255,12.982011597388981,85.48830769055726,78.05386926395002,53.984996165712786,256,243.2,3.843621872189879,11.92747864961157,123,High
24,61.37685426508854,53.36389826567207,34.1540528749433,42.02380644746314,71.3153983892991,85.42662634465816,512,486.4,2.31228771758562,1.852958481804556,213,Moderate
8,91.863585199985,48.03761618543423,52.2683520762423,73.06987608841916,60.730904094814285,72.95082778906342,1024,337.34677299937306,5.684164613093374,1.353120816193987,68,High
16,10.5565440376807,88.70511317398854,16.8943254682339,98.1715936383932,93.514670625037,77.82411530450315,1024,536.0339661797384,3.818576970982112,8.193925041986503,177,High
8,82.96152133038326,30.12355669707265,73.53160023939924,98.87467604094344,42.2259260987077,72.77003285819575,1024,42.70498385857058,0.884649888086547,15.995084598413275,94,High
8,95.35325975100271,65.25159059078308,45.42970726500767,56.90515470050444,80.85316757722865,94.5178751727455,2048,985.0534118132858,6.47098158696429,14.039451062491077,192,High
16,18.219316090020136,31.36492875544498,34.540119124132964,66.48394546482133,38.00929457458185,77.937249858319,256,243.2,5.490156837164798,14.99661431322997,72,High
32,24.530291742962895,76.38366689057493,10.304096212757104,43.77867447919798,83.83456742961049,96.16384199258749,256,243.2,4.30123345993743,10.353122574893792,247,High
8,96.46716724942199,92.40625022355849,74.78472805749584,92.40047845627598,25.94746289659686,75.52876707780001,512,70.1477203590805,3.339365862338858,13.88687092377252,50,High
12,58.37861292763117,54.76861230938027,85.04283779855756,74.11432918841285,28.92670728360325,64.62940811201409,512,84.12126175905287,6.7393480372709895,5.795475615957888,39,High
12,11.277697102455132,59.04738082119807,45.55364821133486,63.10604073643103,67.7869534017454,67.77212935880982,256,243.2,5.537633732725109,1.410460051765471,74,Moderate
8,33.18687988871763,94.19382691862099,60.779617933002896,46.766233509349185,21.271329495179636,76.10646467923928,256,243.2,3.977454937364437,14.773759423339405,122,High
32,50.494930684197364,61.67931109194857,30.49179633366386,96.80603712981335,22.91541870254288,76.49947189025043,256,243.2,4.745500318695259,4.276459369733987,32,High
24,72.36180199222909,59.00787504396487,65.99778816521197,71.81314286925962,30.526242901741472,84.36688507744745,1024,602.2105570292947,2.3248776112436946,11.927295324118447,72,High
16,75.98443403231197,66.26632821634433,11.092371248368046,56.97567574497423,67.89287696603759,61.22474360933154,2048,840.2648842965049,1.7721536278677514,10.884509723157306,209,High
12,99.58793616329105,75.13837890903616,53.97795073888826,61.01290780789057,88.93880924232319,82.94214499827508,256,243.2,2.2765770574765107,3.3724532262948577,70,High
24,35.876007944538316,28.550670006962513,67.9784933656623,56.24183085532886,67.45676511269866,88.92940041903762,512,486.4,2.405384645337724,3.9366849479671977,150,Moderate
8,58.439809168162775,85.68884221932129,92.63725959067607,76.10858853141883,82.78142443441251,83.8295994733495,2048,779.5896856503733,5.30829992915162,5.936087221446938,136,High
24,57.99911930736445,54.84040219626074,44.32022354100558,95.7978145468306,54.35605896944698,74.09140549087954,1024,495.86525645910297,1.4103967646750115,12.353959794228768,198,High
4,46.50807335025137,25.78788079179884,78.86711826829269,91.40162819959386,6.892322134514528,99.5840325558417,2048,832.337228289555,5.554316811164912,1.588663670448501,234,High
12,25.224570445817818,82.89461353585705,63.791832694915065,67.62285252555864,10.046621150850065,70.24065795646081,256,139.96343955803522,3.9020695368478804,7.106031104328516,38,High
8,97.97109068654584,50.15599773490177,93.43109016325725,89.58996173806048,55.43919783669155,55.32953072899146,2048,736.5587874956719,2.9997251784492116,10.976698094328494,203,High
16,86.79854679999275,28.029399607604315,45.85399080934876,65.3863288765798,32.78009686421096,91.07521077036715,512,486.4,2.4525747123589765,3.5720641890794966,173,Moderate
32,54.84997254648135,70.70232316346005,38.71858058856892,55.13842844551828,22.056807363694265,60.61006094402091,2048,338.56448778363045,3.835803929553909,2.7912590886645785,153,High
8,64.29208804156269,90.41050827469134,89.84277988247294,99.00490691598567,46.62569273026208,85.6642786451221,256,243.2,2.5638700070953213,6.853183615933199,142,High
16,30.453494820369606,91.02028075311891,14.431996126746022,58.23325407824931,66.64967409043015,58.948814135756294,2048,92.71418041894616,3.2914379507884157,5.29838826792553,150,High
32,58.940836335257224,96.61307798471785,22.274685364030912,59.423453859214504,38.49919477358584,50.84386954289697,2048,645.0778517789646,5.303599382935273,10.736434963526484,76,High
32,72.54731198093282,89.41643678133504,17.416399112564,99.38157206719134,80.25422571573417,57.989930189451286,2048,556.9262183785215,4.568990291295479,15.543528047819196,185,High
8,56.36503255479299,20.171273547638016,85.87989609187623,48.0356495899393,73.85232465713936,68.84943482879109,512,49.94230114504411,5.361885447075691,1.0670340389372515,57,High
24,99.12566535264472,50.41929331307122,10.954668103328745,85.63203928058171,73.49148821595668,55.33091235648992,2048,754.6899067015986,5.134328982680294,14.535698686908386,104,High
24,65.02074906229535,85.48340639244024,87.54914399473434,96.14876550896359,98.51896896773886,59.8839542117841,2048,830.9916507875747,5.797971206598992,7.498345545857388,123,High
32,43.387634133295215,49.300240479877935,50.61410158341401,70.70769965652512,29.522997737163482,88.23131388421965,1024,908.0484080993466,1.8109847380936337,10.960115939014822,168,High
24,79.49368248542542,68.1238805103765,10.362275096857367,40.1513057021692,64.47255863408952,88.49418039885654,2048,550.2767453089357,6.968299496576458,13.765405492672107,58,High
4,25.341626042347784,68.50535578996256,46.148065949083765,62.50353664678637,85.54783401603136,90.87441135954884,2048,458.0542345527398,3.5925079241651785,9.601879916831864,213,High
32,44.60642323356399,49.202024323105846,26.812075694053203,46.694139543089626,57.95244339139109,92.05776182737962,1024,877.3757829867567,5.168514097525659,2.4596774078700685,233,High
32,41.226305533982725,92.35791418250301,66.19604387249467,64.97125965602174,78.95021761153926,71.02179473068777,512,404.70985087745765,4.9053760595085905,3.1089276356230084,229,High
16,48.86263855969995,60.25826763088941,71.1422910929482,87.40160569853708,41.44521858399123,93.37748303467643,512,486.4,4.179975550010685,12.839200634792817,86,High
24,80.36018433358537,57.18273647500006,53.87748133644998,66.32269293302804,59.049134565480465,76.29684375070215,1024,619.2086338369171,6.972805420938139,4.4364734716634935,210,High
32,53.575572894706674,99.80109965295168,13.646757289570298,65.91550728075535,5.5666392804328275,73.52985584680042,1024,378.43948882032674,1.9125530226397625,9.535564241986508,103,High
4,81.46130052393664,59.48002912580933,69.05159239304817,73.40736861513079,98.57676058248134,85.92681644978879,2048,96.02103819038764,3.241237637313683,7.421207687181692,148,High
16,61.88400128258793,34.271860154286486,85.78349052449691,74.90143508486082,80.00184814484173,60.69092056799536,512,31.201383283978828,1.3302486349653078,5.554584742136923,88,Moderate
8,40.786249119179985,61.04555382907505,74.82918495937614,91.37777852793829,86.88090716314495,89.47486884137359,512,433.95536313003333,1.6819305678865715,12.804513461835812,64,High
32,82.89808693151252,85.12133884159441,84.69621270597867,58.501326353737085,69.42942781429461,71.47329132831015,2048,486.3895590751232,5.134266413248983,11.968249783372283,209,High
4,31.446070349778243,82.14882615186252,28.04585711957987,89.30027586208095,18.605003280869948,56.36477070018802,256,243.2,0.5314774119613203,10.691633267074893,65,Moderate
12,30.194468181981595,83.08654120867769,89.99991456908343,73.95602492152284,3.1028442418032265,55.96559567584838,2048,420.26753341235644,6.283834233902728,6.590070526348379,106,High
4,55.40526316493522,76.64190271983294,38.99741055831665,58.031772983028816,86.46566077360136,58.24533719233501,256,243.2,4.615699141246235,4.39705486031927,87,High
4,33.476432136588,40.33742632533506,11.206433282679193,57.70756264036463,39.63306537361231,94.52863671218913,2048,467.4755033944017,3.3658828491561454,8.738424264972096,248,High
16,10.81783314560947,88.96672686721851,85.90524816961636,61.66825102634347,26.38648760399199,99.54689111295238,1024,245.61057561978095,2.653847197105016,13.256561504931554,31,High
8,68.34677745689214,91.4754772301012,94.7639142068254,77.36159455719853,56.16729588389444,67.84868996006418,2048,100.44700500380696,1.3207813158994552,9.634974555762911,57,High
12,55.99844393251582,35.53221572948392,69.00023776756139,53.84870388159695,42.08985224757193,64.60719261026487,1024,121.91260334924617,6.49015681195019,15.55209464792493,242,High
24,50.09660330438451,30.43645092411151,30.82929674170822,95.22001370033604,65.1665995687557,60.93854862971686,256,243.2,5.130095112729193,1.2315623209359596,99,High
24,97.02716631564839,98.04839748712897,32.65700178542774,74.49475505067403,48.37932330545136,91.19082385836228,256,22.549653382905788,2.6865544930192673,15.975201720829343,92,High
4,61.40792655666223,89.46591709202943,51.99335860920576,95.2009466197604,69.72331404402706,60.460374120943804,1024,228.00125381442575,0.9610851663640331,11.371135695380337,209,High
16,87.7088420010446,91.45889177679574,90.80479716412775,42.78426151474928,85.3423269509143,96.20450649651349,1024,789.6479095230303,2.6169384050166147,13.490110257864977,89,High
16,22.550521258464414,90.91011076995161,23.46378905328025,60.5566822276884,19.555701095578904,83.36751894856414,512,242.27102050600777,1.7001229162590423,6.02428551651183,119,Moderate
24,61.22858168164849,63.33494592269827,84.33763026251383,41.36845964125739,32.94328805654868,94.85638958345973,512,119.62221592912073,5.610776536002859,8.625119921298332,193,High
12,88.11816640578127,71.71213893326397,36.217252783463536,56.33510890587819,43.68155865706389,77.70049271970731,2048,949.5897543945937,5.177391450916338,12.954838718264972,133,High
8,62.47951815519082,63.629028170691335,82.77275524861881,91.72038833611529,96.20584480276382,84.53399310912484,1024,626.2454151881033,3.738044077599013,12.409742085504798,239,High
12,74.62127603143014,24.096507935226327,92.82440778413847,42.196582950532054,36.53336135474853,80.97290503288538,256,69.4256899413092,6.257967170091556,6.010516433189139,219,High
32,43.483921103098666,79.64024682822182,48.47444847948882,66.16882599494468,38.10998495926295,91.55977281618985,512,71.6215268299538,1.674424472904046,5.866153525357044,145,Moderate
32,18.320456533335992,60.426562666870424,42.85455886949777,47.054024228393665,65.34725229595611,91.79304055929406,1024,616.000904442178,3.4377763053177146,10.942168043681967,72,Moderate
8,51.21102656143643,71.81672598321839,82.19991870741715,65.01043955562207,41.919970988994926,79.48964999225626,256,243.2,5.119031975766783,15.004887722079918,196,High
24,45.503145175497174,60.211184398042825,57.65345941414546,90.33109505586265,95.12237456396052,81.62538246648862,256,77.691024669055,0.9407152731714146,7.58178986011195,162,High
8,88.03541641410526,59.34490578579648,71.60041436168774,77.38426200415114,89.4468760475444,96.0937960248915,1024,232.07232022360202,2.922402845815621,6.29412698963824,247,High
16,31.9595772117225,33.743128758221346,66.05463132650615,84.2053807198854,51.34087777756729,96.49332419824847,2048,929.7524853407324,4.215821214184171,14.420305543542728,232,High
32,97.00608047815973,42.29709721129191,23.759996108031668,60.94624692697486,64.47752339478498,83.21248919475909,512,486.4,2.884223001790654,11.24584092184871,207,High
4,96.23243078240465,32.708215355516465,86.03113242606055,96.66386170060849,5.803056188362055,50.38771390865818,512,445.9221441663519,3.6212934302728805,6.824139695591236,45,High
4,32.28684787642948,35.6533036500274,27.619760027182256,82.55572562677,69.5730528032398,55.22056073769705,1024,257.6538578011624,4.452769270885966,1.859143462716918,240,High
24,41.324675992958845,97.83819043362439,93.90539296637027,65.30792915707185,70.72008729490322,92.89712658872081,2048,142.36106187885227,2.8945389921673024,11.822339080716773,81,High
16,90.60001667864965,32.249075661775876,32.55141622799331,65.5878880136233,35.91992956432081,54.235705818540076,256,243.2,1.1890933134960435,6.293297360355701,226,High
12,96.99599988064968,41.54163394441661,76.04928759463677,95.12105067659786,21.968288362527268,60.67595904275332,2048,923.1428937379875,1.4063892327238605,2.058492966585396,100,High
16,49.909519255243964,67.2471726190868,35.61898541442328,74.58428160612351,91.50784018170167,61.52733401108259,512,58.224281720766264,3.925525802102281,10.184336308695652,32,High
4,38.8897341076808,68.81428609893135,38.60068677281775,82.3827525941825,42.67049008051277,80.01173848899523,1024,972.8,1.6358101666073324,5.845103057407657,118,Moderate
4,57.34846119263878,32.31793037950632,37.90016675040748,65.02211347079025,65.37061048017107,78.83163989418821,512,215.73459299998774,6.283918868935329,6.076847624657941,167,High
32,71.89922857291613,83.497394062817,77.3103028623475,53.42156588588285,3.332879497625596,64.47087617102001,1024,414.6796867950192,5.92220695330487,8.187551961218391,80,High
16,34.61270638374818,82.816229433026,60.11336061724538,83.41355751966512,41.40671665768363,60.380568278422146,2048,54.60079508406039,2.7687084485391,11.762121509926825,226,High
16,76.28258571571655,38.98541633631129,89.46572102627475,76.46942632848328,81.725881101388,88.22660149287378,512,486.4,5.901416617967044,5.1449571645444125,189,High
4,14.649162140317692,43.093304214036834,37.66354472836404,70.08057282548677,38.7576000400715,96.7728077802988,2048,488.71971274698166,3.965720897217117,2.2141887366835147,162,Moderate
12,14.436504348797481,95.03902923675976,72.27932698510699,77.44125639966782,60.31611601368768,52.64028399582193,512,486.4,1.5338310359191172,7.366385821592592,147,High
24,44.76589346309907,86.05371567835824,77.76537396967996,52.49713516385402,20.985580048453944,56.65902313524314,2048,547.2513460185578,4.492377054518604,1.8238813467459156,200,High
24,41.81258728546486,75.8237626450019,23.633390172696238,87.63632239191737,41.652564883955954,82.10819943528537,512,404.1960068005983,4.9164322619066425,11.459027648383247,240,High
16,38.40698938304371,26.578657720848042,46.053042158783,96.88976830121834,92.76377180531867,90.22207258357128,1024,740.3791308335541,1.0452952600560308,15.388652018838613,169,High
24,54.1917786402019,53.46112647220606,53.453574491537,93.46618865006216,56.64517497010372,89.55943343881998,2048,34.770916509088174,2.543945087743248,10.881382114721974,188,High
4,38.86602240804141,64.74414976614617,42.011865090493686,59.28614471842103,90.19314590929315,85.98415765413446,2048,545.6187306658492,0.5349959194774732,5.130856746262804,238,Moderate
4,27.303212662128274,34.99290303870215,38.99013363722243,64.36034639692456,90.20192994895433,94.3713977249046,1024,122.73744179071922,2.556787221814821,3.7255358130640523,179,Moderate
16,37.85225941797408,55.858126568657966,71.77779045978778,88.50413798785367,94.41478004244796,60.86744397854064,256,243.2,2.680394663975117,4.491753569501348,88,High
16,97.74138455292115,68.0820701990952,29.427975789353972,75.70702784947622,89.53916600801053,55.36454732459735,512,486.4,4.596356074064052,4.324150047521822,81,High
32,47.000207529536375,46.19013440923194,73.84516707260158,72.87486662059895,0.3281129010300643,80.76814850456842,512,151.03613879779618,1.7937813177195725,5.707457590667735,76,Moderate
16,50.02414991725022,82.47558551603898,94.15397767516575,95.59851805200671,93.40148915815969,91.11379457617161,1024,936.4522452847604,0.6955914137306523,2.4602001719221738,134,High
12,61.8890490956026,87.23596653110444,60.8677769059976,72.16149765862305,13.745943908537638,79.10217892402866,512,486.4,2.551624467706329,14.435785864696529,243,High
24,98.50066915728038,45.88875755472566,65.02908130655265,70.89632077523859,3.9926251111150557,98.1498743729453,2048,420.7560201580315,5.866527050683005,14.276807429942616,78,High
16,31.74411487921867,87.09257235939657,16.203943191168015,42.52111547598158,5.538853457805281,89.77822306958947,2048,15.915092318677203,3.0944438361258695,10.228543803522925,85,High
8,71.31538994791904,28.2861252882412,87.80292132560454,44.16501751540826,34.891619517643356,85.03959004546304,1024,791.8473784077411,3.1981095039211285,1.9288055030953775,247,High
32,74.43862241875517,87.01832788981251,35.6903008479879,40.44521847283901,62.08040852687936,53.01286454358668,2048,882.0868453781601,3.5486791585029147,13.06001111082649,60,High
8,64.65919751137594,32.220034533409326,65.35460489757084,94.79465354701802,40.231119651899746,55.387111936584105,256,182.99071143187825,5.386627400264912,1.9268287560736805,216,High
4,17.972050567297966,26.63417220077808,98.1200952770322,64.50319960106204,2.5554284649379477,89.24188162955971,512,486.4,3.620161800460717,2.596318356446977,99,Moderate
24,70.91850482448189,71.3420323552809,63.5952340515527,68.11368256800475,47.64826341747147,59.911896278851465,1024,914.9563045217491,1.0933378914890857,5.879445889664052,105,High
16,15.768523993255794,57.75498926042354,75.22385387179398,90.72321685554772,44.21307422703801,51.441758803949526,1024,476.57794252384855,1.8415986973977225,7.472054764983403,200,High
8,63.652838459490724,92.63124803302662,50.07876564013767,76.55477862254668,75.68492655016469,95.53803428734824,512,486.4,1.721332885451738,6.308334350729788,248,High
24,76.56230594995684,49.055135687267935,15.432925916355163,76.57009578343487,27.961289842543835,94.5402686850617,256,243.2,3.8011115696281825,3.478446714675459,110,High
4,28.987290155795538,42.9721810750103,81.78394145408096,57.79206576128875,21.753117379436716,60.92419136157459,1024,568.4058032594317,0.6945415229239638,2.6819457652266125,103,Normal
12,85.74598067884966,60.05879249153587,13.14989571375871,90.03450243547115,25.593895767662623,89.01031290364773,512,326.6406197116657,2.3435079553329636,13.891228400566247,138,High
32,12.731842497970383,56.475694861492904,73.05920459990688,49.94979856236963,30.3739822629848,52.39898306058275,256,167.87465186761622,4.446767116780596,6.44771838927892,34,Moderate
24,85.94315772924755,47.55424369737506,12.062941583467325,43.18897553037687,59.91648733671665,64.25290019116315,1024,749.0712179758915,2.805229390955411,4.278990671672628,33,Moderate
24,51.42961455784886,75.49930389586629,87.60747129190035,51.496201451111936,47.152548545207985,81.18334541283124,256,11.378916073944326,5.100129029722341,8.304870349350631,172,High
12,29.582914593848002,80.76494671311266,24.187243224968253,56.06423312647388,33.68945651790579,88.15894980791927,1024,583.7571627522937,3.0429386895691377,1.5523510080692762,159,Moderate
24,22.040033049457122,88.23871752241092,56.2844345898296,56.938663471252404,37.43141582836784,50.519959439409476,512,486.4,6.8651739344555605,10.004217734983756,206,High
4,95.79764508241352,97.82852837682742,63.74356340348326,80.23081591712605,37.09236601589762,66.3104306636872,512,229.06451390868602,6.774815865879043,4.727343802743972,85,High
4,16.539902882304105,41.332495370600355,51.17908666360709,53.069475239718614,97.24066947103174,60.7172780031837,512,339.5704622300224,5.698964644019843,9.972946211969866,165,High
12,27.91840779423331,77.28747859919693,40.66871404139985,80.59949826969907,23.299698805295254,99.93902028743618,256,243.2,6.703538432334822,10.211877466688033,45,High
32,41.304011268974136,51.54065883965962,52.10328665628745,45.46793039402799,81.80615602722587,83.54911161926175,2048,254.4015440658287,1.8310585705148095,13.13836287037969,221,High
16,65.82113640650084,74.16655775608865,38.027417849304285,48.832147665874544,70.8210837588187,70.28357264398718,256,243.2,5.381000577676211,4.448571334142108,241,High
8,59.032097674848856,58.07853522793763,49.43101123727769,70.5292869094597,0.5570005603550587,53.78263009903425,512,372.93713544142946,2.5907811165764705,7.951969579289203,53,High
16,21.307914317108256,99.50184822143453,42.302169189822756,95.31374815459856,99.3176218125488,79.93351287534819,1024,585.7975826216873,5.214413073129005,15.428310072876814,84,High
24,36.07551853643932,78.31217086326,60.95843411564308,91.57405532866684,75.64393706335736,82.08507354680322,2048,233.85993612321667,2.930307500615795,11.9068726612693,211,High
8,31.487659397742167,96.19930403474596,31.413174602048514,98.1252065465682,68.24495863507913,90.82029637515676,256,50.97247362107585,2.3812342883372057,15.630157120263375,238,High
12,29.218856904130725,86.79756395849486,98.97908994226113,79.02874391669025,40.53247076766373,64.42884264596817,256,181.963263353524,6.732168118940789,14.91048569615656,98,High
12,47.002990283198834,92.23208089306968,55.0782958043949,80.54889198496552,55.52030889142896,99.07140402400482,1024,55.73694823271519,1.8642553714129477,10.16122895209648,235,High
32,73.36283073324913,85.153535777174,27.474586967305868,77.50137993588953,25.32708956674702,71.97328696569747,1024,473.91786061708706,5.430695864942657,4.958955338232151,235,High
8,29.570763899551235,56.73273043007291,52.93600746105452,77.36913537149184,3.5483405145697478,64.79718773297468,512,486.4,4.885369060829609,12.35386234993625,89,High
4,43.00109917326833,40.14307626775075,87.97736165723418,48.82722070405508,83.60216584459728,67.42246670007289,256,54.22845560859822,2.4726046717524177,11.471788687184391,188,High
8,45.1825684157046,49.625614036041775,11.962611381195604,72.62433736983573,89.64844936811717,75.9793026483562,1024,99.5773993225535,3.4792296136998173,9.833351805360966,49,High
24,97.88108764918691,21.618898611196038,71.159870719656,63.164076007103546,16.247063661423987,96.83507822535637,1024,490.6697765422474,1.4291301235081397,11.467438427369515,234,High
4,95.9199721191162,61.91945339717337,59.317101711453525,66.5522329466376,78.7056095845733,86.75793989597003,2048,801.1881328789664,6.487855928409697,10.203796218178764,83,High
12,82.01238244768683,60.4046240216327,25.2602194933122,71.41603438355423,74.11526732856586,78.85548247318911,512,486.4,6.792778709928299,8.790685346092697,166,High
8,31.749302873726666,62.020037186439055,83.57287953744286,47.7037703081351,17.837500193609046,58.14051939899309,512,113.66311790283073,5.261009706383837,7.2393322252501475,191,High
16,16.12335826825027,97.9224979977651,43.19961601366051,61.56926403112719,42.18288025747938,57.467665544543586,256,243.2,6.021232234912094,1.670625618661607,233,High
32,38.52137239485623,92.91632027638714,36.44218259339567,43.80697365259621,42.27579208341034,75.1098456906782,1024,918.2757324418493,1.0370133002085713,13.985318786547717,109,High
16,34.01150944904478,32.93702226640864,84.5312672671211,98.78008782534394,75.99642583052486,86.43543523008246,512,331.7072595709663,2.9957960167165445,13.983108738996187,222,High
32,55.53332201317545,49.51060172447114,67.46725415724981,47.11168172920757,83.76609057760554,87.55060863775552,256,243.2,2.650272246734396,9.910709799533832,173,High
24,79.99551190610137,53.916494357060955,90.8433175307342,55.51148431269727,9.477512139137101,61.29571919381292,512,486.4,4.172185176523948,5.018264577372311,99,High
16,87.24906449909722,48.84263342813182,66.68953333040795,93.47757560220384,56.29692349042029,55.004975642362666,256,243.2,1.6918094153821994,1.4219656605833866,241,High
8,86.03776768694577,83.87967708831304,76.67358921389038,68.96260277434851,76.17484969288853,69.22304946268947,1024,513.6610476192484,4.161978584075484,1.0214320625046134,163,High
8,42.3708005100761,61.923013589406956,85.28013066336516,48.13823209123782,78.61905940651585,95.90862716220371,512,486.4,4.753374876247824,2.0936108458380827,64,High
16,71.85109091146145,65.76798535773,14.926567231894321,63.053832282360936,14.799352443040892,77.26836263346911,256,207.34912502490405,1.3602950970722079,6.398294895267475,134,Moderate
8,38.1550777771798,88.24108471903403,79.84440629824422,46.952079651483146,52.55051431507941,66.00498834158871,256,243.2,1.3561846076253858,3.8259391899561663,160,Moderate
24,15.481498891166444,84.47425227322869,65.23358336646191,52.012959825070105,85.75587063627029,66.18188341695608,1024,783.531787695176,0.730252033980482,4.975871284562853,50,Moderate
4,73.14087390426481,30.576921825623977,16.25570168636739,43.1217908169907,31.851857658528417,56.60435226110925,512,486.4,5.445800922556938,11.49490565957398,164,High
24,10.884479731280907,77.11316672669074,55.772012968184356,66.293649672946,42.511689891179714,73.66118680530789,256,243.2,2.651555489452231,15.387246615387363,107,High
32,46.82643287126397,54.83489031216284,17.42122701855585,88.39816730351558,80.43585113363324,89.56813392574192,256,243.2,1.9652329623412141,4.101637645300487,187,Moderate
24,39.64413423718682,43.571912245000036,76.23524815509002,75.15815072199374,8.93195211837623,98.42793457636706,256,243.2,5.557613567793988,7.984659012047343,51,High
32,72.40397846669671,24.001505672174908,59.185154250809475,76.3807183290767,85.94932898889782,75.07974999789877,256,243.2,1.431161985582007,15.872191022491155,171,High
8,78.9620925484341,58.97996482763608,95.82161836710677,52.03504180499442,31.115671673080904,58.36074579213442,512,464.33576294673696,3.276692276132482,14.97511597351268,212,High
4,37.368517237415546,48.43493445796251,26.482183441459284,60.633630595141994,0.14503165911271543,84.14751999014322,2048,472.41686589603364,5.341113390870428,6.2847445454384685,118,High
8,83.04643130003682,40.12104317411207,64.54301072683407,90.71452623044992,23.415914505635826,87.83956713726477,512,412.09987827219925,4.229910064316648,5.795335701971248,96,High
12,36.45250844544404,75.5737383677566,29.04239211134422,45.27137105959088,8.950064089550647,53.58498747115511,256,243.2,4.10100093270075,4.63255960505872,162,High
8,50.16937239879051,81.55883098524697,65.26584862546585,91.47583922011202,9.238490699624414,92.50695648156145,512,412.5972899406636,1.5235121696541631,3.3310427474363338,226,High
32,75.43166743127206,39.58316152235398,75.03847321247709,69.02140157588714,69.28357341425915,91.46611949979287,512,156.019370945731,1.6760627309258167,7.900781186931675,144,High
8,72.36282063023097,23.95579493434778,75.00738963965847,90.22884587950703,21.39763356390648,73.6270527019559,1024,115.46432004656029,4.286632160413317,6.116807701101213,88,High
8,98.863162508098,87.9002160452188,83.35665916143489,59.08038516366402,93.47423629769824,78.02112593079342,1024,925.22755249134,0.6531845970242905,12.172563908055924,166,High
4,30.26449217943387,20.796779296344265,86.8195205162485,60.33057709498125,51.6444546591304,85.67040318554595,256,34.491518462504274,6.1492669282621675,4.552997557457667,205,High
8,69.60861221856241,94.96899951371776,16.954455364045934,85.09629209938856,46.00982579549186,83.83740625314297,2048,114.41258918759594,2.7780602041663363,12.044983585300736,131,High
4,64.87137174481997,70.20958991861647,40.89404413651637,87.09977040353321,43.428351822015166,50.826798909660454,1024,450.8518258991308,3.208005410612626,5.322198789729616,66,High
16,92.3588609041027,45.74773081610562,71.84102683238251,53.77868067940881,69.25876396716319,56.12176519242429,512,270.29700423533603,2.1798101757619004,9.890931769713388,97,High
12,24.072592748038755,39.7182327661389,54.87276586520909,98.37227948931434,45.22627625236084,58.12952778906229,256,243.2,6.198362145210171,10.576451445920966,177,High
4,77.66183472282397,20.720453141158018,27.160835207931235,45.06940625468974,12.860035622519185,87.78379445360494,2048,126.27290777794451,4.676276473238383,11.076721382504992,114,High
32,61.14417546418915,38.83771336087017,59.74386131500282,44.11017778612785,88.01721806407565,72.004178144619,1024,139.59786747890024,3.424405048727934,3.630084790558926,207,High
16,34.71992828091149,31.01826412137129,46.66920874895294,75.73025291716617,42.839534892565865,77.27513131934126,256,243.2,4.304507171788318,5.240670545825415,53,Moderate
4,52.69914227324567,68.97329765785165,45.10344498888746,83.36444606629729,7.400457569950247,88.63437184477421,2048,761.5176566593008,2.972402373840041,4.691735281078499,153,High
4,40.0398937362818,33.323647087504106,82.87783456920974,97.65316775349842,52.93659874977611,67.04911345320454,256,113.2103370673682,3.5262861088486788,9.642406165232204,228,High
12,62.13820625096148,62.29038700292954,46.68385004489631,64.2967468479317,64.73468584557034,87.44451136593865,2048,671.1125107500299,2.8246092571928494,2.136196034070503,155,High
32,90.01005497331992,67.20931378755766,12.380905493238174,41.51748453937799,27.558246415775855,72.11496373147799,1024,613.2182101219285,3.1693861623704294,8.773846749412751,78,High
24,61.23744859709818,43.84333586775316,15.225700500198215,76.17378036678443,80.03404076738423,68.85900938871033,512,486.4,2.547347536061297,2.312005834645627,165,Moderate
24,66.85501764939256,22.805195921497496,87.06196375224583,57.38176123592631,66.97758460373637,66.651863202737,512,479.7044155168494,1.004667004049143,6.055839848996707,104,Moderate
4,56.68730624032385,22.980310449135686,96.45407290112692,65.97682727172413,65.03411692644335,98.24724077461914,1024,277.28695925810644,0.7427508080605973,11.30059139426673,139,High
8,14.604895580092832,22.10778657551341,71.95684028101368,69.30816893499612,42.08249528677942,88.59867053544895,1024,667.0423776629626,1.631690327740301,7.188460825176531,230,Moderate
32,30.95727011884848,79.1299733709237,42.79314646900722,43.87075664428203,96.19153014112878,51.00979703867647,1024,377.6438522575938,2.1356453348867475,5.205127590733417,35,Moderate
16,54.28015564888745,45.44077638514385,94.47402842152547,69.15890707384617,27.418916794924762,97.87077432591008,2048,226.76337200203886,6.288067093832936,10.237857638485517,69,High
8,37.92117553702343,83.70401487741309,69.65227777381622,65.57918000825889,57.77055010154526,88.77198148633366,2048,414.54272358209033,4.47311625440018,12.104036687231673,110,High
8,26.35872379850748,54.538625907427935,85.9900194279404,82.7526559171956,30.90551574726176,57.45873572271278,2048,765.6371372449444,6.728931602555941,4.818774021588943,211,High
32,55.37195577265945,56.23984806639711,78.92670736333083,78.73995467274068,74.48047529715541,53.81690627056586,2048,481.0352645708399,2.7077045912715927,5.490998516438158,234,High
4,39.052881410306526,61.0306082007659,44.12253841953331,51.112943089033664,4.779148387012144,65.40970468297267,2048,306.8656207990879,3.1112970247028406,10.604408754266291,138,High
4,33.229687885607326,77.04251651000831,53.083198076570696,52.36833509262382,4.589386787504923,81.20907646730309,2048,833.54992867559,5.17839597933407,15.47834890270878,174,High
4,51.75868756963427,41.88022926637657,26.751893893128955,55.060370726462395,81.08609695187914,80.82733445747337,2048,882.8273176291254,4.2563635046211985,4.208073050046635,80,Moderate
4,21.995583227395585,29.726987962682152,36.281269039666064,50.73702641783064,43.426816106367106,63.79250625746103,1024,438.917919534948,3.93122052248364,10.813714535668144,31,Moderate
24,93.49711597678666,64.48458681531692,80.03130951578696,79.43279198010802,34.11800546003557,72.28374893287089,2048,380.9411405196257,4.241166270165515,14.598847616025822,187,High
4,88.09318881273151,46.158209859419145,90.45805526947974,99.66581075201623,60.75268621753385,60.59450778568677,256,243.2,4.296879529796989,7.929501475665419,189,High
24,73.68585271664818,55.39930509344299,75.20143809262706,79.12650043095618,70.18993438689736,52.528934258336875,2048,67.39470159733389,5.477312757329454,5.7526633974298695,79,High
24,19.55924448296106,71.75573666698443,51.865632699097446,76.40089277147747,20.12013468444066,75.84852337134393,512,486.4,4.842533177547558,11.003065978098121,228,High
4,79.82895290227238,59.53005929130165,17.785834204577277,64.59567600106435,18.543124140473154,67.34955671260191,512,486.4,6.722542616433443,1.4714770972117939,173,High
12,82.7161595298117,69.62230536806743,15.12531538286034,58.75481553158564,95.81507477598815,77.1441216148965,1024,403.46750798459993,6.661759617366815,6.4024082580006105,112,High
16,79.09881559429039,63.53600016909023,43.68930081515684,94.66442541438875,58.966430638456934,97.32536612352258,512,182.86969150732247,3.2424985229084924,4.869610402256703,236,High
8,20.256929840731704,79.18370975488793,51.743954689089676,98.14011244852918,39.01164772942681,57.168515584766055,512,38.530191389454856,0.7321969618274178,4.369325541676419,212,Moderate
24,67.95171613609882,76.4749294169296,64.82085599919671,69.80657053526366,80.14416946695064,50.09810091554777,512,486.4,0.5719860844217273,3.696388952904449,214,High
32,85.08923161744588,62.73519134468954,10.58405692482975,57.41202973039345,52.51589587779172,53.84391066410626,1024,276.30347256856066,1.3007571317712054,12.055949523789309,235,High
32,61.961806109770095,74.31224166877655,99.07506014196757,86.20733246018605,24.166281037458138,73.13541480508145,1024,469.2506912500714,0.986833092837621,15.326496929889466,74,High
16,68.17666377052801,89.88476818180902,42.754499506363864,47.947407452012705,20.67353056415738,85.34660149011617,2048,392.49196644095554,2.926879318310646,6.771559679829142,209,High
32,51.252713148367555,54.581703023053485,86.32851974210092,85.9352942586209,39.68592661698217,79.03818016585944,512,183.13594798798803,0.843684892746019,1.736549603620615,228,Moderate
12,57.58365878956474,53.02104581990349,58.147003509886396,89.13690245868032,85.98958602598796,74.74473036868736,2048,513.2849817760971,4.561941234891267,11.783677205088667,204,High
32,13.09391725165527,81.1396496681904,21.739550908001185,47.49423667763004,6.144791604425892,67.69815655462062,1024,464.9975875133306,1.736132468969302,9.073065016953842,62,Moderate
8,67.50667197759562,66.60430696335952,81.78089972810697,98.61168812779383,21.852600075476314,65.49870857657504,2048,627.906146641134,3.8407745707023193,11.85466920768712,157,High
8,17.33024916020433,25.680542417807082,73.88443674278884,99.13073742330872,89.31518188525914,68.814308755249,2048,259.3661445844889,1.1700120871192785,10.718562462983597,127,Moderate
24,49.151313490620105,91.36896125528651,57.46924764363052,96.20316875964107,12.17345689692505,80.58174770045356,512,222.49268905487173,5.880238927883898,14.58153971445215,181,High
4,36.338958790066705,22.46264817901121,56.3097782200402,69.76208856437586,62.962571826416834,58.387697793276814,1024,816.2016091589073,5.569732383256554,3.1066028909037615,64,High
12,59.08851551905418,79.87170849677945,17.873164517583525,54.764448536609706,21.35113681210251,88.56810415273128,512,486.4,3.0121669368340696,3.537427678896123,221,High
24,22.007470197088637,80.70353141634503,69.02640537164868,74.92055685291479,60.586684751188834,78.76266200465551,2048,774.4843871746477,6.418856661416296,6.123538360347056,114,High
12,72.24790617759864,96.24888682255444,92.01206401788698,65.19603030828614,38.31041668442321,63.45781888057138,1024,132.0569136374778,1.7070542002049516,8.370832239961793,117,High
4,81.55103832356234,24.33075267218566,18.392042729922252,52.35691868303182,10.167689643099187,75.05764814056418,2048,231.79924689374747,5.790588583884735,14.885706715115813,130,High
32,24.701900476884084,67.74854886275928,33.71603055840144,65.42058457707085,58.24750675541064,98.13893438425832,2048,579.7762010416035,4.048060323448147,14.60446344024941,237,High
32,19.388177861669394,54.227245650164235,91.20771760978889,79.83339014065544,68.3042747084586,51.0245764572597,512,486.4,2.6422704439418134,14.078081789040658,89,High
4,23.096393450862323,46.450636388763364,35.5909518837814,44.25479864715946,68.02726189658028,59.97613204506146,1024,893.1934967367854,1.0483460769644504,4.3379040091538785,238,Moderate
24,88.94148057086515,27.225484823925843,68.85493049619336,60.00508008676099,63.70344090727096,72.4190119951639,1024,833.590862632378,1.6135223216503811,11.945145658205284,58,High
4,57.53703355807205,65.01232957370473,58.13363484488298,41.067693400769514,50.02247809355458,81.9219860889914,512,52.963966623583104,6.108606934811969,6.7523761613568904,47,High
16,52.05348964067523,58.32325805396909,63.66948445034758,84.96973032770055,51.94726168593257,60.61141331427426,256,243.2,4.44475948874615,14.967743913116205,215,High
8,19.604063719211887,28.36435665208194,47.42100114195278,78.44147605700205,63.564010980795956,96.57019741880981,512,486.4,2.041121129577247,4.2180375456783565,77,Moderate
24,68.46004060812656,68.99916056776667,36.999232349834,43.76032808211795,69.02593617466411,82.12860062123211,512,66.18159925112553,3.72304370346117,3.118869298059391,40,Moderate
12,88.11996327055809,79.03624962023508,14.368010565670208,97.88425357611807,65.48767388313851,93.87159744782153,256,243.2,1.200938353864072,13.635777619502692,160,High
16,84.53672823911077,81.38226408429186,76.98528453647478,41.35729342762604,58.694556491345175,66.46589651251593,1024,541.2442200637347,1.1424761958458527,11.753613926785125,199,High
24,66.34492380827211,92.42985506099419,77.1484115974804,75.39763878856532,15.58389848041184,91.44769671533147,256,240.42286915466465,6.400470235641594,13.32132517335745,175,High
4,16.775084498650628,52.75765935110218,70.36531660708509,86.58204770794335,21.061653849286177,68.91096084497231,2048,521.5187994767396,3.47606588020891,3.3691508151719147,45,Moderate
4,20.115732445841168,96.24582148977096,67.92704093076586,87.27377878268338,26.022402103534837,62.637588623060246,2048,887.0962300814539,2.85018650068239,14.271890316241944,70,High
4,14.437808839884221,89.23435240661489,31.93454189507736,42.05710813559223,91.96616570875022,95.58276695818965,512,486.4,6.668966873187695,11.164305349707048,222,High
4,33.17312948432224,43.72012568191512,12.011044038966208,94.38490795842635,75.93950917969666,54.610923783942724,2048,940.4389084449061,3.0935044109466037,10.77341204347865,72,High
12,22.209532044434,32.74264298795668,82.78438571968957,95.10710031562732,55.28668195368782,97.14443980282022,256,243.2,2.6855738323482723,9.738757946470823,200,High
16,33.40432362271905,54.83115169024107,54.20246821262442,73.68342238926236,25.20569285440468,72.92576029338028,2048,416.46127584098093,2.274410112525975,12.473147283867645,120,High
32,44.65522501470655,52.15189663647733,37.61543176323565,68.92499193322877,11.089152324417118,99.63127367429308,1024,669.1299408420299,4.172908334856119,7.234124708209354,60,High
8,94.86845056640222,66.05754442649635,19.173871610251304,42.69204778375599,89.87592259799747,76.97973268675145,512,422.59297182502377,4.129668849792124,2.992318688997509,57,High
12,64.9338453803523,66.67089858621983,15.644943181124956,73.71724855059212,89.2666015822917,87.87440860411516,512,51.525150040849184,0.6052621439802504,9.088972997412949,80,Moderate
12,85.14764071146661,79.99895875039802,41.39800496156596,64.56274490621385,11.069559569569154,50.3535508169002,1024,722.7222376487505,4.751405105722493,12.221529366603434,56,High
32,73.9316350641099,60.791195856448816,82.42633582902465,86.36838444451936,79.72166660964962,74.83334099800825,1024,288.1741018699955,5.6239961696719485,3.304711793314902,38,High
32,20.125281747396855,28.385811275261243,92.68513744004474,64.23301401316527,44.664506930991266,86.87267358090577,512,58.59445914451858,4.503769525797532,4.360310014168031,150,High
8,76.23283657365539,88.6633068442485,90.70762281517582,81.01484999948258,32.39669328305401,89.14135099792244,1024,30.414865761635106,6.154272898846245,11.44818433099268,153,High
8,34.7588993403212,44.78116665481497,92.80007512746894,46.08448877425185,73.91045362087073,57.9024291300799,2048,932.047655891545,2.296706346738393,5.0447640114592325,195,Moderate
32,67.51970622952356,97.70379682452736,91.69528088164084,47.977136245958015,61.432954106073055,70.94854751913894,2048,259.5552485577272,1.7478661179968262,3.5491129087990143,193,High
4,40.68657762786897,29.428808694381612,57.45022764403563,48.3826114389495,78.00301075933373,70.95359790596694,2048,453.4202005978329,5.03230760982983,14.340881159579476,89,High
12,99.79050369381933,96.66009377860026,29.747407470121345,42.73152998798461,7.432886063293709,55.182040424952795,2048,951.0706883698668,1.7256341643021278,3.4134303408123343,248,High
24,33.71963315471,27.280944550601358,81.82419245531383,72.47973155618823,31.85870199574564,72.15227538457333,256,243.2,1.0921817159392095,6.16222868571014,86,Moderate
8,35.12174236968427,38.48289103576476,29.23416773673211,87.63806356261816,31.931685041673575,90.35464793480027,256,87.82323029104822,1.127997945507802,7.4264543859781655,204,Moderate
8,93.76050300061584,23.726395366923327,34.048654908091216,76.62467222161996,32.97530922877655,65.00903688094935,256,243.2,5.494557705967167,8.142099783855945,143,High
32,12.21799641726904,76.4090517311196,30.992888964029362,74.49729313317138,50.24798726438055,71.62872609469416,256,97.31666691952454,0.6867924608426785,6.419648887307292,247,Moderate
16,72.70200890858771,88.02389892574334,56.34841633262253,80.83743570416419,28.301380308094735,98.04793425310713,2048,104.13699958980102,2.3814685814548,14.68807749098696,248,High
24,75.27937516622903,54.725686545278435,38.96447573521719,60.37871938432089,44.43836100875197,51.58540379457811,2048,852.9623030644351,1.3397116646364993,10.87937831764382,97,High
24,85.27407196693594,94.28176600339438,23.87404446628073,61.71724429889373,36.77775931154158,79.5760883947678,1024,296.52732793094356,5.4069159541967835,6.392419738340538,80,High
8,97.69953795746278,67.22392574044797,50.785607070449416,58.85620589325535,73.52960480205113,87.17180458888146,256,243.2,3.772705056224396,6.365795793064299,87,High
4,97.80417272409872,70.40057083572185,88.65165149066503,82.72653597121453,60.35007956750501,88.04412170155892,256,243.2,1.8357006942348368,8.544287487771214,77,High
16,15.87490818098175,87.6335361360616,61.3497569454975,49.698420140246455,65.36294323173153,85.79690124420222,512,230.10342429237002,5.377670841233237,1.5049480625444995,88,High
24,83.96553904776123,43.74401640414711,89.05020452988283,40.781516818775465,21.058389408264443,86.32257217342182,1024,522.6420956666756,5.377382309398062,14.899642582494394,105,High
8,68.16789402916432,48.341257706210065,27.628496657122366,75.77178680334954,32.550216532688935,52.95063328365249,2048,78.30360054075524,3.8996472059462293,4.349640665710634,76,High
24,68.2607920935782,92.47615353557154,25.02764863052986,96.54288188405232,2.1165447612074284,76.70683095681665,1024,353.7402260938123,2.293023615858863,11.4638884853333,172,High
16,21.55149339532253,92.0770796831011,61.80194131285782,76.56447501977829,10.837470729316989,89.1484535828628,1024,527.6078627702867,4.31080114520444,12.66584120508595,140,High
16,68.5168449801088,98.11862209606967,51.69960113916457,86.9752991764537,26.505423198888735,54.703252451866476,512,236.11039470479548,6.567945654902247,13.410745227809642,141,High
12,98.4234322541123,92.14706531533369,69.41553774822611,80.3674425679618,6.546372130202105,50.60249611934339,512,486.4,0.8356365195704223,3.484634648012644,235,High
32,92.06367125855023,30.189762882668873,81.51641119241035,69.84619921138098,60.26324003547025,90.7280915799829,1024,61.293802479343704,2.2351740030416503,9.050396046336079,101,High
32,49.52175947243655,85.89794289095899,77.61765660869588,83.10354410703076,99.81301159238252,85.61471937832445,256,243.2,2.3522997700524075,2.2551154320980515,150,High
8,13.59531759574849,52.78707824876753,94.8035056292705,89.44624743131331,10.081521406538851,70.61032084572213,2048,717.8458234764895,4.606775813301738,13.071885179703331,249,High
16,42.60641410001843,99.26410847567503,45.84307682413104,53.48389865030188,82.12302126692651,97.0198216287086,512,435.6465983672051,4.732568578302657,8.296773009375858,124,High
12,84.37512804404997,57.78247714630409,28.57480680233627,60.16782882898873,11.881624726514717,88.32990473257357,512,486.4,1.8410500671341372,3.377335883852166,31,Moderate
12,73.13491913186493,64.30688660017765,59.58213759530972,53.42354395019703,66.9914018796436,98.39304708032887,2048,635.8708534282589,1.9046538848063193,11.780184184120955,108,High
24,51.340929003456075,62.38199322054388,19.966880817206704,67.13037733542646,64.31576030590172,96.46576297737337,512,486.4,6.533382449374602,5.967547731279668,218,High
24,14.9591381642948,45.73896238866222,35.99660109984683,93.10387305500007,90.27169348111993,74.06468014896535,1024,291.28059464722895,5.415942314808271,2.7175990564016135,69,High
12,48.420525504097235,26.001767111433452,28.709924973683002,60.712426050119944,11.394561368051237,87.7354489321783,2048,939.4014375461996,6.572753040456177,7.916107374904714,200,High
24,52.212244574609514,91.65209843215348,45.69073451173728,62.46801334783321,31.54444660818978,83.45956944038196,256,243.2,5.892809423057539,4.528698980645721,77,High
16,93.56999796047224,84.21406500210294,20.009491750199384,91.6220340803159,9.077976035468572,90.57226050462458,512,486.4,3.11376687171404,15.253327536061635,229,High
4,67.69774932239434,31.162142444773544,12.865757009328807,70.9224598446805,40.738332580443384,89.3844201125496,512,486.4,1.2923996394935928,6.4204248671016595,226,Moderate
16,38.0487624989184,82.14146170800583,69.11146041670287,72.12693997884607,91.15931735574449,57.66159850166134,1024,555.6852161119027,4.592077380668796,9.5867935771975,86,High
12,57.27864380056492,70.0677332840488,64.92240804608244,91.64807219993277,78.15231510618561,61.686776590427314,256,243.2,2.787941904674753,15.225414976855927,225,High
12,15.944977703994407,52.73150303340978,73.7523042434795,69.43160422152839,72.29001004453191,63.28657885887837,512,486.4,3.2651779388468207,6.90581779851941,41,Moderate
16,97.53114120847631,40.32169192764502,69.43477962442095,80.89345207776373,53.3027504862702,90.92492796085052,2048,603.2069383410653,3.2682183161363785,6.371903106639332,231,High
24,42.40539117376534,88.7783026801786,20.286521302814513,45.138679952443646,88.34857423355228,90.53708519645944,2048,450.6475871684117,6.587377540817383,3.43608460589914,97,High
24,53.00806194218222,76.01506074352424,36.19709932380817,50.71790278761312,44.94417982413283,74.7667673469721,1024,154.18216632170186,0.9476057247518586,15.074553468486478,208,High
32,41.97555768132303,63.81919275753095,21.657394891031714,64.26257204297474,14.968566710063824,79.04161296259606,1024,557.968201015378,1.7551744495532997,13.011171675193578,103,High
12,71.42605571045802,68.76548271187713,85.86751618437069,69.69034406919249,83.75852231207791,91.34610764842,512,486.4,4.451628661597124,4.315164835328382,58,High
8,69.60089424966338,27.28529456657448,77.22132898199709,97.94402207417377,27.963832805172682,65.62968003388715,1024,789.3141357749615,6.244427428264808,5.9901164162249785,121,High
32,74.37900794762221,57.91358087289535,28.137430262641818,98.2390979828674,5.363354102444806,52.508938845818165,2048,750.023499905902,6.466627237154941,14.72367667122927,58,High
24,34.13289066507288,35.49602342285616,40.71783164409041,91.0718252487257,12.603803066879138,74.12982191395835,1024,646.8757147023332,4.1315040223470465,9.059193937117376,112,High
16,38.41016330476594,36.67069432070603,96.99534930377928,58.935930117134475,60.90589161941482,95.68585719243359,2048,354.4295867523721,0.7246479224235783,9.345014299088199,144,Moderate
24,21.272610798658715,72.90431698294934,63.47434220916863,97.84169744994638,60.70819639211725,89.52341304800365,512,177.91904253359468,2.8587267232065807,10.722167229270692,136,High
16,68.99589746615013,92.90049214674305,82.10400375710415,81.36045188057275,26.018317108203448,68.33086515542429,2048,232.30608562626293,6.472416399122413,12.432457268616972,170,High
32,13.581741460208729,52.300528838267724,33.81319312918562,63.57640766904402,72.7180147945979,53.238568024141834,1024,16.258868647223622,3.7496365588251006,15.089283184964948,214,High
12,63.79141019711132,36.61994184097523,28.90476281613747,82.10049501908598,77.36401553995343,81.8459752691255,2048,676.7456166893711,5.222986314692647,13.033376102050376,127,High
24,88.27262963664705,71.89975497893234,80.55252359618936,40.991363787191595,92.05026261336182,91.724539793526,2048,813.7587829708694,2.2497572329217155,15.018237976960322,75,High
16,90.17489334606702,89.69496370802543,71.7285209708296,48.769280936452816,58.493749867823695,83.24742832273193,256,243.2,0.6625453071833864,13.30914637228354,49,High
12,50.41339843329655,79.86550408979926,71.28801362905872,89.78114269338207,77.94233641475728,71.25373323815099,256,100.93189564782917,4.259341210483457,1.6965109092199957,239,High
8,51.337331939176636,89.50057844292698,59.73711236462745,78.73441821239027,75.30996797716337,56.167680658953564,512,342.3697971436987,5.927376528836732,2.7630193080541297,88,High
16,16.927226470721564,62.92437368086395,60.72205084988939,61.85168207751304,25.780904846719288,95.53871220686774,2048,299.13071712280816,6.936746529785387,14.273393884695011,149,High
32,70.36885228987322,80.15009954953527,76.21277547756284,70.03999841336312,31.022592793765934,63.797916287669146,2048,456.36759716995454,6.003076200952672,1.4154467356788554,65,High
8,83.91334783355609,31.205164748714918,34.300223300907575,94.30852897874601,47.848239575287145,61.21435182464796,2048,271.4610337778009,4.100963355087314,12.912619732298959,30,High
8,32.01895491442417,47.86196922905532,41.74916192712602,77.89468656874519,1.9038967529248496,90.79883328048271,256,243.2,4.4567293272034965,13.747655978552684,119,High
4,47.91707934700282,51.16393315852179,88.44730934680496,63.888957036059814,29.739777315772354,99.06099693619285,2048,908.4792315557503,5.857066259162577,7.231968431236786,160,High
24,85.49554030887433,60.90365969968276,37.7978680910942,47.219599443852104,47.388287334423794,83.00801293723802,256,243.2,0.628769529379505,6.322821292348296,73,Moderate
16,88.94084208960592,94.3261088205459,59.167861424136916,57.62480809753366,10.806929528114374,81.24052445122753,512,486.4,6.685688263264018,3.9160632867707443,212,High
8,31.886198223780333,89.94372481777394,73.23755176060158,98.700413967795,12.627588777512544,65.97154346105313,2048,629.5753632222148,3.9529380980135045,1.7337830749354446,89,High
4,59.55135710872278,30.762039383134763,99.99323441498589,66.24178377110665,46.32367357373411,51.02067253425647,2048,344.16256617506014,6.688339589184485,12.180744344664904,160,High
32,27.324383557224436,33.82317215059706,49.176219834579875,68.31036783069166,73.09650315859312,59.58989329113548,1024,819.6103870825469,5.469368082775404,2.1059062667107993,114,High
12,19.169088772560087,48.611243967112905,48.52835889624494,69.91588194382092,83.37489309206832,79.2215218278286,256,243.2,1.4900649109955588,15.170044420133813,220,High
16,92.00084512527619,43.25950927125391,85.83295414903007,93.04624137689267,54.63138975047486,57.565823090802276,1024,18.532540322911363,1.574188795157578,5.451151941625929,111,High
8,83.84567538088983,69.18167625250098,82.4952800133877,76.2356970631186,47.47489875467311,94.19179034656636,512,78.04091955667579,2.7986988440826366,12.913664763913477,188,High
24,78.40314116228565,92.2220838211636,75.79682935610937,81.62062218711533,38.42805684597552,59.407234392644256,256,243.2,2.2159221425826825,1.8952397655521604,90,High
4,14.388968693182637,96.98332333380694,51.6906673668126,63.36481255294624,19.29489924376062,76.10522265059508,2048,452.0625116893424,3.355441935433921,9.04418026977808,78,High
8,85.93559134392318,72.28823620281813,39.15452081446442,41.74525711533846,14.65620028143647,75.60066228843975,2048,411.45271382610514,4.4253751606900344,6.236493056358235,73,High
24,49.423966831484535,87.05273611208693,64.78574343263638,95.85837485457066,79.18964516618081,80.19728150648253,2048,154.3689123538499,3.337766746663821,1.4500165776720522,209,High
8,40.81556109662736,62.01617601846377,88.86009638184768,96.94766085498438,46.500663221233616,66.37170348590195,2048,165.74540802165754,0.8667338005969221,10.836990316137573,60,High
16,59.18287249228388,36.66615574880318,89.5399712387728,96.94918320088307,79.03202454797547,93.67671005326577,512,486.4,6.841605498480864,15.147440813627423,101,High
16,18.221791845120023,61.97507296747819,19.76485105633946,96.62122519880299,70.40830359006297,72.21507679875347,2048,830.7269626218407,3.2632938723087723,1.161291508045986,118,Moderate
16,78.09818944171589,64.40660811501209,48.55152554318356,88.91451646417366,19.389591438337884,85.00767893682871,2048,564.4025152323419,6.031987528091183,5.056553892703606,206,High
32,62.41915691994663,79.39660513708452,51.824976057887454,81.07576300697961,51.03072642112257,81.79554304833516,2048,302.17653170763055,0.9807028996974889,11.554086140463474,75,High
32,26.793108718585078,37.59063917658793,97.98538307713778,90.67059509603715,44.40166304226807,55.857804155985164,1024,933.3738085011519,5.765421718158433,14.068805860624447,211,High
4,26.940897979214103,49.46483056693854,71.0198213718326,76.03277434006218,42.38735060906967,81.13196763513056,512,486.4,1.6271301451234823,3.8616876025011715,241,Moderate
16,26.58237864154068,49.122197537165306,46.65217755358635,48.06217683352142,54.25710492038138,77.5351338990548,256,243.2,4.916132129480253,2.0607517680815324,168,Moderate
24,15.130214879674059,96.75516765929319,12.345209738703371,63.47308990248526,98.20819010754379,94.9302031627953,512,13.250091085333263,4.801743525658087,1.1296210050560624,133,High
8,62.90186044345163,55.51559682613751,60.884664408927634,98.27769471837625,81.29005976707452,94.04383182424516,512,455.8164048666069,6.413743668734587,4.228096324842763,94,High
12,85.63133598296572,80.40751738385171,18.64683780745205,61.06826881573938,90.37124316303917,57.54773937058232,512,486.4,2.5843984222798007,2.069759380813713,242,High
24,11.574839258864975,80.06491050995513,85.10049616129868,92.06967482388217,2.9639583176037543,54.08425727933039,2048,344.8509504003941,1.2082384394516765,6.390731336538969,174,Moderate
32,14.41041804741462,41.24353478425931,77.72667945133259,45.59268824649217,14.033636679250595,64.72961096054344,1024,729.2856651035581,6.11967780568919,7.601886624307703,145,High
32,61.54932490182512,65.74957514973858,51.44582439173609,60.05103054252818,8.47636602245635,99.33064283421544,1024,661.0980768773591,2.6552539426623865,8.198857088233092,57,High
24,83.75461168474472,91.54423146549185,48.62897015875298,61.057199483642776,26.323100506527663,51.07868882031584,1024,160.69618269075642,2.0114696288930505,3.134939653669114,111,High
32,39.40650015117703,58.01581755655596,90.76050690118919,43.09615258653881,44.189249196665045,83.64461197864384,1024,777.1547889818611,3.660355977924356,7.959820732398843,103,High
16,41.465295892694996,95.60940058740368,35.961251537631554,47.1456598112053,64.20532476558895,80.42568669204886,256,121.4015224096709,1.449881985076634,1.1357746263379456,38,Moderate
4,63.671184774709836,37.156658345932925,32.411796589609374,51.58991266730626,50.0831266286602,82.32891402289084,1024,730.6349556062213,2.430261794967799,4.591316321830685,191,Moderate
8,34.67916002117323,25.93272846192246,94.52776895431859,90.26893544860678,90.31839149131397,60.914294488537074,2048,991.0586534113035,3.004324121420245,6.5362907396397985,177,High
4,12.394752946991572,91.31630985157994,82.83212530781343,43.80411939638839,93.98559588938637,61.33586728999249,2048,958.4016174936452,2.302159407691951,2.775273639153499,160,Moderate
8,76.17056662914365,87.81449583697733,83.85630337604752,57.92205408066323,16.35209511974589,71.53210410869123,1024,802.2393256264346,3.4266867548300333,13.210068959759761,158,High
8,66.30849216473078,99.40719007470759,27.567443284833296,40.61050015535605,85.2912920264785,54.792890353347815,256,243.2,3.000229369846811,4.018185884622312,89,High
4,62.26803991500932,74.3514790489941,22.896639228784096,81.73766472418149,48.1722204013301,53.73066045094701,1024,678.0763300625325,5.5348417022188965,12.323345674694018,126,High
24,76.75157160926408,94.93503413337196,12.34265948354214,77.21818540260278,45.332947131738436,54.41797267430486,2048,730.8273064406518,6.469656400010614,8.108395591837413,79,High
8,70.77077538058337,86.15592200672887,31.333735802681204,78.6989357231885,78.49393484845682,78.64895856531288,2048,18.317509035456318,1.1560009088610415,8.196146397177465,165,High
4,28.529378936048904,87.55410664960695,79.67714425428923,62.46296708287713,9.314050904487658,69.88709284489468,2048,111.34255874342688,5.851466532387242,10.6779150415844,175,High
8,41.72329422490161,65.53132563634146,31.60345768877348,52.49606927605414,88.24931274191465,64.68083903286367,512,486.4,6.556512850062581,1.6641656744949813,59,High
12,21.34991275107625,50.589167833336866,75.61929552353885,83.219212797162,67.08633545476147,65.79096898256527,2048,16.469194741480017,4.962985448796393,2.1813901000021425,126,High
24,21.68713120760929,94.76464580346254,32.67174388306793,88.66707236444171,87.52616076579979,60.364165292453684,1024,909.8165942657623,6.976727895109475,5.902652346587711,179,High
16,70.85761717208854,54.56937404927156,45.57632481556045,48.316089885892104,99.44775777076228,70.57526676609675,2048,494.76608609282704,2.677779497821798,7.252337507525833,110,High
8,87.27400962842484,63.105549379973525,98.48460609202675,69.20976567624528,51.800445235725334,60.15290345999837,256,243.2,5.897014620302275,7.4491119579222955,38,High
12,96.64593254750251,55.68914457001502,32.0330558155722,54.922940918731754,9.326219790892898,84.90230211496663,512,399.8829579016233,4.879066280399778,11.15330696238202,51,High
16,66.55124057945,65.18546511681578,43.873356456844085,50.08641167236802,16.65238629308865,56.19662563269681,256,243.2,2.6022871167834745,1.0105751775422835,167,Moderate
16,26.569119102486127,57.64040631938617,37.09784624186923,84.05951880969994,32.361824255430996,97.41210422904231,2048,927.9209450264746,5.080397142817244,15.38657638119533,96,High
8,19.508531090403764,23.83740468635807,19.866248769700206,72.28581612837021,10.355294213470955,54.49094700636411,512,125.07263067254686,3.8125419538741263,3.617311164654173,238,Moderate
4,83.15658743830821,90.56385488061589,54.090472791774246,52.971119942720065,81.53418261377698,97.1730357139938,512,486.4,1.7283302901812967,4.729475144578551,38,High
8,62.08808287239994,55.55150551326158,44.082159699970205,58.6000006726927,29.686785103276847,91.66474857602033,512,486.4,1.6302179356615076,14.584407767877451,76,High
12,65.64565189123479,67.1154918805879,72.53983772265521,97.99922027966454,97.58861880198653,84.03560603066902,2048,589.6477300878418,5.137092503978012,1.0823710130432835,69,High
16,80.33158798792383,31.13502422063896,83.58350922563916,90.9207738825134,70.25914319318557,95.61508277827417,256,243.2,5.127548005058768,15.86959122338431,65,High
8,73.29495049592065,20.271027838611133,58.982474304607464,92.7968045723877,17.343037025555763,56.96093967586884,2048,230.6162399180979,3.9500294462493177,1.5393600344065503,176,High
4,85.1012427570487,39.623207491491435,12.897677987860318,67.60072582484248,47.604264694394026,58.815738709345766,512,486.4,3.759201837305356,2.8081827924033944,127,High
8,15.059251491389062,76.36688257066803,65.70301206112495,77.4284358352525,46.68842216333211,62.60762960294079,2048,326.1590892963011,1.670249896977602,4.601600688233322,31,Moderate
24,77.27685730718544,27.93556240903029,14.985165701884528,62.6060644122647,49.25116583336339,62.240576338294545,512,103.56722152674969,3.290359799527982,7.58082460169361,202,High
4,86.5767481589886,92.71099523091743,65.47206912391223,44.66271854133343,53.56911706429356,65.542413546358,512,114.02865110103782,6.164083886702157,8.776773005733883,248,High
12,35.752153821248285,37.20180554849477,71.65269543422696,64.06415863940695,3.117308231773086,78.78154491365467,512,145.10675591889924,6.055727489618481,2.570777067529971,112,High
16,67.64025465939275,36.36748914334206,27.79908648557666,75.63884519242868,68.63011257436234,51.40863056525523,2048,618.7508504157896,4.795972861752642,2.1051084793154335,190,High
8,38.274585745327485,34.52063692971964,83.74115338495939,57.22865624608789,48.71917752884433,69.11362975199879,2048,114.7718963935369,6.982818406803266,1.4778855460865206,93,High
4,96.21739598342086,21.11853703770918,91.99766184166437,90.87703448364495,79.0965398868699,62.319256394629825,512,486.4,6.305659253482533,4.851260510113047,183,High
24,13.008121519195338,81.74443747825876,83.17782677024377,49.06600955047592,81.53495732604306,80.3314924026361,1024,592.4140873974872,1.443997753192663,14.822994603928636,148,High
4,62.18135594496595,90.00276249962069,37.45982711908739,62.02774536621519,23.053512199171745,99.25846655257678,256,243.2,3.094386620109069,6.847637783318547,140,High
32,24.98531923445636,69.1330162092959,62.7978711201071,47.494234319452175,4.84229464267778,75.88273060916863,512,486.4,1.3575936509352833,12.460110881418238,191,High
24,74.09981846594428,35.05599853438898,92.3333634272105,64.28992803911352,70.32338561123225,71.28426195592169,512,486.4,3.5295825067898203,3.8528229180842613,220,High
12,25.83012550767959,42.82223975527038,38.85982536005649,42.37967829845623,97.77627884638743,68.4121772572558,512,40.68265414142647,5.546488360841408,1.9701883858990634,185,High
16,31.18449357085218,58.074135789197065,83.80250400388826,56.35296370369873,44.665798658090104,89.24746094399288,512,486.4,1.5126266145369367,9.314196827254941,237,High
12,54.493372994118225,96.34767612986407,10.852761813552688,64.04411530682103,25.961280959359577,53.599046582536346,512,36.21527727251288,6.222743210729372,13.331386005557528,243,High
8,92.33514549971903,39.788109745419426,10.328203250620865,68.6899217966015,15.667189458348096,97.98852572300608,1024,732.0838020959566,4.198874085013291,14.476898749953175,121,High
4,29.054293493317374,78.53167231359105,78.37404943050707,72.62178150850852,28.744559739058506,70.89589429940227,2048,391.9917071119951,5.368138956182094,9.193069053026514,107,High
32,22.981601900629315,55.155857863433624,78.5302823914409,56.49946778739513,32.79195513714498,65.68503629125564,1024,615.1946877386637,0.7935127786994022,5.410484260465465,35,Moderate
24,78.30791486686276,43.82778786880174,81.00794690670644,71.38248007689234,42.38747434344645,98.70340581998506,512,316.44269136745436,1.1099479967806665,2.6426761785589123,168,Moderate
24,55.055757910053785,56.4732749617691,93.7024154099346,70.54027729372359,65.54071232145866,96.79394316215999,512,167.51398876112256,4.535597711584792,11.017342813579447,75,High
4,92.06066011435942,25.696537403298603,20.61156806382558,58.970683052572504,27.316305608022706,82.09670698828606,512,486.4,5.948247434037119,5.206552256771278,49,High
32,23.195310144385807,83.894989674429,30.878648648531954,89.8120198393887,5.097676346867597,50.925368742520064,2048,905.5741764673859,6.180123049413913,13.659436366722964,193,High
4,68.13351037207354,39.46415423863737,91.33524283364268,72.73846759561391,37.327861157271954,87.42674881032859,256,191.7466192630346,4.97440061423603,10.076816776799319,142,High
8,30.959123153663352,78.03296985543764,25.951257799511808,59.9361831247927,85.56296161590757,66.77787000210006,256,243.2,1.8061016809577326,13.883178450320889,45,High
12,24.108438578647537,25.467869715855578,71.40063408189255,96.84031072484659,49.83515108518838,69.41401154271306,1024,148.78028811249834,1.7676411452945286,9.49979515007727,227,High
24,71.50864736415434,96.40788449325488,57.741670003673384,90.70674478426966,96.47837577454098,57.93710644886943,1024,738.305263724036,6.2288578578215,12.576135440566649,229,High
8,63.43161579178599,35.44119883245589,17.487430916635653,98.95526869310805,50.36215310887317,76.17290419324496,256,243.2,1.2360300058622902,5.41457726366648,202,Moderate
12,77.93447125260981,90.61936609656644,35.67372957473796,81.53403247872524,27.589881692184782,87.22762981018832,512,155.8971729386753,4.959460616705097,8.545881855738722,77,High
8,37.85163188015641,84.75785676923476,56.833499479687106,62.693374330362815,19.331399724521457,63.65055590465342,2048,440.7391462877998,3.967794453738845,1.2910955935436488,142,High
32,50.317449074397096,97.42879392651328,86.71151050154506,56.851640000740744,69.45244967855764,96.93664540216875,1024,344.08290753481543,3.239230624891056,10.117476149853335,33,High
24,46.49245086973766,58.23125287565997,73.67846406532064,79.79907062046885,53.638128577743636,59.73684280014771,2048,394.59297268225714,3.362174680065061,9.006090213406797,205,High
4,98.56805175698628,78.19178350767612,65.96948453094397,98.84899494971822,60.39989289954415,53.31311702972167,512,486.4,6.643847857778739,12.329234836453049,127,High
4,36.30240610654491,49.656852563022724,54.642960094727336,77.60290480623092,75.51267893341311,82.21819366749506,512,486.4,6.099380799330475,11.934339482290985,241,High
12,36.53355145120902,34.749459041575506,36.88155854327209,92.89689645939029,72.59034642648929,92.46593659400234,1024,969.000094818191,6.122395115231349,10.414255027523618,245,High
16,41.909338794574666,55.44607463467591,20.73204201873351,59.74620586286612,4.336330016822698,97.65664296537561,256,193.62470832285805,3.1430190029335443,1.85028120431301,138,Moderate
32,60.813467316128936,33.25992123107639,46.8168431109486,64.41722694845534,80.25719052950282,88.35855052582593,256,243.2,1.1953778567924975,14.545145608916158,224,High
12,32.70904698373707,98.56356982291072,12.566664452016331,94.3765143753612,53.27033070517114,59.98250057530362,256,243.2,6.985956315264664,1.270287863609453,185,High
16,92.37609463413465,27.69971929125731,28.995030034016555,85.41200211746913,39.17085308147726,98.88305924018653,512,486.4,1.4447300671606298,13.049014906338417,187,High
8,33.911700837963714,67.13693787620963,48.92350382853939,98.88461922207435,53.751942626807036,95.97179380144213,512,20.51304015219035,3.851285147136276,8.190195269012047,58,High
32,90.62341584041752,70.11710842032447,47.67446671047236,86.48585258393452,61.245144845732504,58.15837113812238,2048,989.2786967594233,2.2200247258895485,13.269903443344447,178,High
8,19.31275572819262,63.04636342992434,13.986588789729316,66.91094243309391,14.950630987379698,77.93929134576622,2048,484.9369712288035,3.819828600724404,7.976048105690379,71,Moderate
24,69.09064321596871,72.9748708569467,63.01541381727622,71.86408118934179,41.7415395326445,77.77587129654894,2048,629.2842507612614,2.4820657616672124,10.704067076077209,248,High
32,91.62869665944193,29.294462000951278,59.47158302679126,94.03092954778819,33.55862101881838,72.12673890647355,512,366.45203024765834,6.329763164036237,6.448982586729944,157,High
16,25.187449455840657,64.4014819364233,17.029387361882158,73.09880416588288,35.04089448180384,99.21406651298443,256,243.2,6.794220372107588,12.155181042044934,79,High
24,97.14942640893295,42.977005690188925,94.88467472143954,55.32384244986671,9.133493840730821,52.98111185901106,512,486.4,3.16541783714624,4.812642626717466,118,High
4,50.75950243739605,95.21408506408453,18.94445010557741,66.13718876619697,15.98434880002304,81.36044542217923,2048,666.1828268872672,0.9562326637541432,11.790338678127286,155,High
16,95.1143597596922,80.96573227517806,86.93507361136025,70.97895933094708,16.183206758622138,60.2651811339405,2048,652.4156609800697,4.811684645745633,3.9007397661582246,32,High
12,70.91380392670423,97.80115857277941,10.027875872350535,45.80319001306778,37.32247432216478,76.36656023654798,2048,370.3423184987552,2.948066166315044,11.83251525509088,222,High
4,37.14281828861964,23.004485579215164,89.40529855408448,84.6257604551734,89.44915448747915,88.98703858937594,2048,85.23108584854968,6.908796263716776,5.405069578632512,52,High
4,26.947227242539576,42.810654014456695,11.77477589838813,46.56123600129838,20.602737192094267,62.33634015842732,1024,809.6291638331096,1.0809360562519827,5.179476580731042,136,Normal
12,37.33615416025894,35.63380693106792,78.20308287029044,64.29506280212834,41.61925076748045,69.66797732415742,2048,296.8187599924743,1.274321864518558,13.1724090621791,34,Moderate
32,18.37156683364075,20.89236698494644,42.55217301702277,88.27734649242427,31.16094152991379,97.53840371401995,512,486.4,5.0462502422125555,13.205389550350997,54,High
4,22.94811697089968,39.38605841970571,76.43951201226879,68.05422169679781,78.73833125513382,88.07403688601548,1024,612.556578702918,5.4312224152994375,11.371035542880348,64,High
16,19.4194396311833,74.30207868163431,46.157068488248065,90.52093118311048,5.012643232081615,78.63615922559178,256,243.2,3.562126627888662,14.85862946136155,94,High
24,48.0649189367402,38.48711377076548,16.381713009865756,60.5128793233669,19.65433955358904,61.09986939033584,512,486.4,2.3022199158608845,3.3429054001760092,236,Moderate
4,81.60205386318277,60.72027563860946,79.07560258558277,97.45817763990613,21.06415423547944,71.26527187387916,512,486.4,2.51376531934794,5.039819803196561,68,High
16,22.724519879470616,91.02544919719989,16.41274167892285,52.56810590831414,99.29628003132312,88.70306595249613,256,243.2,2.6968242817382606,5.410211299301526,245,High
8,21.72883898551023,75.50063362792602,92.99083923650961,42.295848699358075,57.07750179663036,91.0271539054988,512,486.4,1.9643329391689246,5.5792950610151815,152,Moderate
16,67.90860545655977,51.57032559248256,14.587663221249525,92.34559257942512,13.895826438351822,62.230309907119945,1024,168.15739279580484,6.029176562957771,5.9204797582645545,140,High
24,27.746468377125964,49.79751511296867,53.13927499943639,85.13216295702449,27.21991392765655,83.10301052085096,256,243.2,0.9230018491061838,11.455137656790049,47,Moderate
16,18.784903429809244,56.45886512067878,75.07309877657161,53.919030224042366,16.782209412292424,54.75014960617,1024,416.73220828323576,3.147305856509045,5.061372149880085,54,Moderate
12,25.016372038501988,34.16331528479251,45.392181831283395,99.08449642820044,12.4604569619448,51.160615372523225,2048,861.8457953926136,5.359420441466451,5.288832322757222,129,High
24,93.13582562890986,70.72006139327905,29.55101271331912,70.13680775611166,79.71820284078926,77.43369617165106,256,228.27479941410732,0.5248655839037233,9.556218752739271,158,High
32,83.93241274985718,49.13222552836844,78.31818652564243,97.06392640864982,49.57526286603549,61.21899271402144,1024,38.73868248266764,6.207211359076035,3.9003828259642326,219,High
8,41.865810611958466,88.18922794096349,80.58652343098538,70.30172628321996,63.121013684878136,53.945601562106646,2048,577.6106031866223,5.0909058804658684,6.473312598206838,166,High
12,69.02386905946535,80.52421280462531,93.04254855589305,68.31247520627747,33.1251246991996,86.4914156447615,1024,331.4196162817146,0.976930719421442,1.8691058292415876,198,High
32,58.354810630123424,68.8410531273728,43.85485993879699,66.9483122286679,55.36950860673294,74.89872941823225,1024,972.8,6.317477828463848,15.288206620945106,124,High
16,70.94118371343075,49.13617781196129,55.56265610475942,60.092516567977015,25.75690325236971,89.81385054792253,512,113.40892016822909,3.667482452100317,5.759615156473544,51,High
24,71.44040372164834,36.79454653387875,42.681559856146485,72.0220898305931,30.80362749282348,83.19721198402785,2048,56.82983734348652,4.739555670287025,13.750632003716289,223,High
8,66.58606135539937,82.09214912844983,33.13736396662314,67.15327971691407,65.2237944366733,86.4902469957745,512,54.56764036760192,6.233216934372472,8.949183911049975,202,High
12,33.94912316835777,58.91272791928692,77.59296653838477,42.20481259741325,15.035012591923024,65.368029064795,2048,224.70495827155656,6.227555240481524,4.423182359315533,209,High
32,13.51057786865363,37.9800030541886,40.568666051525994,55.62611400541015,61.722185916746184,63.16379128416182,2048,583.399205201685,3.15683677029876,3.9014136100434818,49,Moderate
32,51.00101037910979,35.6139692032005,48.53344977931169,52.7873680063335,85.22348164231272,80.04374460476306,512,486.4,2.044981652662072,11.424411173245213,150,High
8,90.18764962216335,33.232072360108724,46.330629186162504,92.046136139264,12.042322618076906,60.00410701990422,512,356.5750467852259,2.1732400382501487,15.473032114504628,244,High
16,61.254753266671834,82.1728956964476,74.13951030820712,75.93219863361048,89.7461280569979,90.77060578160106,512,97.90517634274018,5.478620311494232,3.7460458079375902,169,High
8,84.9151937531717,38.318974824024934,92.60160634996117,85.82098602698365,7.944568029889498,76.14600844871192,2048,241.39972384637562,6.541297346526913,2.7313182504511797,231,High
32,99.24619086651053,62.1313810820158,70.00804551766396,97.40956226495683,34.8909226955873,61.34949661738805,2048,192.3055941368697,0.9694993765387248,6.806490181148956,153,High
4,24.725458372444862,56.123708877844514,52.442433648480936,78.6423563515846,61.050931523799456,81.25841161649542,2048,748.2101687844879,0.5976282324810893,6.9071582041791375,93,Moderate
12,72.2599875227784,66.36887193826271,80.1284603264995,98.95659948428465,55.94147601185369,97.25178675418088,2048,782.146919171301,5.849077899572814,13.093794605379289,189,High
8,70.68642163300223,90.17239202969554,67.68741917099237,58.705843099127776,9.639107249443345,54.1047363295387,2048,779.2438729312015,3.0129169211513793,8.033339417244335,91,High
32,98.19599026224506,89.41979120653845,15.454932140603214,51.176030938773636,79.8913167785853,55.467260365675145,2048,969.3501389700072,2.2969200922280466,1.9369178252846293,162,High
16,98.70406605575204,56.08608574598877,18.60972277769575,64.19859327957468,97.31532931452527,92.19195734316699,1024,885.3955668706916,1.724430009502972,14.810015375615496,149,High
32,71.80107505517165,21.229300058777866,13.412524966627,68.24796489614849,18.12282891837701,55.47968872834368,512,486.4,2.75212396388359,6.597818403258682,73,Moderate
16,31.925331278397483,54.115504457144255,51.113469358568786,93.7216925711551,89.51309698154628,51.96876846764939,2048,420.78666070007347,6.814542580307052,11.027975957413043,186,High
8,81.87002543175392,68.49548299393123,84.32680909050684,73.59642634220057,55.68094421117505,67.39652905232364,1024,916.6108325323671,6.851018534534029,11.012324073327477,62,High
16,19.63262207899343,64.62118072784494,38.17748524162168,57.53085996508102,93.59337712453274,73.33529424607988,256,243.2,2.6548379226185785,1.8451311785893263,116,Moderate
24,80.26293737544658,72.10688846401644,44.57441647832335,84.55805697205125,17.608595841676113,78.4722218345345,1024,301.4546803553393,6.763985768879249,1.0540698873593537,129,High
24,91.91765117302268,32.32605859784668,91.85293975311016,70.34991622834426,79.20213931794245,75.3650116282125,512,486.4,2.4491124233075103,2.3205554251626554,42,High
24,44.45500552915917,71.72280790245861,85.32131007849894,49.72791671651021,5.978157544533113,95.65922813290567,256,243.2,6.054127119235972,15.34796699447691,79,High
4,66.75717654847725,34.612129499501776,69.85433011443041,74.60918725547513,88.31964468027265,88.43340501958187,2048,850.9753595508387,1.8780273595059374,12.909894235654187,159,High
8,48.71284588871437,80.04191845573992,34.01234038830262,94.68367220843703,67.41594221996337,99.19051279308553,512,288.4669188989462,5.872169324417941,2.9801841508811506,232,High
32,49.39885494893156,47.1270090610144,20.533733441959917,90.5573570485492,37.025478392243,73.82277116126612,256,243.2,2.799247584121692,10.223047973482293,185,High
32,37.933380019730805,76.79163467051629,11.445294041210234,75.20859835811987,19.046682349785016,54.21648049195895,1024,972.8,1.7722028796291829,10.179606257639378,246,High
4,78.59166584052922,23.82924791248857,19.63096053439788,62.624990433099285,81.65330985672048,97.77653214714374,256,238.85528982126107,6.5760693982536,1.0083864085438696,47,High
16,94.25589077498546,52.62880204727307,36.33367992615485,45.21872506385267,60.32413213948116,50.20565807945487,512,486.4,1.892198160786354,7.435964027367961,230,High
4,94.6675773311015,76.40276178106662,59.66110572215461,68.17893539989743,36.041585294800136,88.80480069195241,256,243.2,6.946928967435071,11.676632059026671,95,High
16,25.730315638744045,38.14964130651953,15.76000744771482,85.12476625177476,44.383582480251626,51.56410153858397,1024,49.3560375017002,1.2057303005251838,3.8018927067605763,203,Moderate
16,88.72692846909095,83.6229635837778,22.26050004866041,61.616423183980636,82.65426560723765,88.06070953258192,256,243.2,0.5651350920363474,13.763557479920545,174,High
12,76.36882972844099,70.46237864839455,26.297263207714693,54.126809533099866,33.89271933568677,96.89694699240272,1024,312.22790590085765,6.16015804950104,10.90457341148997,190,High
32,32.75536606212603,67.00494177198387,66.87838836849755,95.8827831562572,8.96326781099287,69.46301486655234,256,243.2,4.312928654005128,1.1038644559682866,128,High
24,16.05561516293631,48.28390833634697,65.42108190821119,89.29334202747955,91.12821722034727,62.048242560985884,1024,914.423107248341,3.2405709634877056,13.82371270167038,62,High
16,34.11975401959402,58.5961176304894,59.568915373493766,78.29653716520868,38.73437396580346,61.31395762559154,1024,503.7914555096233,1.0327655159586122,1.291000442824037,125,Moderate
12,92.0987413103373,67.78794407822825,32.54512822263457,48.20700063523116,34.83875111152135,74.58588220751017,1024,420.26870248076625,4.236801451381011,14.318932062397835,113,High
32,66.98608074061951,57.79696911319124,43.40077220968588,48.694530424370384,20.439961887593938,58.544351787839574,2048,922.3159584755431,3.0592163040333467,6.005782863548008,187,High
24,74.89491948080847,75.86506591524481,18.702074470396873,46.193175487346736,89.74225712283456,83.6461815329856,1024,972.8,3.643542434426438,11.479753828329677,51,High
16,33.14371159981863,54.695754648556765,30.381454338224938,76.97780001356459,21.750533368783387,68.41761787441874,512,71.6139645158647,4.5975470991143546,12.811464530676103,154,High
16,74.74493400173382,36.181854539362426,90.79347038253223,46.93376778840016,63.66728680013837,66.15547462016295,1024,923.6195884567252,4.6595684365986605,5.219032299359108,210,High
4,12.530935565013138,37.114702624083776,98.17225717922456,90.55763193175798,88.0765011608103,73.06427881282285,2048,91.94084818666995,6.743895068794756,6.346552501104645,246,High
4,43.778921119571244,20.464301507435287,68.28936270762652,99.57790010915933,3.49136146032174,77.1293751219876,2048,343.91335124975376,4.757847187355741,8.64312614983499,203,High
32,66.4078013688098,44.07661724469379,92.51409628210781,61.98089108251992,82.87917053001958,57.09651311293979,512,486.4,2.7061269111845005,9.740372976968626,73,High
24,23.14869089871882,79.91341123828157,67.84677103612826,67.22019081802586,41.05994216897745,85.38816818984216,1024,779.2666121202983,2.6426133804730094,5.380628591157584,104,Moderate
16,84.07032170022413,83.53301670700876,12.98768374949229,82.70003061914073,65.79745752652119,94.14735499526631,2048,728.5636717723746,3.6015461938997406,15.885930532678987,143,High
32,31.15281689307268,36.19740336766,99.70863264877681,96.22918037954595,37.240456322555396,63.89934581005909,2048,48.721363180457686,2.1856300491431897,12.05507009833408,191,High
32,68.70530015366016,96.72351974971262,18.905707151788143,93.6456264133831,69.5516256347494,59.01954509147424,256,141.63638754385235,2.9468533578208778,5.1122801473004325,57,High
8,46.467742831779674,60.19222347841014,71.43776213005546,43.45550972499092,25.429491455769913,88.02527118595319,256,243.2,5.973733017543919,10.606482869015208,192,High
4,63.643923592988244,93.35829992148021,32.755258276731105,50.1443081534059,2.193054243539627,59.17708618828247,512,90.64677451193188,6.088450418636781,7.530568017139223,225,High
24,19.670549736601732,76.54122254893049,45.27830016162641,85.27583191346753,94.77875147879536,52.06275801814783,256,87.76045780338546,4.580651108302212,13.90493337317597,38,High
16,11.522151992944659,77.79467384179304,68.13407663208444,81.33358648194684,1.6367764040082777,80.96216101913895,1024,837.2894783802915,4.288466122961541,5.934251061652301,136,High
32,91.8607984642271,26.803489704485692,49.28386143769364,47.993115642407396,82.40992896335071,61.98757081526751,256,243.2,3.2761489062679394,3.817809822298656,51,High
16,34.26670078904645,37.59929015175445,32.54914530380154,70.12387492009407,16.91375933224738,58.59052044642799,2048,358.13949528672777,4.633342951197503,1.6920438817755536,218,High
8,83.77093025024132,20.70518666355781,40.100156819049225,86.84887786511774,39.222022860202784,99.08013708572531,512,174.05338220091014,5.739346747254684,15.76463847801671,246,High
24,99.94152704249802,77.290211238139,40.73933052308587,53.12684093576162,82.24923765060558,64.59324916998638,256,243.2,5.296005876408372,6.388325104206996,114,High
32,29.028813219902005,47.555063074280795,96.33915140573923,92.27725814407998,20.593215031234536,95.17216451077678,512,486.4,0.7304868519049583,4.307777026033796,54,Moderate
16,33.865366706502,82.93220128610774,81.8751714331106,43.17830648922208,86.57076055250357,58.91093829443022,1024,59.47201115840086,5.252344990936618,8.376527101412403,110,High
4,69.65738088711991,47.1148975949621,51.26938943314601,86.93170510408444,49.77589391019014,90.94885660312175,1024,558.5722482692997,5.179659836637511,5.374589830673233,108,High
8,96.89037711405591,85.54670018390888,27.98388283072277,76.94913398739222,36.61534627172765,75.10094365242409,256,243.2,1.143438488476567,4.493500514851506,198,High
24,92.42329133716696,30.45586029986504,82.99144992363904,58.911960799260946,66.24377467363361,53.929738455799765,256,243.2,1.47660786982932,10.245767502988398,36,High
8,55.25879680590264,33.869852540600654,24.146422444753618,83.25595290051467,34.13897219809575,86.68026468217862,256,243.2,5.621405322672126,2.1227261112042815,88,High
4,81.55992542740522,47.27012316671492,28.941599542780306,86.94194770906958,34.728835899635705,94.60366858673899,2048,717.4829962944764,4.133432258602912,8.63489424449715,229,High
24,22.217126778991094,52.67899111058186,42.941205265613604,96.03393827823815,73.35263909383032,58.15084951677608,1024,544.1281873110144,5.840588438806805,6.8114695201702995,224,High
8,97.96943657836111,47.89622486743827,89.2313376266791,62.06648032925582,30.983222453910784,86.27951211680877,2048,546.1081477790206,1.7008368768888935,8.987939481214731,62,High
12,96.79179106323879,81.0917626018576,21.860800177069923,81.1610041587973,20.07726483544251,72.25262595365619,256,243.2,0.6989959705911895,5.806609347083431,238,High
4,24.735606209125386,27.756111410137176,21.001077356907345,76.15697661608145,80.76461279965721,87.69352266283592,1024,475.70038166531856,1.5526214053626612,9.554813813872167,222,Moderate
4,36.94808123227959,48.09736157107905,54.45774894747394,71.5123641674253,80.53710337272318,85.69639740926529,2048,847.1435388030359,3.4417052943396245,2.2272781656187655,129,Moderate
4,19.013949775609024,86.97919996123674,34.87694869843072,93.42498844930228,49.758570370686925,51.33001152315027,2048,369.7925597571997,3.9014029114643605,6.642384341640427,133,High
12,34.45458390083617,25.34376618097376,61.18551474833439,40.19003884830402,52.665561616295506,58.93605179835776,512,183.03511303966198,6.075057293342334,4.562479123692033,89,High
12,83.4360210473686,95.38748061370859,50.647301621490115,56.92669636621586,69.60766257676386,73.55136214661371,2048,460.92260388004894,5.155303444038413,7.571345698827207,110,High
16,44.04840464487335,98.90534738176103,49.14631957160951,72.29663437268981,50.92742917624334,96.67970859560401,256,243.2,6.937539163439018,6.975041604096874,151,High
32,17.955727043208256,27.085453906006407,20.077567343829394,50.69759569819314,41.70399589692325,67.10367283774008,256,243.2,1.0116773439398652,10.46775492575037,87,Moderate
8,40.80029723010141,43.30180178045896,22.694472122485614,94.4719920239655,99.48941932967458,81.44367351400909,2048,810.2471077604894,1.3464369715094886,10.431365922393102,73,Moderate
16,98.32450008171521,49.79205328282849,83.8970719702165,78.85570705678091,14.764042785255892,50.60418727572144,512,486.4,1.0483113598337028,7.200471211430011,150,High
8,66.67152357332827,82.11130949221808,89.729446381457,68.67297967791939,59.27279792398606,85.5563460773472,512,486.4,3.9999773027578955,3.7243473549481845,77,High
32,47.4544851765542,67.6741449693387,31.12151795967252,88.88210554399927,88.58630260756603,80.15341313764023,512,486.4,2.2345950102411187,9.728704729105367,154,High
12,24.9884662147543,71.54925603940539,20.211445137229212,67.05317148790623,68.72150411811148,85.7697373307883,2048,232.46793205318423,4.943614110631181,15.497730549832081,194,High
32,98.75591175553254,80.60078582548047,14.807500474105954,73.51918071580057,88.09232990882384,95.23303065124725,2048,138.2008818601251,1.3624907749682595,3.7816408658235425,182,High
12,83.87641083368159,29.438319954962058,64.7467852367707,40.16505973323526,33.63347203546726,57.3249466558905,512,486.4,1.170744097153821,2.035887684469228,182,Moderate
32,35.33295722058274,86.656756552821,74.3817891250185,61.94203181170441,27.19929762602392,63.079479800403355,2048,65.6110709131896,3.4910755549541608,4.968417782380398,86,High
16,16.30618261490705,76.44958433441153,43.55289902828849,48.32742834105819,85.12723869021048,99.7890446084071,1024,126.43351580056465,2.9433392962116054,7.193805021013902,42,Moderate
24,15.096300163980223,66.18733801570963,71.17082807415755,81.38132083973747,39.41145761854605,57.814197925481345,256,73.02193372846466,5.889571953968144,5.592826327301765,106,High
16,20.834033455498044,91.17882678264453,74.16629340035735,68.74161753854403,70.96823230573112,86.03135032630132,2048,429.4968552100021,5.944101487779491,13.520645642240114,41,High
8,62.26917252529795,76.02450831070456,94.18080532572148,58.10545343501384,14.774857841411427,86.25379552554509,1024,537.2894602296575,1.2632863411775885,8.395415087306173,249,High
16,93.58870790849431,36.13599701048203,15.838627405159652,68.06994036230455,75.58381253766747,84.14968731177848,2048,29.675983712374727,5.780098068973295,4.6919182248894735,137,High
4,54.706908520538605,54.37963048605334,27.30625509079718,52.57779327708077,54.898264902486936,61.372029465728886,1024,520.4303052226883,4.167072385461037,15.252985853439997,220,High
8,85.86509342105775,59.52342935485866,16.16733888372893,95.50519794916843,26.861163991046087,60.75670316069353,512,399.82187657771976,3.7731287801985505,2.8759422958187484,219,High
32,50.129795787382704,24.41741014003245,88.11945400024995,43.23835795305478,49.45039639589051,83.3170534017394,256,243.2,1.1159619455899956,2.8436716281706538,145,Moderate
8,73.77251911910427,96.37100106880446,81.33284440302117,91.92502211776721,69.69436258397035,59.3125092229608,2048,831.657055528761,5.307599998464794,4.679272888143613,241,High
24,75.86854635578507,30.28618086375028,61.717786355965515,70.68152732400105,1.1886408847383678,83.07816658702687,1024,688.1177620223433,0.8876195855830742,2.1515818247987566,57,Moderate
12,25.65673353130048,75.79690137813814,17.529706904606485,77.13678976832904,63.74670588141294,74.62641410126591,1024,478.7605799634577,2.3049965027223998,12.274790269447196,212,High
32,42.50944530782306,60.49848288727041,34.59811227883476,58.15633725452223,54.15907782732744,69.3314433824692,512,223.98710909156824,1.12030497596615,5.692162512649574,245,Moderate
8,67.35719408842215,22.050579990753807,36.79478632526652,98.00185700765928,22.02861677467326,65.01161746889728,256,243.2,3.949989463966004,11.947569878595061,145,High
32,16.362694736592957,93.97979806914893,60.46688764138754,56.91105751116939,75.29810739761967,97.37884666615582,256,243.2,4.69399538161235,12.441062015455714,232,High
32,42.53861689866609,88.14694470551466,33.22395046330439,75.33267982841826,30.346098463320114,75.40468288713939,256,243.2,6.29055845212276,4.562778261229431,71,High
32,58.13195196530732,61.94063423230684,16.566387752165937,99.60500230642774,27.686093154656476,78.0625981255481,1024,916.8514317151744,5.270167486475713,8.775454581062263,218,High
12,99.66020437401748,38.31538689115562,75.76860716679694,92.86566378300674,47.12183489993227,97.46280423433927,2048,975.8412830419338,6.747178592939484,8.793882643317176,109,High
16,52.70802063601967,29.72983125440754,36.91721904898702,72.17978951716637,67.61496784223647,82.6938659048567,2048,899.1496468206591,5.446173913748893,14.070466185056025,67,High
32,83.44510814028912,49.07139835457013,50.713675932097054,99.42247137803272,92.88459758762544,97.89264638784138,512,486.4,2.437475171400936,1.3844627500470406,110,High
4,48.8860556559956,40.43426248368724,21.489997148407483,82.08219170395688,14.135724313210396,55.31833702613493,256,243.2,4.059301268660576,5.752005154732176,138,High
24,81.6751650357738,60.5352960805039,82.22934730551216,52.52202496850856,39.646812075173365,92.3319815886202,2048,707.3139424438809,3.4766076555801027,14.23734070520532,143,High
12,63.587332145809754,97.31274368987431,60.897868923165184,64.33577262614838,6.698959251262993,66.77073140115453,1024,300.88120557575814,4.178796703642739,4.552048340749712,137,High
8,89.79358973521585,65.9962794583713,91.14270635888765,60.06960004069306,75.85507474717424,90.52437625351706,1024,953.4274784108775,4.21858070618055,3.053199846196815,162,High
12,46.98482971150989,91.19448447120783,54.59244067588,60.64082249627135,44.77328896813607,92.78183120974893,256,243.2,5.06365705554867,9.642086424258553,113,High
8,64.3873977839331,72.07030699966218,94.72831046360918,85.62738636159197,70.69291351881851,63.57439430712779,512,248.33932449149668,1.039784795196168,5.58815142896512,205,High
12,66.70168125569447,58.019722126976035,90.26813839431934,75.05577563636761,32.219442397628725,70.44153082577395,512,486.4,5.353843337731384,8.009417399046974,192,High
8,47.5644647620426,88.3686050186697,61.881387081331056,42.28556269537171,84.43172414063234,86.30071771574521,256,79.35510401929463,1.434333486016172,13.300191484671048,77,High
32,22.988083931873337,57.7094488138398,94.0504094334877,92.64690901905857,53.482807824011466,54.952781544848534,1024,953.775774634545,0.6703474819801011,8.810454626245942,43,Moderate
16,18.420346622110202,89.49025364082888,39.0779872565097,57.80776842880987,94.36078218236551,87.776676716967,512,486.4,3.8728860227495043,8.73834673990558,83,High
8,11.500439553966979,43.326141566061224,42.90779464337902,99.82449261478862,7.881463914403419,55.5236463027372,1024,252.74854046888376,4.279600244304279,5.172740135430867,183,High
8,88.61808378206932,30.30504590103905,14.093015617543324,97.25144382008715,51.427682454207435,95.7227866134029,1024,299.47532048763696,0.726531955760688,12.892983467161695,147,High
4,31.28274210148251,88.42515714903507,63.028081608746774,96.43184300091791,76.64552459976987,63.816964664817675,2048,980.849808903561,3.8499122460701494,12.097219360719016,138,High
8,29.035607435359125,66.99321310341334,74.973157293604,88.66765624383842,60.01526480736147,78.77996734336779,512,486.4,3.9747063543755656,4.511807719878696,200,High
4,76.2431860383459,91.12739185991681,79.61672712178928,53.23679990101255,2.3194140426842758,55.85767500381364,1024,426.4762928653397,0.8412168582223774,5.800067795682074,71,Moderate
24,38.801450177865256,95.02617655939065,23.4834657441493,71.95796464172692,97.23386783438808,63.474657733123934,2048,504.84700716768276,5.125304353245394,12.829422894873115,245,High
32,55.54402231706529,24.290271229715934,49.97431650812503,53.45815760949847,29.82636930758984,70.19775217435527,1024,107.56457165356993,1.8668830615985177,6.365767027376349,124,Moderate
4,24.625995876771064,60.077544148709464,25.917689088452406,55.58052733533695,24.927786636638206,74.35244383415072,256,84.27253247214725,5.663984889864423,7.053394238396483,175,High
16,96.37711493157722,49.99716392596234,69.5914613968824,76.65710616617665,48.56598756065795,50.00337488232872,512,486.4,2.520343843699298,6.466184068834787,132,High
32,86.64232600155137,70.06867176560937,24.21517351795913,42.4500127211838,54.21581075233489,94.43278811902343,1024,516.8839960759133,3.6063014545174097,3.424487897767655,212,High
4,87.7410660668503,83.48729577618587,91.37473155604674,98.16751400924247,76.62881375898255,50.38374047794385,512,365.56165939040676,6.297030716222635,6.11344802624362,79,High
32,46.60963737148047,42.44721727794952,30.7571181095272,95.12039035467787,39.32736576589891,88.68422814972125,2048,570.4528129862509,5.74016653454156,13.044029546557123,154,High
32,78.61250923364555,64.54387074985374,36.226203965942034,62.846054329463186,43.99603764622122,73.52894561781855,512,81.94918994280054,5.582113260805459,8.366130315656338,115,High
32,22.948853985080213,76.69828639239196,86.58156899358997,70.92534688041478,53.495991593383096,76.19400124506882,1024,944.5512597172309,1.54282228450024,7.873262249139543,178,High
24,10.775710233260225,30.75448662685872,51.26208491311514,67.96716515606553,39.43870997416406,60.41327396672705,512,300.7745709063796,0.8129255135474571,3.345267644137446,191,Normal
16,11.79756393202253,85.12535247610134,12.159635122006573,92.93198671704819,91.4548079101156,80.36841751728521,256,81.0610027652789,4.437433179423927,3.6635475779579263,246,High
12,62.79415636641044,68.48876798823784,54.51276260823812,81.31611257896665,85.12519666342521,76.8615954584726,256,177.809229848363,3.169495676177511,1.6442524652517867,69,High
12,50.98554147231467,95.96299496909214,17.608900184211073,56.68667484546138,45.49736950778783,58.21182033101477,2048,104.51917533769168,6.40900229679808,1.2093329728483555,148,High
4,56.621381401766776,47.162313530455464,98.68102468185796,66.81047526791781,0.019486233731713654,61.90595006746096,1024,186.81845931608441,2.7723562131601627,8.32021057109323,140,High
32,10.671682637549747,28.651675386975892,62.93004134100421,65.73795854120583,90.09344955292806,53.34518145062286,512,422.58651427834576,3.168564281486495,7.1384853281944745,59,Moderate
4,48.04179576916832,60.520096082954026,33.08793558498806,97.56011009703512,12.433657343946525,53.31417860447263,2048,740.6703849961656,3.919003529817977,5.130663577173593,227,High
24,74.62613450807747,26.86486173675511,60.7345911592856,50.51865463087838,24.451241519404622,50.68878929762133,2048,279.62486398048935,5.676604326608728,15.850698105271226,146,High
24,49.842433177069225,97.56212186592055,16.918039304357936,45.37458023766574,15.23612843653982,61.02371627415419,1024,441.56735572222743,2.243943851655216,6.969942934817586,54,Moderate
8,75.8997285681,23.094796660575323,81.99021738419353,92.8371299297014,17.981556998102377,83.98306136985278,512,486.4,6.621834271555432,12.83270348697424,226,High
24,30.97170679571513,80.28031208858465,93.27952484777474,93.80115937035225,80.28775378898348,65.81076940711782,2048,302.8635219327157,4.009487232689999,4.158183899973351,58,High
8,83.1827804033553,62.00819185137952,88.69999493855435,92.30434527472988,57.95014416659242,67.13671349336883,2048,796.7725557320626,5.966352197633659,4.7056181291312456,243,High
16,62.95881164081071,49.489652199863094,40.75818420687065,70.65861493753339,95.60951631253485,56.59526966277224,1024,166.23870375754277,3.916520142464122,9.52587050777115,96,High
4,28.96867894869156,25.267373160692372,39.31913076790316,79.58466569616763,23.145351232371645,78.773533382821,1024,186.53852879467513,5.517955772310087,1.0604240455329026,214,High
16,31.304842826844965,69.77335393388861,13.157885009467,73.80178285365903,48.5634908131234,67.10718207733686,2048,461.591344741503,0.8342348911479154,1.2613819286335006,76,Normal
24,66.52274181125833,66.81762635127642,68.62603228308251,44.16686956326406,97.742836908247,83.81584017151073,512,241.76122796172245,5.694881130939589,3.1332808172429223,245,High
16,84.6945633891199,42.47066184540798,58.14143057708154,75.75009381404334,82.64435142747698,87.07297344212768,2048,903.9977930563176,3.905736293764625,4.346815615464447,134,High
16,47.40650038262397,92.81773611282497,51.34117341946072,40.81684883536605,72.86156791204911,79.2346437624191,256,60.24476821224301,3.4212013232127867,8.917742736996576,174,High
16,33.2470386214833,44.328800587426954,91.68678580012363,59.49924457342517,18.897520137079194,63.80347684060182,1024,601.2998404824012,1.2254628329771413,11.293441462241896,206,High
24,88.03104462195404,55.97803284736849,25.10910109745617,95.93755455239003,76.94054009097161,75.43038996686272,256,243.2,5.320156502905334,5.678179959820385,138,High
32,70.23414625757513,63.50099647349246,10.86996400211641,58.242716178148456,34.75651225959177,62.59654023411517,512,75.36566824425321,1.3525637412769025,4.586064040056762,79,Moderate
16,50.32769385547689,28.018550254102887,16.59848069086889,96.38959855865488,53.05368970467577,95.1456417676959,1024,735.2385727221824,1.750065783225955,13.342167677399816,241,High
8,53.911017575137166,94.57293753709058,30.103429404463203,55.00803742895465,60.91612130395402,88.31928750412786,512,474.20856906707405,1.3217511621127138,3.441654770210137,119,Moderate
24,28.383082114275677,49.96289219608329,12.995699433711126,58.87373442769195,60.93637115242541,74.65029530027832,256,243.2,0.5427414501387651,11.1748983258682,162,Moderate
16,66.41223670583595,26.46233710994749,55.25593395788219,77.7044497863132,72.65234719135164,98.27285715890733,512,486.4,4.802439570436693,14.969957746238062,42,High
32,42.28682594885998,50.983293894026396,38.26814097102202,85.69761836735769,66.17020926422056,77.3377723365094,1024,329.67035847078694,2.260486291015442,4.483163653641109,220,High
24,99.60806590069143,68.01620376740645,26.24347072613194,70.08326608029304,6.837087931058983,66.42677384784741,256,243.2,1.4715579847402083,2.3044804827422447,68,Moderate
12,53.21651637356991,61.09221374570637,77.50756674537959,92.92694123164932,45.73470259491073,54.773365039702355,1024,268.15317197033124,2.579821136343162,15.696383410240157,225,High
32,53.72970455706518,75.56335792298192,28.400619360927703,42.414425296637155,66.40216067199792,77.18728224067068,256,209.49832888711165,3.744050495053402,5.061606941818774,202,High
8,60.92666086696047,24.43871536543285,71.88445908944139,95.33169031806224,29.599298216572866,93.02083057906728,2048,10.588810462230832,3.7721813857478597,5.134948135900073,46,High
16,92.50804028068721,42.76324882176449,41.4338415262875,51.77846799372448,31.30566872163897,93.33593640782243,512,486.4,2.886774054157736,8.256584370069955,216,High
12,82.07362898737753,85.53844614720818,56.06449845962991,93.05432470507935,12.456754775461555,80.22835333413742,512,446.5191846363518,3.7170597617692884,4.465864885692192,128,High
12,50.601706281805725,26.39149502330887,94.04803358661879,64.05179076918283,41.861498597485536,69.67191816171064,1024,22.939075328285284,3.2777194756674617,15.893085331503537,109,High
24,74.68293393755164,88.4388763756766,13.361647133423155,89.96542335226226,98.68304343061747,82.51481540453399,2048,18.849191792367684,5.847324105399157,1.6444882880431595,88,High
12,62.76119489026855,27.3516873661685,55.02380567297157,80.29993298822171,28.531936128803736,88.10701772795198,1024,295.4690428656831,0.6924907886926827,7.772096183984624,125,Moderate
8,54.3130343831124,86.7563371913357,86.89806642948564,50.55649794869573,53.143689268609805,70.5812392197063,1024,23.798301923017235,6.142195866599804,9.225201025945005,151,High
8,27.308419550591548,48.86307208629813,62.917682353331365,95.08285419288691,74.32372527790844,73.81270846074626,256,243.2,2.0854491619110647,8.004262869208734,165,High
4,51.75426371094018,68.97672506057727,34.9183465268641,54.731043429307576,1.3497270884270662,84.03081536889715,2048,72.30911642455838,5.191584397735628,8.807844592943052,59,High
8,32.123672832031716,32.23096925183985,45.79130216305309,54.64840712169995,90.04395595982989,93.83263030513731,256,48.85907523880664,3.1327575062132884,15.813687163255965,160,High
32,92.33579348664892,25.293497738014466,71.22390658557171,88.85073379824283,38.65501847249385,89.55051890711374,1024,672.6875801338045,2.4131642692811095,14.153523758051863,174,High
12,40.186613214671226,37.275056321610805,90.17307048824227,46.352395334351264,86.91159867109822,51.119568466017434,256,243.2,4.499757924499249,5.626655189441674,152,High
8,95.70376130800351,30.22830543269564,13.695973637195044,53.32215438222762,3.8947658899478044,56.21861718922939,256,243.2,5.497748722610178,9.27215573786158,80,High
24,57.97497610852401,44.992471814370546,16.438493970133877,70.22065440526374,14.566355186367586,92.6389090142761,512,486.4,3.4245869451734245,1.0046651879320125,181,Moderate
4,66.83899408085443,61.15065972088161,39.25463712486288,89.82862172119746,32.25294544775592,91.69114140225167,2048,38.972806524389654,3.5325999799256262,7.14353502060578,109,High
12,58.8646400040395,67.10075708520077,30.950171599373107,48.84903848423605,34.54617730632788,69.44033915743546,512,486.4,0.8825671509899164,3.458113342929526,221,Moderate
4,21.644255527003082,83.18944859037943,33.843779760016545,72.86009407074079,84.77942230280165,79.21389611788328,2048,72.171992399662,6.5059738740809845,11.670408861634895,241,High
12,43.82390971071469,72.49919145986868,29.914299876329284,82.67443550817637,1.1201115388235205,95.29224912143232,512,486.4,6.004828526900683,4.316343664504172,103,High
24,18.923150104986156,68.70066601036424,27.624254396964194,91.63571348295707,64.11117764696796,95.57793405035483,1024,883.5426814233433,3.086953119025832,12.233434682674126,152,High
4,66.06586397650435,52.94256219886197,21.75615701823626,96.13393361213318,13.131243617855027,89.15464228804454,512,486.4,5.47217898554363,5.6973975097010925,245,High
16,50.2186775680395,57.90467479681109,94.05587186157142,87.07839486813594,82.32156507110494,60.47944691798395,2048,822.5415341671761,2.5363146421049847,14.887429319670638,140,High
32,80.01864744138432,53.161666351214485,22.977051751553773,79.1697038933201,77.85732659579124,86.51414036769725,2048,565.8697206689957,5.247741654583037,7.681249025520193,228,High
32,29.842343289943287,87.37328240491065,28.396339728898255,66.01720511876596,49.99210274112006,55.05492161735283,2048,272.2360931568254,3.858496157666392,13.592765795107738,141,High
12,24.810945258640142,38.40003620387199,32.16391515827071,46.72660925130518,21.268722551237516,94.69692297272846,512,486.4,3.4949836944283845,10.422490045585198,206,High
16,46.569900786739105,20.45767452335717,93.97133858173785,82.58423155153127,63.44953909655563,57.45744017893573,256,243.2,0.8673994821777457,15.660973223552054,49,High
4,93.3926844896543,72.10559177809914,78.01427202409762,99.56423826852921,15.625831765764564,83.11743200557254,512,15.283195309855536,6.775242491757608,12.140841260681269,234,High
16,73.93796335111705,36.19697469110651,81.07294872839633,84.20563568392599,19.002379259265346,80.51216371261744,256,243.2,5.943158304209732,11.915549834670784,58,High
16,47.70312623136268,91.20921090478474,19.428243358464826,41.00266562426358,62.66899022253577,88.84498279397916,512,486.4,5.657022441911903,4.972989736739779,39,High
4,56.55449527788795,88.72370637653249,85.26788875141045,69.77559868251032,99.12284460886244,77.57887511792278,1024,23.744823094407565,2.4819552847492075,8.572896264588104,38,High
24,17.57917100593885,26.138189754256473,46.73737736356762,76.87879794897424,89.10608372525462,52.97832876878661,1024,625.146732747076,2.3823361987542686,5.351705330284577,228,Moderate
16,98.61183067385018,28.511072433126188,33.654072359114984,81.38045206617059,59.31073576836771,85.29231270220745,512,486.4,4.22575512786522,1.2894015552760554,137,High
16,69.9766574225427,59.613727379733305,61.81750751682795,83.18355013604251,53.85367687674238,69.1577279417634,512,166.52650245650779,6.000450775469966,11.658779989768503,92,High
24,35.68636616170802,68.73781302154838,83.99646152350606,73.48650647299144,99.83848800081086,66.01425006095549,512,436.7634433049444,6.57508464009624,4.537547495564031,62,High
16,62.72275547937199,41.99266699857926,80.07869359674184,53.40161996405442,54.73971476338937,99.58367747668674,1024,964.6892748802412,2.248038669050736,6.959860455141813,181,High
16,19.85341294620946,77.34381733594965,90.09977343230189,96.5320396885928,42.01165219594439,79.51998829798639,256,243.2,4.448196202076213,5.269581807607993,109,High
16,96.92530019268253,67.59328167350972,93.53189674138996,81.79998805981973,90.95555357753415,85.53595366347056,2048,416.7132086296702,5.205368199307524,3.9945378469547568,61,High
32,25.730648909502932,45.985928779884375,31.43098642849746,54.21040221216457,23.418429586928823,76.31630684678242,256,243.2,1.9715489436909555,2.0067898657563017,33,Normal
8,68.32272862496927,22.02971904338525,48.14721047523445,59.339309936216374,9.752599029680898,88.49863229758265,512,132.83987416708743,3.148546096445758,6.068348631569295,219,High
24,32.090901628503744,80.01202250388141,11.316568528456301,95.31566023782219,63.40900343618303,87.60363677499876,1024,44.83719369475819,1.7185827791386643,2.226173852818038,107,Moderate
16,74.58052443836822,37.180293266006615,89.13894933385541,93.24911120244015,9.5849633768749,82.85730578400802,2048,304.4881496676579,5.042883005494172,9.104787106048343,155,High
32,79.91392305162529,86.75789947701027,23.91149363272908,64.30878630148538,37.314853695296016,99.88715307218884,256,243.2,6.114603387543785,1.2943615564220692,148,High
24,70.60777560202894,53.62322080434041,87.53273311084249,42.29843331948706,42.35773855817205,72.98967670415689,512,486.4,6.203973304585758,15.100298194642896,51,High
12,65.30495142296732,66.16619541054123,39.64485897879368,42.90984213363629,54.75380670492331,85.30961741490775,1024,814.3941471705135,4.855577658202596,15.497125291790148,180,High
12,90.32221845568105,89.83589843272016,43.13202309830244,57.03509745510334,99.16595457479623,89.88889814024591,1024,357.3165653846609,2.756490341133362,5.569807724445535,247,High
16,17.076403989078223,89.08984007359626,13.521902903547343,77.74733316033996,22.09817233331808,68.80173547972721,2048,152.19016855329008,4.796762449552654,4.902919612097049,55,High
32,39.782328920217566,49.72156601948586,39.419091078878765,75.05167812007372,37.5756378506912,72.85875137768093,256,243.2,6.117733726610321,2.5660779955270177,78,High
32,32.34587316677614,36.71111141718745,89.95273145211377,78.02966721663657,13.224012441065803,98.45836331952927,1024,650.0399571341196,4.568062920582591,14.573783898710031,201,High
24,98.92125658588795,82.01168621828756,12.299266100944372,83.0369783159264,60.76135260332347,51.6145508563304,512,430.327833553148,3.1837976119231257,9.802958879498565,179,High
24,45.045080170018615,54.64641628817049,46.56947257420528,41.1419352155643,72.76731823078335,66.76478269804572,512,486.4,6.478717879673493,10.151873844971597,137,High
32,75.93514293163588,35.36335948472033,12.825966683146703,46.305135710346576,48.20768232358789,74.31064811693349,2048,749.2150667952179,5.928907856251271,14.43784693902997,224,High
24,71.62526474929041,92.35402738537202,43.38310825981585,61.56900710963276,24.583126828997102,50.07324965345951,256,243.2,6.235829061610777,14.661801907848979,199,High
32,29.087311372963995,35.84833553928699,25.537657670226206,49.291599851294905,62.08882691817477,94.95635505033059,1024,507.27513024393215,6.370748136761914,13.425125045657664,81,High
8,31.50979121903962,22.064573455298486,32.69965539415348,44.51920255267325,53.91577233688495,64.31222001060793,2048,793.724369784136,3.0597799997920356,12.601623416494917,174,High
32,35.31561071977307,21.622397901393597,88.98385358452771,78.45786375983991,17.118572340371774,62.88524160547222,256,35.221662006762216,6.087653548797678,14.158618334499755,171,High
12,47.00145504334413,69.78522851634114,49.24442985597019,88.92018864946594,40.568190050213026,91.01630976768709,256,243.2,4.207272863103535,14.13955910026784,93,High
24,31.08925590854741,72.93400485740243,34.641819226172096,85.15759944605695,43.519709163519494,63.899161425123765,1024,243.27761747997505,0.7480333281012606,6.529672844078492,202,Moderate
32,11.768633447216303,44.88333640455871,63.0404540155493,89.02238671655076,98.2617753771433,82.88112969510112,2048,277.8150887707767,4.632936317380764,15.600868299684763,221,High
32,89.1453751126476,45.60087913976507,22.78962638493241,79.95139264347263,84.92858321555218,91.07515719509796,2048,100.38868954066498,3.5590230079142193,11.636983197405838,187,High
24,96.90488482427956,47.15951320479542,33.345244667877026,84.12071930885213,73.43707882735939,89.62384238551863,2048,200.4683409572475,2.2885052847174334,6.55314151018993,170,High
8,40.74133483284112,74.41268374071029,59.16231708425997,56.30672645249808,88.87770255029474,89.09753687129646,2048,992.0881506719829,6.807490410305757,7.630742759132634,183,High
8,40.46561914829256,24.65070328214629,31.377073766326195,99.58048217704986,73.54844058287149,54.43187849326174,256,243.2,0.8579605789043316,11.306965874222069,189,High
24,10.638263149693389,94.32930821530606,71.12149636607859,50.989939269633226,90.34018551257333,53.99234837861821,2048,928.4877447017986,6.6482030395959315,6.416483644520188,203,High
4,71.22256194973366,37.80168353419572,54.23421720335703,52.86963246336295,5.455311487950798,65.33850178686937,2048,171.2705329108701,1.5352358941251478,13.398365680300245,80,High
24,84.28959061737659,99.97385641936738,79.47901632292218,57.33530990895081,45.606620926691654,51.79739405980089,1024,212.01825367753435,2.950423165453459,3.2209543178721445,244,High
24,23.194747032400286,33.72181550297496,95.34200821502218,98.51994580639473,74.68983352418336,75.02148682596322,512,486.4,3.2120286402257703,14.613914480664441,63,High
8,24.369971443043568,81.7237165849902,20.422440041266697,99.29731536123435,58.329579661001354,69.73910331351091,256,243.2,5.25163337129529,5.517962677549136,137,High
8,81.10749249742939,37.873003594370005,40.11985089860904,87.69362498238985,17.516616415078666,77.85129562715746,1024,647.4760564890481,1.9014598567885794,3.2906917801469637,145,Moderate
24,65.46616735187303,26.467744131460318,38.759415659056586,77.74345591357803,34.04920865285342,64.93942693348453,1024,427.82610996322603,6.909661980979005,13.870364221690348,233,High
24,14.037450186494532,89.9946659480519,23.60646274035288,71.20375451107681,31.777437502669127,74.28770014952136,1024,813.4812650908074,5.368577042966149,4.5919485840368175,244,High
24,66.02922914160536,88.70010073527135,82.92728236001237,98.23725074121074,26.1346913184336,66.7372382929527,256,243.2,5.634692149255856,13.650936070744018,57,High
8,37.802595055938944,52.28563139596811,78.3890833634911,81.73736817149485,34.31355535139661,59.76040461116543,512,486.4,1.1917870226468141,5.443966051730142,48,Moderate
24,43.185263992376136,76.19169140323415,53.59829237509591,96.68380769956181,51.4853288461121,82.46833405689074,256,243.2,3.596028061811426,15.007964314812352,205,High
24,79.27582764671922,64.56527461471337,58.39937000151486,58.993047968657436,85.4869024783276,83.67179507495926,2048,707.0005775642675,6.646460778108878,4.286164597019669,127,High
16,82.98416734053495,88.2364890938999,15.358972420224664,60.02648753617394,74.20326623937564,91.4615846374875,512,486.4,2.2554294650867424,2.0447498660800196,101,Moderate
4,46.03209641558476,45.20447754549235,59.9956617094341,91.28347564710614,83.52497040162336,93.73758915768624,256,243.2,1.444993757180588,15.047967450135834,191,High
12,95.24376424057193,61.89379199991882,81.22073716176727,48.99129523511766,88.36037445630863,85.22309521839577,256,243.2,3.655063988467224,3.4843861336547937,135,High
4,46.5816446156865,58.82978969636404,61.64448162254715,96.75567167776455,41.61504560976073,84.3749043348756,2048,617.963331072096,6.547554952732853,15.161988125834128,173,High
16,79.4652431707099,48.3124661005487,33.877573310837704,70.44846127980445,34.60262840267472,52.83378326682362,256,243.2,3.664139058799077,13.359660251775047,100,High
12,53.54895381078332,91.31640516450977,70.07934451009035,95.58483271502186,5.762338168416181,55.48896207290858,512,141.31659378633555,3.131422968977783,2.228880845749525,56,High
24,90.77790938698756,33.27023397300284,42.53395869687229,60.20756732354879,93.04916218764343,90.62813551954366,1024,801.1254521621049,4.726770838639547,7.677027984144033,80,High
16,91.69851192851608,31.960691161655692,59.03859558571617,82.95753424836383,6.582301793814393,61.64756308118157,256,243.2,6.5897459925285835,2.1009948720267344,113,High
24,17.86751270839755,66.1527628258201,53.880882695103224,68.97250731836138,74.11355153704704,67.77825301085414,256,243.2,0.8188734198264295,5.94679846917717,83,Moderate
8,94.28439981792032,72.59953839879536,44.305750086866205,77.60821781472839,37.81083044655872,57.26486768379384,512,486.4,1.4970710455984928,6.2725461735998005,152,High
32,84.29813573683741,35.569540345965216,74.69901823547215,70.26234958834914,94.87807744991864,59.75759842874595,256,243.2,1.3629030152876926,9.994499954913604,46,High
16,81.21796428814002,51.25739538036993,89.54885007872936,98.02693704228169,41.9602020934129,88.77086176851031,1024,832.2126494710328,1.0546643849445767,15.638433517646687,249,High
8,28.08202057169702,95.7251074382995,10.469126662923244,81.52632386883504,81.66083513547164,63.09298097577691,2048,519.3324763869396,2.4636895242145727,3.546451601613386,101,Moderate
16,82.46072878791985,39.72939381525392,94.02548673073305,55.07913811757892,28.26548321636766,72.4517483132095,2048,257.35483358253845,1.9905087152820151,5.937264471232182,225,High
16,86.51194612165331,73.46885616939153,56.036362247490246,94.58061531430508,29.908871724384667,57.583568652961965,2048,697.5453687435285,4.066493230360679,9.806537413217958,143,High
8,36.023530100873586,79.21195149580726,73.06586923269387,57.64178428930626,59.55194098784342,83.89649531580494,1024,923.9451353995639,2.6273812412170714,3.5713128297939574,243,High
12,95.70340705260914,55.850295957212765,87.00621095582895,62.29630595805138,99.79826337074738,86.41348670667381,2048,842.8177946539748,3.1338510994761957,11.660644933880787,124,High
4,14.487413175924782,95.00207894076664,52.039332308284294,46.127421881212804,51.757241797919626,68.0846158949357,512,206.3799701776838,6.622120488248782,7.054895738295559,158,High
24,23.49183279224257,78.93253881750324,85.14766660284012,93.99799118777145,93.63086363932905,89.23733230613753,512,323.7202278715287,1.5117616682511406,15.243584434529756,134,High
16,58.382302424636286,56.633966388871826,25.9857837509682,57.16672139367178,78.62498282487277,61.99533259610632,1024,521.7118672339409,3.024972624166214,10.448064178235892,43,High
24,61.82132240100787,65.54681614208752,24.3250781031833,55.53505707588294,79.58643141772349,84.59519310500781,1024,575.8872622837046,2.171031963372082,6.446210668151425,164,High
32,68.0635074970813,75.40907547400806,69.17242319705382,95.21575587969724,43.59599891287641,86.4982290710227,1024,201.87597331394298,4.069578885325389,11.792096816031304,93,High
8,11.527221638391982,67.37521443433747,88.31287049965634,88.331611744302,38.65422501728006,98.43286888943882,512,237.71221661501292,5.286185472553188,13.581318669849269,229,High
24,96.43300971599173,90.29580670608607,90.31835597824355,48.46473529116246,19.19218080908154,61.61608325933581,1024,761.242758345082,5.8104211772161225,13.007196460442527,165,High
8,14.01292834607296,48.551092982432095,67.93664125395219,86.15947023422083,96.39412669836535,54.68552400213764,1024,733.0142425477931,3.8494285143628764,4.941465911930257,211,High
24,22.875575745106214,43.99085920446439,57.29403071883857,94.78198588322743,95.939361244382,63.15177111448933,2048,840.8167264826021,6.056957844925127,7.2547502822328855,181,High
4,11.261306577345128,37.10711115962114,39.82537789268646,44.71067309264463,74.70677343101828,56.14310982910595,1024,933.6005092074288,5.602990801202563,7.782664915457574,212,High
4,61.01725899646852,23.02263744516761,98.20003740393983,89.51289969427438,29.625244985266953,58.48471542471548,256,243.2,1.5205263993193001,6.825750882585632,158,High
4,93.9040195528875,23.441117150404427,38.77261179996255,72.84520311238336,24.517954034228218,66.70572559279873,2048,860.9990070048735,2.0952869336299687,5.662953742837263,229,High
4,69.93524494724178,89.60441544874263,76.97674965084339,80.15184696272803,98.86102423869629,70.69953733610004,512,486.4,4.866183434167236,12.291216989220215,98,High
4,84.03917216323846,74.27145171247258,57.87836199145006,69.57126033429621,6.65428151081775,95.18621128756898,512,486.4,6.836161128313952,1.183363651472666,61,High
4,11.195308311272207,72.8425932349189,64.76611082728121,81.86818509431671,84.3564292141309,59.780788575001054,512,279.3534144631817,2.944843053900001,5.403163432881563,30,Moderate
8,58.781376863175346,69.17142551479088,45.41324955297636,42.04587170000519,35.545800048247465,98.5879487960608,2048,276.97478662313034,1.9937509641908144,3.1242588545935543,223,Moderate
16,51.360667975496966,87.9375315755284,96.8340812925023,85.76240339339702,41.88697197272205,90.50766049480859,512,486.4,6.149341322921264,2.9315397384992083,199,High
24,54.90711497987137,58.4213540532502,61.4514093489344,42.000621871537504,83.19776487488372,94.07356949467206,2048,929.1266662978935,1.7974777370287367,5.15438000346218,236,High
4,16.499186680166915,89.63286628466403,94.4008867412911,67.31799086484061,9.060301600535803,96.47219948701218,2048,826.3102665385703,5.0331537813241,12.432296366725726,166,High
8,71.59918249623767,48.75560209457913,10.683227455652272,49.057899587817694,35.416967852025714,87.66205985705604,256,243.2,0.7226189573131196,15.541328036176505,233,High
8,55.2898373372771,94.13660034712724,61.540352487200884,89.41445664107843,95.2024277169573,89.43899158085306,256,243.2,0.6233733481363738,8.71927699811648,103,High
8,78.86339648751375,75.8925584064992,74.54682007527443,58.819654550540115,69.90659127712564,71.89091483028098,256,243.2,3.4351836406370704,6.084577263653768,181,High
16,53.676157065554385,40.57417088195418,77.05721540459962,67.24561267625995,75.49391648058904,75.5225117338122,256,243.2,4.767510829074371,13.437556994666304,134,High
24,23.444347260378887,65.12679373509002,91.44791936035132,65.72504447789869,75.75053009554765,96.62427133833171,256,243.2,1.4258239507319947,2.0065513790237413,143,Moderate
16,68.34312586700398,62.642444919060445,10.396144810340765,86.35011794108239,6.057008316394452,68.91279557763247,512,486.4,5.465235944509996,2.397519128185423,176,High
12,25.51477258946496,31.031905738426715,10.02971433335288,68.86866158775852,20.320759326043113,52.09735365321036,512,56.65993917379595,1.3367871356778152,6.1804947212390005,80,Normal
8,88.51551070193334,67.29943246004913,52.503711471569375,87.33750010062076,49.12632560812118,88.13771927373864,512,486.4,3.9691007511658856,7.7261274920702645,110,High
12,65.18046151623173,45.18284989735663,12.63643345048336,44.410496608160514,36.81502324753752,78.65787558587593,256,243.2,2.503944749801023,12.967568039220613,31,Moderate
32,24.148349520125883,24.187901344768193,97.7079298296137,51.49563807417971,41.091229313285346,90.74379811716558,1024,961.9535788341886,5.389646299090835,14.878959090036846,39,High
4,96.61042517330861,95.89249261652519,29.985865708725278,73.09205497878165,78.14473786256725,53.777563330548105,512,486.4,5.726758898165246,8.969148024876757,226,High
4,56.652891700178856,71.31922952514302,52.53982564283602,96.82529948516171,1.4679235067735275,81.06159952378948,512,486.4,0.9295930571560621,8.434670043569122,132,High
16,16.56086066844895,90.15351454966776,15.502386701100125,44.48547080330682,66.04919263212388,62.3852943995379,1024,972.8,1.7519297004985221,4.195165286185513,163,Moderate
24,66.41496139735605,74.08448040106025,56.98435745541327,42.58505296941186,0.011023180182245795,95.16342972472421,256,102.65191188309637,6.302186712201071,7.76772315549975,219,High
12,32.78790163115292,48.55869537120903,44.19605126326677,49.39304049567134,6.30585255762437,55.495496987087286,2048,283.55312224934937,3.201483437905634,14.854663469110678,95,High
24,82.33241066895722,61.01504578630491,14.019402598950137,78.4691877316094,40.8286119837624,92.15346363625315,1024,659.5186445793354,3.5987831249247955,6.893493044100572,37,High
16,83.60398662095716,74.05974082777416,40.16118400266023,63.93957500021483,84.09485198048215,54.42771259859552,1024,322.0838934740309,1.592154970806682,4.160237317014436,97,High
4,98.10526202691956,96.820186016115,45.229241820057005,89.53314276506117,14.499576556446048,51.254867774849906,512,352.6886464498307,6.966816177256453,6.059425438077146,216,High
24,55.16825779220533,40.29355672973572,99.0929342147446,44.31598908888195,55.46214091286116,61.752971502096116,512,486.4,6.499809938455618,8.718919189527602,79,High
24,50.94611917549634,89.99816468992941,28.70972847274379,51.78484520888206,67.85052268267442,66.65222704633419,256,243.2,0.5131603613845839,9.978775458993564,124,Moderate
4,77.81280449018325,93.92622442354156,59.03016538330897,58.00158432789374,22.953288417216054,81.32643859059355,2048,111.83692697611305,4.079775437276252,7.486448194602538,65,High
12,21.92235907077339,73.63324117271652,98.85839942787658,77.60380520132712,51.2330255269583,56.58622986805269,2048,317.7539598752956,6.1697379934205046,12.378042693104538,165,High
4,59.222396241381176,94.50133019210702,81.28172871461216,81.11036141809284,91.14072831381922,71.86649667955375,1024,85.29779273442387,3.2984684405207414,9.7668007316006,124,High
24,59.162284011776585,51.83028699818948,99.403075079388,47.45219763782643,51.222852536553276,60.213180105143685,256,243.2,3.3392926807484518,10.975722010175309,174,High
12,18.052581052934848,96.24129408323542,97.14684831941523,96.62828253950437,15.732306178764798,92.76516607735317,2048,181.53551441222976,2.9657565187208803,13.943783869168456,216,High
12,47.61856769562222,76.22263017327799,54.05855878847389,60.46264811141255,62.78142966875448,52.248325397565246,1024,858.5439985248552,0.6873841785096024,13.985328554089792,107,High
4,86.79563187104817,23.360461393504952,72.67382648835093,82.79012578001698,59.220018000851404,67.79688633442606,512,486.4,5.636841683049068,4.052624684531471,165,High
24,87.05382597951943,92.54982654552423,19.9398814247036,71.45246313686192,2.6954759798131223,81.56870399845545,2048,68.78188551178374,3.4691038220421158,10.350171172489746,151,High
16,18.93138984277129,58.75782472265541,49.70339425421217,53.3654868128264,9.05944057475666,95.65440890259694,1024,307.86690698807575,3.951926649624218,11.749612915624901,118,High
24,18.164879447304777,56.82615878222663,82.81166880400276,90.77369938692466,15.678135514101077,93.39967113469476,2048,620.1742905637656,2.1619532592431496,3.1877942989127668,235,Moderate
8,33.642592930174175,65.31732847837074,55.480178887942905,89.09428169151579,13.628907756186992,94.75959997585818,256,243.2,5.596770198434327,13.641547555883776,244,High
32,88.72894562985941,31.950763741698232,73.24291295355087,63.7643112350014,25.94657705609331,53.1426646841491,1024,518.0449019080162,5.659365553578913,3.7070479301699697,72,High
16,21.601232656614904,57.53328388539189,77.11761969858493,75.31645514163132,45.410532323556794,92.04616307317298,256,243.2,4.093985309536436,12.989191349122857,92,High
12,74.79971223647016,86.49017733741965,32.81222271186045,55.46954175615639,37.17162978989844,88.99562892720596,1024,356.53561080121557,6.380081517701065,3.4219863493517413,110,High
16,19.10490576517929,21.238596731001227,88.81294356483089,81.39109772477809,89.06498914045969,95.12158246378095,512,342.5141338450901,1.2532474997231722,12.126678052165017,142,Moderate
12,66.08240683730429,41.8333728259497,51.38401878182611,58.54160875722589,61.210940940633705,65.57881336290006,2048,821.5592728995717,5.613073320183395,3.222219683299956,41,High
12,42.04605692072303,20.19636691550754,28.916659325938937,90.6447240629341,87.61443499618431,95.58825531366833,512,325.5689576876022,4.1307969250843195,6.682439662877031,113,High
16,81.00225666692803,53.256904731987866,87.88742936095994,53.04310625663646,52.703932491759886,70.13205425432238,256,87.17876069898834,2.0015855857369202,3.152742002081079,127,High
12,31.032140394282724,78.26524083949877,47.60369254956283,40.88820536910785,8.987047068933995,81.70498427628999,2048,189.13550469511995,1.3599745872373168,5.060726444899446,85,Moderate
12,67.52816464509638,83.90174632917028,77.52811945417477,56.1104825180751,46.32874490664348,71.20894956034991,512,486.4,2.456545762098449,15.767721660302268,78,High
8,31.211428111829644,95.61518089016053,59.322976499943366,51.4631491875692,82.2032546842365,71.38242152578256,1024,933.9598646519441,6.066053467659438,2.615134841040755,209,High
24,74.22942548009384,68.68036903766293,44.36845770110504,70.49718638349546,19.410376716710807,77.33185093974508,1024,232.56396987036632,5.619525772894884,7.096972396268322,168,High
24,88.6310231104674,40.370149332231634,82.88887735347124,52.22219749939458,9.121427875264976,67.79633548104113,512,486.4,4.693360767817261,11.153790113282843,56,High
32,21.412161921408405,93.93183593093592,62.60229384801517,85.79139224316968,32.94347383382601,89.63684971346179,2048,145.99441941877282,1.0871255505939033,2.418978555959287,219,Moderate
32,87.99361197359532,82.02526031043008,45.150589218432856,54.48223828024024,38.88978306401396,81.68193677076195,256,243.2,6.706399158331474,2.635494811293001,166,High
8,63.421772897286814,65.95427864025156,19.863808330161433,82.41809079475934,30.62576764059044,84.48778807694728,1024,193.45273804971256,2.4853608604401463,3.148943087858119,111,Moderate
32,21.439944178032157,75.65121725751487,90.59007823900372,74.70825538082345,13.5240785624556,61.55174001108818,256,59.29251869238792,4.44549989174288,10.67479567049535,65,High
16,48.47876698237408,93.94530840059433,13.192262680749991,99.17499138831306,25.08398597217145,98.47876442406962,2048,826.6478391367114,5.720162160235322,14.640053769688096,203,High
4,24.47742641365881,76.99152227783372,87.68686135312505,99.9940586205539,68.22824046021103,83.00880488864827,2048,332.1463788963894,1.3635629239819274,13.389841809529774,249,High
4,73.03130999799126,49.46996060677872,42.39653723948399,92.17156499903979,38.59285162931639,59.859793226519585,1024,117.43717952449605,4.739278824663175,15.745828590362375,241,High
4,78.29813209761546,77.04225618312773,67.54048871512653,85.59900215792507,63.25494446185558,87.5245121735517,256,243.2,0.7099239785773817,9.672068268990905,147,High
8,19.521686824551907,23.22225301883103,92.99797514521167,63.187384840034426,53.630377991873246,58.68570516038113,2048,764.773502770687,1.1616305247782173,15.422159569272788,186,High
8,55.55258674251799,50.9132449464465,23.653595395350855,85.1966036278782,54.9052939857669,53.16924481497542,256,243.2,5.200433623776423,5.57401247823178,225,High
12,83.31625504233254,52.50584254764634,61.02554280749292,97.40053222476945,24.8549557947796,76.37766980729171,1024,912.136222746084,1.5080340112231618,7.322568907690986,108,High
4,94.25467373958969,33.34705875366677,78.79895761331728,41.40265452372665,52.15430327681816,77.67619770811736,1024,494.33382600192886,3.382793701484959,6.940620519491945,70,High
16,56.2166080067593,21.846838444141614,78.18254494471516,72.27488201186432,2.3594713863201777,59.44827873657993,2048,136.77593261092971,2.1141615800528992,1.7103622041835644,57,Moderate
32,95.52513012502664,30.670498931019424,57.30687231395536,53.07989826330608,43.17437423249262,67.41894721460795,2048,70.73294579616834,3.237991806354624,13.445579028108376,221,High
16,58.212007341042685,72.36971966376441,66.22655139158122,73.47257895213103,57.26228231899151,97.28846478393484,256,243.2,1.0019315618945608,1.3707728303855296,181,Moderate
32,45.47714451399172,84.183105309095,78.177429471956,67.98682538553346,18.19956213541093,64.2501616043745,2048,95.96252183604206,5.406853536266431,11.948143766275177,130,High
4,86.3382815697606,99.05627941815793,85.69248739816706,74.54611489313706,25.655850624895137,57.778403038268436,1024,540.1543459436145,1.0137676530617439,7.10597173982896,173,High
4,54.368443941228016,47.70908024867954,78.56317871882774,73.05773328512345,21.95310198156194,99.6280979332727,2048,24.354027644926298,5.946444232843055,1.0937157411536367,51,High
4,52.471225950807074,67.95033778088813,41.86044488631184,97.60642235011372,7.055795526542418,65.11527681902334,512,449.3256684942822,4.806957617102148,5.349203542941992,76,High
8,54.128124046884544,94.97159734520976,99.70537609519599,73.13116653608417,34.78573211400901,84.01268365730394,1024,186.67568695504957,3.207806241817841,6.191915438782409,46,High
32,86.21065016827708,33.36334250705221,49.10524243473739,90.77392528749203,97.89657664519395,61.57800907196332,256,243.2,6.132162532558197,15.470537065900231,158,High
8,84.8747387519247,77.41164690741941,12.201823248304008,59.18921720805079,35.388040646361006,77.50605984931947,2048,678.2837340229822,1.7098533113961354,10.916186464111842,188,High
8,46.31679931961901,80.39829865193306,42.63552564269158,66.28604132746294,46.05366218369756,69.31409933048077,2048,357.4541333401945,2.2196674781963655,9.153573872592105,118,High
24,39.99698738834725,27.118042869547068,21.500465911645893,68.2248085626886,65.30872509563753,98.07896305795943,1024,347.9264883282131,1.391303800784843,2.9057584630398705,41,Normal
16,54.27352216352163,88.89995081464521,20.92983541555375,56.723682600122785,64.8497751169107,71.64029372752438,1024,972.8,2.9801965063852274,6.8665650926922535,49,High
16,61.549525876339814,85.0484037688675,35.33815360962049,62.787415688677314,94.98949800186242,79.20870920908621,256,243.2,6.913765700771569,1.53646530400552,176,High
12,31.450348956519726,22.672240526194756,14.803794475953476,75.91078476800652,85.75641403991253,97.23831329500736,1024,518.7230947315509,1.5466779557045152,12.425281277085514,34,Moderate
8,81.45595762440315,27.28675319040412,71.96609695686067,74.81126579827193,79.39506871051523,99.46171499689775,256,243.2,5.901347158127691,3.441650532906218,44,High
32,53.78344891591806,23.930151511348186,16.658999578171457,78.18612067440883,95.16272257783106,55.08291820024982,2048,623.9808052036228,4.737220465874969,9.916535514196017,54,High
24,40.064099357796366,46.77948254394898,28.296059989236056,61.10907492520846,23.07653854831716,91.71603560211945,256,34.32964495143351,0.602791848977087,11.49087307384478,192,Moderate
24,19.613889366759153,60.743119254394095,18.360974304470744,58.949889709183424,61.70541946217926,69.10582470936244,256,89.46194461999512,6.641786254095051,6.497636915604785,137,High
16,31.496064436324623,62.5878182363703,15.685095781272796,76.69707296524979,88.71967667221563,79.74143531028064,256,243.2,6.812093223962401,10.488897281491626,84,High
8,95.43530545803853,41.41334078155541,34.09764989855875,47.9717049056515,62.41381582781018,68.75240394776228,2048,370.82417025983057,6.511854562100032,12.463492924700239,92,High
12,37.458971813757394,92.92775092482194,61.4709070894333,55.1818926119284,97.74204746068695,70.05581028273961,512,64.88959982960581,3.7613077750957196,3.761856926589823,76,High
8,25.19733604303318,49.46102318975306,96.82170008021575,42.52766421717971,10.0352713906379,57.94287679925558,512,304.53811359110983,1.9324386860932132,10.012904932562272,224,High
4,51.460551248949386,23.644012477228202,88.80009889146457,44.35665115576481,43.93305027932003,78.6383229213933,256,138.9805862171763,3.0432204035581294,12.008247031613033,145,High
8,37.63789690242238,44.01816892331091,88.83405329007923,54.60299675563653,97.73629079086362,77.33579729723624,1024,917.150703804058,4.492245051705503,6.355721341249389,239,High
4,13.164332524407474,62.48875380353244,25.846033243389186,41.171756817815144,37.956802856992574,59.46778942691999,512,210.8961386275839,2.9624364759634236,3.4373673717481785,93,Moderate
4,39.08306955514755,52.65774580705856,33.84164741480381,54.72463552524769,73.95563750993044,77.08652146669706,2048,152.25428542011193,5.103115730652938,5.291740316866352,51,High
12,58.96977615455217,41.907401527940735,16.875398511577515,79.29857938372156,3.040290107864918,98.6550941315543,256,243.2,5.67124106054737,14.996120002597435,237,High
32,59.654113481797026,30.50585998114539,80.06215059236665,43.666424708135985,69.48371146303131,85.72042979268949,512,486.4,1.8610538412123747,6.361719321489056,236,High
16,42.090302905919984,85.53316000769838,16.283467133700576,66.20420066767846,93.46267325275784,74.0491279791676,2048,580.1731294954341,3.1321224038382036,2.6155088163832305,226,High
8,50.25724806273406,99.69161936993535,60.10261037387679,94.78652721517297,38.27062851900027,95.80419927906877,256,243.2,6.725338444169389,2.240897614739933,135,High
4,96.89661264112898,46.36337068191057,32.30880150915557,87.47708973552406,2.1299837926929466,78.76571782526528,512,472.49761782280825,2.123744208207147,3.7074259861576566,106,High
8,43.961362950728045,50.52968353412831,31.910107062587027,58.32625013769143,2.790980439548385,56.75239993639017,256,243.2,2.7519086758637883,2.912685035346276,249,Moderate
32,33.24041319339847,69.44300197415657,99.16525497228446,95.48832875149881,89.2023305711089,77.37548239062282,512,227.7229629774107,0.7317932750378198,8.425654899357045,103,High
16,31.912033966008412,77.47531797884331,78.11018262806837,59.77878980486349,72.25161070962618,59.048655768293386,512,402.56400980292176,2.6603792671734086,6.213271662634133,109,High
32,51.19881514337207,51.3623627842873,85.32454224619451,44.35092978025375,10.668638422657983,88.37524193738372,1024,958.2471310786698,2.911054087676667,13.621084820248962,156,High
16,78.35681338452497,92.39436135854521,61.47844168096114,99.6433574060868,5.459027705119657,98.35871071473542,512,198.08584417418473,1.1489311375743452,14.216177986468265,159,High
24,28.538936576962588,64.80031913831347,88.39128586543742,92.2013516313503,80.48253636154794,68.04092922716652,1024,300.8358590914484,0.509374624902222,8.099190818316696,155,High
16,73.83665144266912,56.03120611247448,68.09414852497176,67.95596699806555,80.9860632805359,71.74589400625973,2048,199.65125504313062,4.240135648396615,14.327906568468917,143,High
12,11.903484101447466,71.73382025279241,95.15563343167108,79.98259145154424,12.0521839792049,71.0748233419315,512,30.29054139455428,2.4599229086366723,7.756924580965148,144,High
32,47.703968018555145,96.22430785993386,35.320472744107306,80.27368467140022,30.152040388863675,64.2649987897441,256,243.2,0.6158549421905984,10.629431859180379,182,High
4,79.82785586825082,83.56418355373644,63.57875912046055,51.66893384382762,78.00260645738895,89.70899824393155,1024,56.00277150261678,6.089637975786666,3.4380224897162623,90,High
24,40.48596601969883,23.201050442809947,72.11182131432028,52.002917989217934,52.54120709540063,80.8864166373498,512,163.138275142567,4.2986629009331665,1.7887384273281324,34,Moderate
12,60.73633913008595,46.58479285919677,45.3643574525026,68.17484220110956,95.65848607252994,53.20257784282798,1024,369.05524936693854,1.6125942781968328,3.4012776460719603,57,Moderate
8,28.448130954331972,57.643574796097816,89.17371841636479,94.69438840826189,48.1062645346005,91.94031675115679,256,30.51400489826866,6.124103049116347,4.777678537681096,110,High
32,76.7795852013555,45.16140577672842,98.1822846793739,40.59962649151424,67.69579375655125,59.35441155766036,256,243.2,2.1483088080743724,12.26472839560518,223,High
4,14.705119294188366,76.01500486643653,54.43925422353954,86.95033815696155,50.97833657415842,98.95755808545606,256,243.2,1.978397254985664,3.602578636922059,44,Moderate
16,86.72883803879503,86.10153198900649,45.15765893239052,43.45160702287925,94.29654956850457,68.83315695012828,2048,417.2996643941793,6.315121370482249,2.9598204330404805,212,High
4,27.837674777950134,78.50760761482172,52.47441357008128,68.69332689298707,39.86590920676088,80.8224823575162,2048,984.8193195805267,1.6664762164865787,14.91414068694173,149,High
8,88.69582285374976,99.14666294626203,86.74630711587385,78.27236998440858,22.979645517860003,53.89118094480152,256,243.2,6.213407655598984,11.33203633515913,67,High
24,41.72763171704656,41.80381183144233,68.09215829663509,81.2055560249479,32.66338602809932,67.23316373441783,2048,746.2845305009415,5.719326458110706,8.099583785924207,180,High
24,75.04152170270379,89.99915960195372,14.029513526628556,43.50875581695468,85.27752041652292,90.11769786803907,2048,200.3774194294721,2.513554015390017,2.4245258982363787,239,High
32,38.73027680075696,81.32981321395889,58.79529194011433,65.11621704303809,49.793856351213336,73.86042459766293,2048,839.0632465934963,0.7235810274953811,13.776863673570343,43,High
24,91.53205041111828,48.97430060465169,11.557011046687283,75.03023563013949,35.4252303502239,95.23017417720115,2048,945.5959340412911,1.0367251730835603,2.6238764618329666,61,Moderate
32,21.397341296653693,78.72996349255749,80.06818339030649,43.96273223836042,54.42600218094829,78.75692205254036,2048,243.94706490805387,1.2119337405022534,10.165697976142836,73,Moderate
32,26.066781034533882,28.326076513459757,39.54810461882174,48.10567339571858,13.322970727684236,96.42860976978739,2048,689.5996514425163,6.290192428543108,11.015147389322303,227,High
32,54.37271126429221,83.1466785872442,52.480673390559645,79.8189393702423,0.5359304625596084,99.1304953506278,256,243.2,3.1262338572435913,7.002082077249808,121,High
16,17.374459513433152,62.586448206968214,81.88102953168688,71.2982917954391,28.058468369349075,72.69472797591379,2048,312.11748009145356,0.711443422362213,14.668250875068628,147,High
12,27.638216623158574,43.38321381674025,14.18039355571854,49.709719676097436,60.50057197835423,78.2578286288904,2048,480.2589125465734,4.117565003361918,1.760509175635291,145,Moderate
32,94.93897439908129,72.46218414273442,24.26873820324494,72.11436021488402,71.16807696613873,91.7460321625635,1024,106.56370264491686,1.8519496289454458,13.271753586980338,152,High
32,97.88406950330985,71.32959989715272,45.81643388006034,94.76154240666494,82.66109663519666,61.07665027679065,1024,181.36385591991285,2.028319276952123,9.306915973872997,145,High
12,43.86333963973797,36.75889781756798,30.69326471910045,40.935255086521835,92.66635593944696,93.08147868905547,2048,70.95481841072278,1.5454712769675112,10.168055866114237,239,Moderate
4,93.0957418912542,22.431793184922093,40.411128319755676,78.55802640915127,41.21123469647681,79.59600701886347,512,486.4,5.453139505591662,15.802383437235255,215,High
32,59.03422081060886,54.68980695213391,99.83572641032185,44.41902607632051,74.05167995574547,86.27500676922628,512,486.4,0.5039838097342721,9.739717046767339,131,Moderate
16,34.27682192863904,65.56094954755369,84.28729938164297,40.38696657788205,7.467293019806254,53.99270113317226,2048,916.9583875993957,3.3533970653294936,12.955419783435897,33,High
24,73.21588489725389,90.12842226964787,89.55116334640977,49.039269319638024,5.752999877208009,88.30938417267018,256,243.2,1.064662581616142,3.3029614857965615,144,Moderate
24,69.30116259173715,94.25734365180756,94.33491702091978,65.37439791123515,12.479799198615659,65.53934522868292,256,243.2,4.090434906529598,13.139343881647267,219,High
8,99.021278719786,62.304417452541315,40.68422922827761,88.14063993891718,44.85690978307624,90.2616138424921,1024,68.87881112520762,2.7489502500487264,12.416093608362496,217,High
8,33.8542558668355,80.30427870148358,36.73692620168254,56.90712979627352,21.12814384987499,75.45762691513535,256,243.2,0.6842852750467832,15.521651100515273,232,High
24,70.48535523955618,55.14426178623975,31.06562433148674,77.54039274332553,28.69249419378158,63.73071674078166,256,243.2,3.4963325025077867,15.035659524539808,88,High
24,14.682137952650221,79.68657252583144,84.71052201773104,64.66939827731841,64.78801735123027,97.6379848510827,256,243.2,4.208805736121216,4.209798182671083,104,High
16,20.228143482704745,36.384121995133356,71.15966760566664,54.059907517960475,35.8522178802846,88.25311988557496,2048,24.50285510963308,2.1097512058076617,7.973996938964922,186,High
12,10.352653745598394,49.68517878428251,31.255478423458957,70.85482685697151,55.737155771802215,99.28430369368235,2048,493.2575334377734,5.475827330961882,14.672247672592801,176,High
8,99.95146129537058,70.73823990508919,43.92944462894094,87.84786942235739,41.24037567365922,68.2234949206102,512,332.4653969348336,2.9118169776628413,10.611476045614669,174,High
12,82.204632743273,21.452637248566305,55.60405875395185,89.94954220336865,16.896925551981955,82.46098167708193,1024,40.027959887688574,5.370752341936093,7.955505914093052,33,High
16,80.80507132601868,77.79690482711632,57.53260515463783,90.79117191263421,7.4019990255894115,80.57943389318633,512,486.4,4.26360223855699,2.634081424012461,201,High
24,55.87534677593617,86.84284010145335,89.98549556965432,60.313468753298764,23.623149530988783,84.37783705344015,256,243.2,6.1501449419147525,6.276363508543443,33,High
32,37.0060374614896,51.93133288751611,44.25095196524947,87.60736388294518,5.770046949104435,51.915828302066544,256,243.2,4.055011141384766,10.978599237303687,216,High
12,23.613785601640835,55.835393374173144,91.76716274504611,52.73070730653447,61.86119598898069,64.5859661938687,512,486.4,1.7065767565845888,12.653717229257456,169,High
24,35.62072649618173,88.10257697732249,49.72308042878107,84.305506074573,79.57176014661003,95.46687868954037,512,452.4542173316648,5.846842762811461,7.707503710138789,76,High
24,43.83740997362252,82.05237082608267,77.17354073131185,96.903065576357,33.974076823740084,71.19100274361134,2048,13.46297680461829,5.589729126136138,1.8376673951662443,164,High
4,78.06790872822647,43.05195912267,93.72288879865505,40.82463008145743,38.71110553523582,98.03218395407737,2048,945.0031557179423,6.820312795773122,10.497582734042956,242,High
12,58.56956100128372,45.91808852492312,91.68181335669398,66.42183587072788,81.61910627593066,60.67515863224879,1024,263.12591305776164,1.1082824741989905,14.823795883373249,169,High
32,16.97352638999344,74.31025859124773,15.125758056611305,78.86625930484027,22.26129123735603,99.87119867405447,2048,832.269766842708,4.34300255498802,8.446161233582249,100,High
12,11.622610806302102,65.0558473958529,28.513386547891287,82.10654622925318,11.91602651948742,84.87904544797661,256,243.2,3.6958483956326353,14.926370519339393,83,High
24,19.209896158065682,32.97836568771976,52.92148829790476,50.565265496152136,50.111811733108645,88.81967120332439,256,170.750192047124,4.860668750621074,6.311510854938129,215,High
32,46.94488423276414,44.794392738333315,48.839886095779654,98.33099651431557,64.61901695332372,69.84305861012679,512,479.26265440262887,6.871169012800993,14.295486549046288,92,High
16,93.98736253441164,91.99866215029233,67.68024983534863,76.91592207825838,59.965442504647925,95.35040606303104,1024,49.796988713508036,3.9597685012524124,12.795096289482757,172,High
4,67.36622330882994,75.05395493778107,95.0238145742871,49.860436073696064,71.38730452741808,77.27314504793111,2048,361.0061561595774,4.95730112715179,15.42612324910004,194,High
24,82.16433098879637,98.87794541484156,20.116424015015394,41.231350702750916,5.675118217302389,84.04691901123175,1024,733.6690549359239,2.756887384193278,12.86531852815642,85,High
8,51.97371350540937,81.36100239846155,50.66727986208164,86.99585192738655,42.820161275837286,54.7404135668143,256,243.2,2.4433081698659365,5.82219624445703,102,High
8,42.54994748755385,95.35795457148721,27.31699340984254,44.782284366727545,23.857052394569312,81.58403504464468,256,125.95665143488688,2.6794276769438357,14.508512909489763,126,High
4,19.756033544496045,37.29508590963803,90.46968385581528,48.46305526421419,75.91212595460242,93.95394941310784,2048,512.0523154256589,0.750951308380119,11.045966146917086,131,Moderate
16,88.83397199675845,81.71878998535405,96.81221672214876,74.48980161134143,87.27304840603496,58.9141614107994,2048,541.6165205298958,2.350814195181867,3.4310398861185583,109,High
24,80.48440261251126,21.617401611823794,53.08315137013151,76.21033020697718,28.133574080641488,86.8862967317423,2048,679.0706420079465,1.6241515597468137,1.6894761960904021,60,Moderate
12,25.13062878379526,73.6608017369227,19.360926795532666,81.2132271155439,9.521807906940827,51.270037949732725,512,486.4,3.4732818689311196,6.487684062224279,44,Moderate
4,56.103450748863445,57.54258224961931,80.67652000504059,63.61084075981724,25.342796199139684,96.31015082812596,256,243.2,3.495360965341754,12.802962245975161,159,High
16,53.86373271291204,47.74080575360549,72.74272154431591,86.43392013800937,10.40084890589197,99.14585580155932,512,486.4,5.473993902972273,10.27321893170379,42,High
12,66.25823974178758,88.99234818344712,41.92037439492794,98.46151597695332,32.24221661134538,67.70900333990473,256,230.67739963921946,3.7648957112981885,8.90690739594013,34,High
8,95.1568204592135,88.34141541260246,89.8666726572067,56.26569658479298,53.81985783218257,55.35369248576674,2048,574.0690787543311,3.5100303241010664,1.0559145188538723,205,High
8,62.179429758623165,21.784136391891487,97.82487008044365,82.18171699227676,97.36809543982065,82.92881840815724,256,243.2,2.005571026053194,7.532510531481136,190,High
12,58.619554010075674,68.76040979595447,60.206846421717586,95.70811914370941,39.93702543513585,51.49172570737395,256,243.2,6.041120065940403,3.3658508308787325,61,High
4,14.529063964119755,49.42657794567651,60.91551202098631,81.17720575702256,22.003992385462112,74.12431406485933,1024,445.87672818067557,1.091505886950674,7.818510956697818,210,Moderate
8,15.661672841622154,53.25288012003593,36.77621546024,80.86656991865557,16.680174037083507,63.58895875689433,256,243.2,6.88492377236536,15.876554829817549,135,High
24,26.861211219411,86.56325913750207,62.60554323849828,53.4263541451124,17.3039766138676,73.66695269764384,256,243.2,3.594487473034738,14.193082346798933,50,High
32,12.922369452257346,44.787181722214264,49.567808847236186,72.10781201918158,19.25976832614592,50.91377573691785,1024,721.2792234480121,1.7089154973722043,5.6594590615987155,223,Moderate
12,76.90176060130112,95.4439048510096,37.19719242352467,73.75137061627481,76.2267022537447,52.58060915353532,2048,496.6480748026086,2.803132362495139,9.902610894443976,218,High
12,75.09972735945668,34.37070610977126,16.046667687151118,82.00777374735716,6.102771143241991,50.79879144216912,1024,448.9443529130461,0.599906187607127,8.531428501208765,211,Moderate
8,22.245061098847863,73.01779386945422,32.74370737382124,99.80928699377095,99.74027069430342,80.9565935023557,2048,531.2827056432228,1.5823974151785394,2.9507050782202424,232,Moderate
4,85.24710107157529,73.76840536110117,27.806918470989796,42.01862935262572,52.26863911662611,78.00464588376042,2048,300.6967322976837,2.6797088255324018,15.847097737227767,70,High
24,23.930743136150078,40.175612914233454,58.7837786098554,43.91395967604921,54.42718943008257,61.657899926830225,2048,905.4648404400821,4.103699311887918,7.377627349199363,116,High
4,37.1058028297623,45.98004871737616,64.15030195872345,44.677004165855124,35.756387869960484,82.33215644520106,256,243.2,1.3416254901915539,8.58488555607744,195,Moderate
16,32.407920924522855,86.78387940639523,64.77145518754148,84.57874806933741,69.02553594121204,94.21036284474874,1024,803.3818957817934,4.8937614251902515,10.7139896846641,190,High
16,43.5076388715743,80.9444203963962,44.93629009411112,48.18122770664545,47.14563408807977,63.86610505130568,1024,438.82205949494175,5.9877971849296685,3.873167996959269,165,High
32,32.91973893009657,46.32767042518076,47.91067603169464,77.34711246942072,32.906128496454976,91.59969039394937,1024,80.37805876177491,4.220207468080389,4.333399035394045,65,Moderate
8,54.00558337946069,62.71652375479471,85.0814586676576,59.48013267360751,26.51384037080429,83.12545680010908,1024,686.2465447470158,2.429859406963957,3.888376377946561,62,Moderate
8,46.66670932192169,24.934423700247635,52.860953216544615,67.43919737264267,92.56512069332595,51.69102215864916,512,380.66944813169766,1.2890501156581642,6.766983151997926,58,Moderate
8,98.79125417013938,36.69967059189034,98.89959989234102,52.939789589044835,29.09895150524202,68.75749479147173,256,243.2,0.6009779093956622,3.995154346865805,124,Moderate
32,15.03337151154031,58.86564470883193,49.565550700797836,91.96639367827252,43.6393259429842,75.38786079295086,512,486.4,5.256715164488864,14.895939519135839,86,High
16,22.796323874861645,26.877898822336928,68.46228501560552,75.16901944978159,35.03414021164682,86.58495949773607,256,153.87486056985853,4.585115894032705,11.714710695253613,101,High
4,14.754330451774223,87.466588391355,14.532669909405623,96.67379581493515,8.617882742803594,64.35652791267084,1024,605.6985732331291,3.5958421392299305,14.46753353834464,218,High
32,66.32570754841382,77.44049680861183,68.80059319769298,74.47577498225976,18.59343944822671,99.13650524289662,512,486.4,1.1629710894308962,13.727261954652974,119,High
32,14.905834967234762,95.49069365187958,86.62837549735055,47.4344818358168,18.950197532638203,84.22698702525429,2048,572.4562040261178,1.8456636782157803,11.547279273451474,244,High
4,85.27957636385109,75.47735247712217,94.82120546799666,50.25222603030853,69.36495143896548,68.64068385821803,1024,518.9017543937086,5.7986199739631745,4.64119283612739,143,High
8,56.074476761373504,95.23210978097484,99.75885504757935,99.34443858207084,40.65854099658092,54.8512519538556,1024,235.58444425588186,3.6190345421324017,10.229782964296929,212,High
24,57.43068621233803,64.3610044552772,35.396078108430984,83.53391183985207,78.19675630706587,59.0683880135405,2048,243.54777597697253,6.758413587525922,3.7944829095290102,209,High
4,60.543505694097476,68.01748888495754,61.78330583431452,42.95672500174538,70.8950924334157,74.38038800275783,1024,770.328057256129,6.999818957891885,2.987140727654164,144,High
16,25.373233567558966,98.15768437010087,50.564618697893266,82.22686030207988,19.204976639603764,74.73476774791834,256,28.502887707921587,5.704596321376321,10.488628629289094,200,High
12,27.79212728030388,71.37033174914083,60.74357325176539,64.7303828085767,56.29169201201007,88.38593824106768,1024,781.1209620785205,2.178193464396114,10.369383903074649,155,High
12,38.69355905857042,22.462925508859726,24.170766147086198,58.43250320939143,74.29088460488028,86.30883127861262,256,243.2,2.0022472541707907,3.349332130292325,153,Moderate
32,63.41467742396663,77.90422213044187,87.05346153363473,49.24364762383206,63.3042923475723,60.063651925890866,256,243.2,2.148623082754847,6.286415461718972,183,High
12,28.91059983461931,92.43749537099325,91.86120490101288,90.39423727339394,60.00165080879809,79.74783102791325,1024,972.8,6.914103012307592,1.9942176078524363,145,High
24,20.46985544199351,83.64641998354614,50.46954968016303,43.83048273934604,73.9610887400768,51.031090037144416,2048,666.8497194578717,2.679713107443895,11.735996705290786,132,High
8,97.3105197776589,66.70666181003381,35.238687541621914,57.39012774277842,5.678073925630689,69.92736996921667,256,243.2,5.091903833690478,15.812434770963158,31,High
16,11.978363332866062,73.7042810474813,22.67500848877111,58.38297362954226,73.14219473614328,88.20526202858028,512,480.3350494750875,6.733615113773846,12.098592331375514,212,High
24,82.24276648024194,99.21534314013374,71.53883423000241,49.65431703781002,27.265526315342836,69.97542966435833,256,212.17327337499262,5.8273749539960304,13.662282543631619,119,High
16,80.92316346175198,27.252967080747066,38.10086556586617,70.49109299721222,57.18722545093541,91.77981199007121,2048,108.24198075156622,4.384424759349242,8.14514863427079,47,High
16,36.74927024605864,73.37958629065916,91.85847129220498,40.70215760865356,24.230499469650745,98.80776450626408,1024,582.9757593691138,1.5982759103662585,2.433761217501255,248,Moderate
8,22.206395440658206,42.671815565647506,70.39112273603831,58.05853092462455,83.88175722068377,80.36063013496829,2048,807.4401469869347,1.6370985904092517,11.899097837579543,207,High
32,23.106578203488105,71.20723172689361,68.11167926568166,96.01776664198384,48.0559354300756,57.25020381708783,2048,269.1488525519211,3.7007500561944915,4.84780300196222,238,High
12,72.76884555134733,68.6098860707151,60.34619043084167,58.631774160520344,64.29412120249836,68.98386039527054,1024,425.4562821428963,6.68763922318258,6.8244092988629435,74,High
8,67.85259319775562,32.27654656865297,14.119870548585304,61.6275632264051,79.40820434767281,50.47416775341876,512,486.4,6.379209022379256,11.54648874942765,44,High
24,80.44711068262481,36.53973165921913,93.87301921170283,68.3899028940443,89.53152550713644,80.13629619203763,512,486.4,1.580248360453711,14.571767892933735,164,High
32,94.37330551591943,69.73036624345708,66.51437439695141,73.7016024910885,73.2062097069341,91.07842504868991,256,147.2449153854355,2.370178341036466,8.293735734988745,238,High
24,72.27346269399328,30.258395784301932,99.46557850447994,88.52251868924463,14.876857619040573,81.49700394615215,256,243.2,4.327273551113839,15.424083596434924,240,High
32,24.02663828962991,41.21447001042583,58.362076429559835,51.41927338936106,85.45323695857864,89.30431145917248,512,486.4,3.6032981996442714,8.79855292441006,184,High
24,31.90983550888696,86.8196438190402,73.90998027155918,92.30478263155342,61.85779158655061,89.99519636379434,1024,49.14023722314488,1.2758582609473301,2.8376567269471096,69,Moderate
8,85.79743577858031,46.16732048013109,15.058860207959995,85.45296142863336,60.94497583802736,92.55062881087318,2048,659.55447771926,2.9004967154890764,8.77650618738096,46,High
32,28.83754682507877,59.044812501573034,66.85625591410698,83.35902007969332,92.13405598049216,63.33318914987771,1024,643.1306243857721,6.705643389759428,13.909415589069509,189,High
32,16.527008525903327,95.29122681166723,78.81846504313215,45.20827442287811,24.88315556658831,93.5634261410211,2048,389.4218892962383,6.684374460839267,9.070676996864798,173,High
16,73.29520486380254,38.17192710695571,80.06628653673016,41.29844139847508,23.95876184940333,82.70469992317454,2048,473.4830322170469,4.136268226672845,12.216330217936257,220,High
16,46.22737199411279,51.17008138864083,79.31004870072569,75.64076205448504,51.31935546949619,64.48627782972434,512,486.4,4.629198480401979,9.219364177868131,107,High
4,92.80360472913132,68.51662204348365,30.36543645643009,91.78803775138968,75.08630665348652,99.36473574981306,512,173.33224271331133,1.9423908255832243,9.190818405593506,217,High
24,68.52295639842953,80.42711436031777,97.78586298447033,75.06648784843816,44.72407082285091,97.50911968658346,1024,239.25180349613782,5.322692721734104,5.271413519458979,134,High
16,18.137708001249468,92.13227093701641,99.56639085624448,52.79409192673185,63.38913898924022,78.72204916031997,2048,517.2269073254915,0.8412252163767289,4.0189072683362,111,Moderate
4,95.30709105282946,93.23783900588121,16.803628764544115,45.43119387695279,45.252472422271886,92.16041891997818,1024,415.6479687700298,1.934434223065551,5.183781937669807,115,High
16,33.27015372762213,82.13120594980984,94.28017805305815,81.97578716906409,61.03871804869687,63.07472443599359,256,243.2,0.5382439698225543,7.612568363857198,209,High
24,40.34912413656572,38.26646692746483,36.050427487393236,83.30621663906857,82.22623026137111,70.8018498305445,512,486.4,3.0070581818832474,13.143851660600475,109,High
32,46.203437231518784,21.984746403405264,72.03556735758683,50.35190204122652,18.04766960909233,59.19858803719168,512,486.4,6.026697791563596,13.434866609557906,78,High
12,14.610186676388192,50.7019144284499,40.42998286625189,41.69141892979218,69.53785340059841,76.0051321314624,2048,237.71815631784182,6.886292101214803,3.450667241090771,78,High
24,54.686388000754434,31.323908079025866,97.09788910358094,64.49701079339182,78.74257393381832,74.80007150358327,512,309.123166720352,4.840413839973622,9.292823712314627,237,High
8,21.0986641967763,76.83101179506384,19.135347247318194,74.96312212798134,44.711140748178245,60.64066129807832,1024,170.4479944840596,5.34163345527181,7.2404158444514195,183,High
16,46.087329401951656,72.89044694605735,54.79721352607384,82.36014457403147,32.32335770678543,83.64008468580488,2048,928.5124677492871,2.2078722583971104,9.56403588457245,208,High
16,41.563880919287584,23.517731329716387,48.524301274786716,88.59670054917416,1.354432392440208,55.88951477627063,2048,403.88548889621325,3.8821625076772963,10.7143508052554,72,High
32,79.55560750838531,86.92750233047609,39.34211070501864,76.63224563840393,79.71050223340936,53.08457255348556,256,243.2,5.2877563423648715,5.19417989078284,99,High
8,82.2853460469458,39.89946130329458,68.09805917921338,46.6528365159091,32.79386590359881,69.2452484331193,1024,804.614372969685,3.7322928687840644,14.788635729123872,100,High
32,23.80715941501792,54.578166039283374,21.79501690795007,80.95490032854488,35.73094694080502,70.49123888923525,2048,517.843738082189,1.0755515487412985,15.031722325030263,38,Moderate
8,42.98960686413036,73.43469883645939,74.49961763203272,99.05059857369292,33.600616309881225,65.98703032632432,512,128.557927399297,5.31561725556801,2.5803661382391847,201,High
12,43.60178449286485,54.353502948180264,98.25329114243085,94.33507507584423,49.873933081233815,62.897331878912524,512,443.47022234826966,1.9271685471858877,11.545277216743285,221,High
16,23.626939954247653,55.30302422399547,82.4102843021767,92.30013455617076,70.24995732190771,66.93881725047652,2048,634.2188028458454,1.1350348610947627,1.4984809254242262,119,Moderate
16,81.86081545460715,25.25023962685923,87.40150776185908,58.13020920150045,77.18631310005108,58.16877869760515,512,486.4,3.607376667364983,1.6984569686092656,31,High
12,73.65054955018809,52.1154839408003,42.36730688611023,85.04729058724004,39.25707204031583,70.17262345664386,2048,648.898334255065,0.9849590056974853,15.366998711245328,193,High
4,27.134360766733124,81.18783145759868,39.23979458330968,91.06620675790873,66.3102035045169,95.23016867587219,2048,127.98891204003965,4.59138383538075,11.422797023054732,32,High
32,43.004971773441916,93.21410697492782,56.53435192211199,80.69957227787579,72.06842502713152,61.221344060441915,2048,311.30107991020014,4.663076127036094,5.868124447720748,211,High
12,19.522452237086277,53.07977096506974,14.115395328604542,55.03370539407883,29.691733167738153,84.22255521751751,512,486.4,2.1685628253645604,11.04816501618836,178,Moderate
32,66.53859373837395,53.88686615032631,95.08223210108794,97.2300383124975,9.662146953709328,57.08922551989197,512,486.4,6.769473741749358,13.687525759805222,224,High
24,20.92347320937577,76.21016850589217,22.9406655714573,67.04916468752054,89.46657206444625,67.69533120051153,1024,56.71455091163714,5.858935313852185,14.063552146169558,38,High
16,98.7340751762426,95.42176008842213,91.27117352512832,47.788333519952765,67.7115971781593,66.05873902726282,256,51.80681698927738,1.2123152263482289,1.3077966853624803,41,High
32,80.26138672190761,41.364875219148814,17.522399980032013,46.58667370344352,64.81104088762915,96.85146972041639,512,486.4,5.365328827704118,13.273420111153966,229,High
8,45.12146946255955,55.21153652303495,84.03624349107041,78.85113923794275,5.890251521197798,71.39910279009044,2048,552.5656926216482,2.794985469463924,13.79804072589899,194,High
32,62.0707539051419,83.6778594841841,23.676627329039363,66.26257878500435,81.78730575039265,84.5232971890692,512,163.78566001253688,5.376875390718233,9.933553073477892,242,High
24,92.02076345947678,68.77548554992308,13.431845268232543,45.669032510737814,56.60541560860531,80.12314044856646,512,486.4,5.705166150291958,8.198557653250337,194,High
16,59.86893523562435,28.846907517116378,74.75405052334678,84.42187432936568,84.78844173175662,57.05150376423807,2048,974.7424700658423,1.4839573643930004,2.6649837579643982,133,Moderate
12,25.704863775815966,70.21861884498125,35.22387701569855,87.95951003551718,97.45611837367615,96.97702255153092,1024,634.5912181926587,4.801972901446367,4.594207595033487,224,High
24,44.083302002304336,34.93970276778615,74.30465375059146,83.52493784718709,95.7100320880242,67.29346459278815,2048,454.6497444892214,6.107744743180506,8.35727679498136,85,High
16,85.88303785267709,60.81727472627233,59.95767254255378,52.13565266104077,85.60893463902075,52.23791778918249,1024,829.2571630601796,2.601928556329377,13.976195667602653,134,High
32,67.97917143906561,62.328261412835076,19.7926651207059,81.38652735976416,1.09473738313689,65.02218534220938,512,220.69426079563004,1.0221339771762685,13.047015351989845,242,High
4,68.56519459004203,90.09626897799879,93.89170659710473,40.643368173663106,88.57272082369565,66.7816862941163,2048,420.1831665186441,0.6772386196047919,8.438943713781047,92,High
4,88.01393371196403,56.99954192099505,50.708275728712984,58.306728380704556,7.50623138276455,54.63726636893636,512,486.4,1.2150062425787358,12.784405342457186,183,High
8,90.45757517162542,42.35539377887154,76.10025500188192,63.929291884452624,85.11939701767672,80.99887031899715,2048,509.4944931302479,0.5273384883395903,12.486000625246778,245,High
16,92.78133146014926,38.477307857282526,55.09185148140626,90.1148169331301,28.017406861162364,67.33821027707727,512,486.4,2.6251486255533836,9.68523027049911,75,High
4,18.53642739278405,89.94015013474689,64.39253274650844,63.42366238416426,61.00683385333676,81.45673031654854,512,299.74142617420904,2.4456358217559124,4.304881801479501,210,High
12,58.97134017667908,33.68086835345827,37.249623312102315,40.676166771363896,3.806823114987967,50.337028179453355,512,65.93868352232343,1.2172182399682179,6.220056531397742,89,Moderate
16,76.64585690964867,54.0694848706515,28.032427360310525,61.14078470968056,77.11816961182281,99.10241994953762,2048,917.2134324686045,4.732266207668186,3.4609682528862726,61,High
12,78.12341606143124,34.97384919415576,58.831318306726104,69.93544590155723,11.17061222329715,58.52581792723408,1024,224.8969805669592,6.947391325957464,1.107257596341389,120,High
12,64.60445817730034,81.86432320915003,49.61970756739018,96.94028720036641,41.06881716757719,82.96654933524681,512,385.23769423694034,6.356021696489825,2.207881470121548,219,High
4,25.010860166530676,57.94981119796952,45.110189209053985,96.4620582273727,81.74460023253015,85.78921516397577,2048,535.5827082728964,2.143528897900857,12.39438451589687,204,High
16,81.76784985474978,48.091495244544966,70.53104755851606,50.852442293284696,69.53489965083351,58.58041748737381,2048,976.1216658427313,5.504880614315056,1.5022922615124659,90,High
32,74.81002001634512,48.887971250117346,72.14559688100223,51.108792504367095,0.6042696858066909,55.585614105120925,512,486.4,6.589611211352624,6.997789582211875,123,High
24,17.752219439413267,88.17713653783835,14.132805048213672,49.80288738787303,40.30323345425488,57.62885959224043,512,453.26587348299427,6.391367540796065,15.786704975079292,161,High
4,51.74288422069387,64.30191634355505,40.4870044819305,87.3353159448462,4.192751696450802,62.340912792247224,1024,587.8020947224702,6.249571888523374,12.928588267153302,159,High
4,25.65796595696232,77.42942809050109,47.05880952037396,40.36132242210438,67.34998608184691,58.41160589964544,512,486.4,5.611928329154357,12.259264075587462,180,High
32,40.37293411416747,91.76308130005476,18.72029450477513,47.63063189151264,96.89484917533214,83.69997134780408,1024,819.7651527688761,2.4044445947218085,5.120631519597303,84,Moderate
16,11.62729829851169,92.13933408325136,31.23107800284595,72.27757789864594,65.52612623007592,71.04166018630336,256,177.27845494880287,1.0431599303701495,10.625953234162875,70,Moderate
16,46.02968815696824,46.28072434702905,14.647761750048097,54.853724013205934,22.437243111755578,76.88957972576816,2048,805.2274147551669,3.670825793498709,8.480677715265744,225,High
12,59.48892290405894,96.19610105171083,99.66178887553185,45.541387494355725,35.52330320665401,52.366839440457916,1024,842.6880692058495,0.8561423733161897,10.357366019775247,194,High
32,65.76243335443782,21.990070561168437,76.290148267286,61.59268074003006,97.66505556584677,93.06244815503617,512,486.4,6.990078949477687,7.537241784902456,168,High
32,69.71413106158391,50.146844881293255,17.87051408524783,56.45245630361468,22.405241203235004,58.52857766030961,1024,660.6611245755917,2.8290129399208,8.964445604547096,193,High
16,85.2662181792214,91.66390860070733,11.82244418110829,70.66625839085707,56.152907305444266,68.00761657275442,512,446.46823083932617,6.729209469527812,15.825943735265223,44,High
12,29.391661654815703,41.970950385358634,74.73590201370521,98.75401562981175,40.045380868174476,53.59508199138835,1024,645.2784332482591,5.525286447355952,5.9396928251194705,130,High
4,20.843364019462115,41.84651602570547,49.52729491144002,47.45827820889511,76.83152979282217,56.839656732416486,2048,740.1992224307352,3.173391198990199,4.2467916022649455,96,Moderate
8,86.6383454708133,44.2097828065511,80.81170381581184,62.36360229004566,86.73892719798872,83.28997049878308,1024,131.59204559355604,1.2690241826542574,7.7274166424608435,141,High
24,24.09515334033849,68.98507078775378,93.11284340365454,95.91910107234848,34.08372743502967,84.62935011278444,256,243.2,2.041755087240654,8.864807659135794,187,High
4,97.72840732025757,55.06662204914831,63.937035011473526,92.61238260962935,66.03963636993826,83.8482742312676,2048,202.1410601766311,4.874789744971117,2.284432543655888,86,High
16,85.82844064587732,78.1387869082674,26.839758062552775,63.65626208705684,54.90476975177273,77.6068393923011,1024,842.7997185369542,5.894578821961909,13.089580332678551,219,High
24,55.07889453006392,91.59285140517326,80.39746324418073,81.93719587118419,27.844449005543336,97.62608320059533,256,243.2,6.866363196903565,7.33079181542339,244,High
8,98.32792824298227,73.93594999542884,96.0230568856937,45.271420814880734,27.19408028130017,75.35885803842882,256,243.2,1.3590541960890792,7.197802507465489,62,High
8,18.76390561972038,36.35733761580604,62.22081583539604,82.75246333261691,53.8631647532304,72.47060146482232,1024,827.7951929835834,1.5136577450020843,10.882597670248948,94,Moderate
12,37.27591850575915,94.61455218884018,71.37977025526601,98.37146376908449,15.40028735322998,62.37727828585717,2048,719.6135265925856,0.7758565984859513,12.598665000229486,30,High
24,67.44019735365504,41.15942986779828,40.37272255330058,72.2492891700515,81.08098964824715,54.94247646333063,1024,914.4571507298439,2.1923694157642264,15.789104046672053,160,High
12,41.500618162586086,31.99154362625265,44.33749251942801,69.90941362206485,6.900483920040202,77.40774649830894,2048,86.0389261369366,5.83693835227352,3.6027954774288276,38,High
4,93.55352967827126,27.197382308876872,76.11890480677575,51.23911718211462,9.457448620831633,65.7445093346414,2048,514.0658077258229,1.7886695687508998,6.183335251803641,61,Moderate
32,15.90634793600358,65.07069925329324,93.49939885661372,78.02729193443751,34.222630892726755,76.20126915952576,1024,709.6804245404926,4.0611208743179485,3.5238590310477087,106,High
32,59.44706488548681,29.100996998452146,66.60895485019171,75.4262368467349,11.809175819713335,60.305953913023984,256,215.4182549367973,3.4016467870391294,14.212825423408882,74,High
32,63.1779640655603,31.10207072901046,81.08631176368127,79.11598356854503,47.57000212554925,91.90863361039557,2048,333.8549696516504,2.617870575210884,9.227398579932746,124,High
24,68.74553113995017,44.00243844763973,25.44715156738357,41.56499720108331,39.96758904418704,99.98486048295345,512,424.78648880662837,4.519251687454016,13.786601435579255,214,High
32,33.0099600998633,42.532240774757106,29.076318123217618,72.92340930094441,72.1809795885717,66.12017550603247,512,486.4,3.7651176306462713,15.77837936571024,50,High
4,42.8109784767878,68.33916082657139,57.883121815005104,75.69609060984237,95.30041552097204,92.11638036301649,256,243.2,2.6759606276497836,9.253100212517138,52,High
12,85.93124766984799,85.33962235781452,25.88987730185565,52.451808124768135,75.35585847391259,93.64930681962036,256,243.2,4.977530753280032,2.772277287860754,234,High
24,27.544849207314385,80.9079724962314,67.14955631988312,52.49997144931216,17.944866288060435,99.80368943785399,1024,436.5787423666238,2.319793241750509,6.419015813450153,183,Moderate
12,84.41810624560259,40.99875637731814,36.24878668552291,56.57309011065699,93.5521285464403,67.13600648889897,2048,236.30319840335224,4.680691708664126,1.5428394590299574,246,High
24,60.63898806124681,39.624839838878394,81.23793568002027,82.70329550363425,39.21334325530672,87.80206968570528,1024,923.840820256637,6.722098144220081,13.739514204043715,146,High
12,78.59687600746739,97.26332240855741,82.72993119529092,76.3759638119423,47.41893609269129,61.44045018209927,512,324.6231094501087,5.2381878646798565,1.2683041241035045,229,High
8,74.22466296371243,20.65889932735681,51.740871017981775,90.74575876706828,42.15762373706355,81.23980006460717,512,486.4,3.219597137636132,9.882774851949119,133,High
12,28.676034584639112,90.37764264481726,26.272957153387175,57.73951431058589,28.054702328771896,85.24212847364188,2048,157.29193816708343,5.359135587816413,2.591999288610367,59,High
32,61.193146279048555,35.9782815297924,68.20974649737393,94.7240835932991,89.5044287797484,87.05603462675482,2048,439.90095817805667,5.760071809200976,1.1133676209124341,144,High
8,88.09508375245831,95.78274584718143,99.35083164372277,84.62236971900151,33.22388658966161,60.35860842922308,512,486.4,2.61796303548684,4.842256633921071,98,High
12,48.89046131217364,47.38458278620158,66.03318081482709,63.700700200821814,57.85964696795464,92.43627852480974,1024,972.8,5.083359401778877,9.277782895563433,181,High
24,96.9931693200985,55.228141911460185,13.219722164260705,45.71572393752736,24.003358437433022,71.04859301962709,2048,368.1343381661324,3.3235752744771956,2.1263186830683205,103,Moderate
24,50.69935900915463,76.56964911555048,11.556457819037432,55.419019749248946,79.73753747701804,60.818475886727754,1024,162.45064085119216,5.820396131582147,10.22331824470292,240,High
24,22.850707300109622,67.01352411786083,38.83257734430756,97.40609303289102,77.41986595291866,77.12655441859508,2048,321.30701146309116,2.419954368639845,11.079883317061084,93,High
16,45.04912120699059,45.43514637654582,27.62054261743644,58.62180255304476,29.631213844704398,93.1678564803471,256,243.2,6.595437855158812,15.54547150170178,192,High
4,95.65321657514835,64.30647326942588,83.17460864289774,59.79405760894387,68.15540731434537,98.35439548890568,1024,648.0637063394945,4.236115092215828,14.49305620582184,179,High
24,38.77487644058688,78.4565507490309,86.03251003324004,51.37533586586302,70.38735330949497,87.41039108639372,512,486.4,2.796471540582149,9.501866538682528,68,High
8,88.12883438803566,23.38679567219937,33.27568941794286,88.41103606832593,56.251141610476616,50.28114431356812,256,243.2,3.2259132466268436,12.900472130649904,84,High
24,89.31256135137008,20.89594442045633,39.308029925490345,56.538653814536644,60.05983822716702,56.735038023297804,1024,704.2902516525063,2.7606909865412113,6.454616224704879,36,Moderate
16,41.516787189876496,56.6453551258313,31.26222709436032,59.815494902131334,57.44546382907958,53.81369932194329,2048,258.7956366859938,1.4506011830715093,9.785683240953349,219,High
32,17.493189224556893,30.546929424281135,91.75442926341375,64.8608865058976,8.186440399484562,55.06068714969424,512,486.4,0.9452005797685499,7.0503125490475345,68,Moderate
8,75.21021182429364,73.14754331717715,55.2384401160054,66.02369678647658,67.0265344713785,69.15174780098876,2048,848.9872482456678,2.5915615183986964,6.055626425680863,177,High
16,38.03610691125874,37.124196498194735,69.0523339673818,64.6804474249013,46.97750098386913,66.9246657414314,1024,602.4062878564617,3.4814878670082345,11.914592288124153,133,High
32,80.46312528318151,54.628088543653675,47.3933878029643,70.22462172248372,43.845728054141354,55.68424906341551,256,243.2,2.8518101063341237,5.450058164301188,213,High
8,49.83893634343898,35.813674949941515,66.7912774154078,88.8707727769842,85.99992187818007,94.11176758071245,1024,785.1186415072048,0.5904767738375294,6.708284050076157,125,Moderate
12,53.67400681083594,63.87868685992996,44.72698390495625,89.15710244452131,2.322671346111771,80.77137881661801,512,486.4,4.26354059869111,6.507573566211692,223,High
4,80.01184660736831,29.284276750765514,40.57105939563029,87.89878802580081,25.131491795875515,89.82316544782245,256,243.2,1.4413071192911147,14.056051407793465,172,High
4,44.41269979554651,21.84854822299842,67.10320658561322,46.06749034698925,12.140349984274634,68.57746944277154,512,486.4,1.871534310650504,3.5560670492650166,231,Moderate
16,49.881461079062305,24.090531048535773,63.19558702440903,87.98072819648885,3.534104460972576,70.51180081437839,2048,525.9792160639668,1.284865472827803,6.722136879484697,178,Moderate
32,43.85714218926599,96.3406753212248,36.41751587511547,47.215106409194604,27.567699767594757,65.8810605268364,256,243.2,3.8828127451853596,14.318046875932334,236,High
4,43.0606463749552,31.382897488874868,23.441360528752607,47.48342620313548,98.84762727946776,71.92133060492455,1024,884.0346972885009,1.1185354006911306,1.2295663881787506,63,Normal
32,57.33519192113135,76.67826025094682,43.17190244543239,96.87176629809764,27.02291732075738,80.51886311775269,2048,131.4998991640934,2.166322119695433,15.218004929921703,64,High
32,82.79195000510356,25.434096337826098,47.36778752277183,89.16387068233249,66.37058197957714,74.64920039201208,2048,478.7676870752818,3.4361066645299543,14.483506296932253,144,High
16,42.559148073030926,28.652828178814573,66.58159000821443,73.14462801208052,11.829889004072147,91.89585030942251,1024,542.0391985562716,1.5901077536171628,7.267722196136727,34,Moderate
16,57.182924848396304,60.71010011274677,92.30758872731774,92.49821226867172,60.184763004722996,95.00695843049121,2048,559.201615702079,3.400568851061915,10.795379206991942,85,High
16,70.36545928983408,57.18967441234749,13.256631777963262,99.36187855311178,98.44814831383133,73.48419266837996,512,486.4,2.7277783171630476,15.865999909330066,112,High
4,34.24955016732895,96.12642475518956,31.929491128766042,76.63852399790665,29.183752346046532,61.98739901743247,1024,510.7376680112775,6.0938816529024376,9.324225655926652,36,High
16,34.977052441215335,95.58683624165899,27.434434805160432,76.77390621889109,84.80756163755828,97.25962097296545,2048,264.2499661635278,5.666870882083881,2.4534803716841256,82,High
4,94.00718143211093,82.36869140339721,55.206496782440524,85.26562174959568,99.75713803665354,86.75193215254613,256,243.2,6.9535547925259555,13.804615202956173,201,High
16,75.11811159979797,68.16814641018797,48.67307263388439,53.92833714191997,58.8554088720744,82.00635430269399,1024,660.950074557173,3.9379262642754087,3.0122742183581224,215,High
24,61.9468008600978,56.396825391440885,75.61338614381695,50.02749169112796,30.940110042803536,87.2706866811988,1024,859.605935573203,4.240081108124075,4.859074834089444,135,High
32,68.29480489785507,48.49428274627368,31.817432129037744,85.57484500090436,67.35312598991563,53.799089119846144,2048,283.28305607057297,6.653198012752263,14.102730295888549,71,High
16,12.636949879307654,95.76700375804444,63.50485291747827,60.69428769964614,84.48482062686188,53.38131638188363,1024,640.6863259537935,3.09734939546887,4.840438177561545,47,Moderate
8,65.62926690055272,68.23270491397484,89.54715372399633,48.104221378356044,17.13502429619783,57.65603262904937,1024,717.0320076256311,4.11193744930325,12.176288959791234,35,High
32,55.855798590178175,66.32580221487956,91.96099659264742,58.892663555064985,45.25157638414533,57.37254837202662,1024,389.57110876416004,2.964055722215579,7.715105181382944,161,High
32,59.11747118014921,38.552089741513186,96.2906144252528,61.518212072474526,31.918771012384095,71.03352374247022,1024,814.1216770248323,4.048094588337603,12.396234184484769,226,High
16,42.348144414773536,23.735825430809044,79.59350368719898,97.91365957034144,28.335899696237988,57.870204114268205,1024,12.483687093873757,1.0249818113640066,4.485283675587814,171,High
12,17.33265079416477,95.61508638076356,91.53891156330235,81.87758266527538,86.08212607401727,92.72628221332982,1024,598.9705527120794,5.594661606734254,7.2934828743835265,198,High
16,27.400531025084696,45.098820707572315,31.107778478674682,71.85137904398404,42.16540068218385,78.90484654640129,512,486.4,6.904319658288785,5.772420078873551,204,High
32,95.56702418914045,55.4071218659567,27.78228499154293,98.1323883209563,33.90763418039128,68.41309481751257,2048,538.504662108249,0.9273126158571006,4.735660629730521,126,High
8,46.78296060438406,29.171195486856547,10.58392754024738,94.18838442845083,60.35105414260137,53.48112691126335,512,486.4,5.706758246504584,5.71644798609514,82,High
32,52.001484024777774,86.95394639274336,73.61599216861885,70.72005139684958,21.940157963738127,79.55138979795626,2048,175.55458845303752,2.071276203217719,5.844882983477078,50,High
8,14.743881086809509,22.21054662847445,94.37204690323699,94.34077812261884,22.989349056807896,55.826641029606314,1024,687.933666984352,1.7840558463003784,15.33067290484491,170,High
4,13.380960658958253,86.71926096792772,26.824181053750877,64.2582794837594,52.028873087150465,87.16101252013031,2048,342.4310732082986,5.006907588777467,8.998454989211544,223,High
24,74.54633023420818,31.22280102303734,67.32492178841909,53.82523992139748,40.927272864618416,90.13790483719107,512,457.5332051501586,0.7868596156177812,7.9307828249129875,172,Moderate
32,58.42851977090002,90.92512901049217,77.18137832995998,53.96069060932511,29.498238392232444,77.19881289799206,2048,339.778270356306,3.5110557571403422,8.549778548552784,237,High
16,55.783538579464,78.38181098689259,93.48528116332508,79.7389314665276,5.39511322741022,57.48014295704287,1024,479.19684146449055,0.5093890284495886,15.941964641101281,128,High
4,31.88120773804018,33.173621000584404,68.21742016154994,70.06421924243662,52.077423863852154,89.34313618702328,1024,625.3535342466303,4.10356118620208,10.803836573368804,202,High
24,77.027565846693,65.26543942875745,97.32643594738771,79.53705082032681,81.66092056010751,65.3913894629667,1024,839.9600361865955,3.5035308402555514,11.552299621956818,113,High
16,25.14129211976427,45.01250514841756,41.0205826911293,81.1645578557302,85.13772052860578,61.13265713767299,512,486.4,6.450636943424371,5.7043274431048685,222,High
12,27.094126929491804,34.258647912926676,41.49356803942669,41.33937237386306,23.54399797260802,73.52783205092126,256,243.2,5.1817673680987,8.073065649518043,203,High
16,51.464095421344794,88.73457595288868,58.8711259012911,43.24237554087414,59.96412039474883,96.13231206914588,1024,493.0624601361305,1.319040117213118,3.7609808424870197,160,Moderate
8,35.76518759007468,52.28182132057835,44.51516930043164,71.960663595475,85.58813094629404,64.86866460372619,1024,691.9156274298103,2.8045097383876576,11.277841835359991,174,High
8,32.27166831098317,51.8834971492306,10.128315545877935,51.46212866560461,40.87259282762648,95.27892504863101,2048,353.23370955853767,6.555268502912277,6.167417886298299,174,High
12,68.07138800979985,33.5909339845296,75.85948225782886,77.95202612826638,93.21368173075285,52.68266543699139,256,243.2,5.214671957281583,12.224325486428029,241,High
4,68.587457069669,50.645254086862295,77.6545337330635,73.13114435023888,90.29785291295529,54.17618525089734,2048,567.211418838649,4.362788247410879,4.197419652024072,49,High
24,84.20653628199364,89.72934770630802,77.22771442180934,75.14562150225348,20.81338974188094,84.92805125676236,512,301.06917118907654,4.133965340114861,7.0525454230225595,33,High
16,47.593771027567826,49.05029683917087,41.05185999494199,58.14732278986064,25.896483290020377,59.52963307240878,256,216.99381294899734,3.087640031625203,8.067765099421132,104,High
8,16.57765819235352,96.12828499998304,57.006052598005475,78.3906103766738,18.044199864596887,65.83103415983126,1024,148.98836102462934,4.303809507348355,3.4978803065530144,44,High
4,34.62997464293119,95.704711936671,42.39761663590025,89.76955818910139,19.605435145470228,56.81864904902895,256,243.2,5.515818696639338,2.043866416618738,86,High
12,98.20049168771352,31.591892744587682,11.44327600275812,99.88427521553423,90.78620871734981,66.61241345662742,1024,57.859477373676484,1.3289948963163887,5.756015459777083,202,High
32,63.66327177094319,34.18490028181159,60.620404714427686,90.30666317033285,93.1137909192623,64.02299969462317,512,486.4,6.80389915771281,9.173382152892716,56,High
8,73.87633763209183,89.01392562655113,21.138459947560996,73.44992558079684,5.1897241185130945,86.81688194944918,2048,184.15027233754924,2.055871649078334,10.790184228516098,245,High
12,10.662204666287309,51.42087351397754,17.203719168229654,51.60577550079739,59.36033556722048,85.10116940945218,512,383.6208444067424,3.4103274293429373,7.379070148429454,49,Moderate
16,56.63851589642688,20.349918582640747,77.99491618271085,80.88675256718926,56.42315628575716,97.74635882141827,512,276.5305872443888,0.6476515602105829,8.504164196575683,137,Moderate
24,13.37757917786228,41.90974557642968,10.855558217629506,96.25922713347869,39.054764672445984,86.22108425865204,1024,634.0860666783319,4.077248499230155,9.14789461614492,108,High
8,61.230719088230316,67.81031945564479,96.31075992478536,52.711992383938146,63.1697592823107,84.74088765106924,2048,851.8422048521976,2.9821345072005547,8.678662315728653,163,High
8,92.86937646724678,83.94127727679745,56.37298277013192,55.35973723159462,94.73678255108501,84.71019445313259,512,486.4,2.123413169774489,2.3549283328543824,47,High
16,97.15772174503671,30.671089367460766,98.47147876355336,48.940512604699066,17.025488272214616,94.14837278240881,256,243.2,6.905907649585313,7.07501549071941,115,High
32,58.649740785003175,28.84330915333883,15.219781522543759,84.2032986175841,12.041090971645563,64.8118366437775,512,486.4,3.282917427369784,4.064971349907362,78,Moderate
4,51.23843247269944,93.76741228578653,62.51765939793219,64.39369020541956,3.3390570828975674,65.00460545969021,1024,39.69073138259783,3.192926363360331,9.006039614346314,242,High
24,95.05153848236446,80.0918694258066,41.439433237832006,43.76173833318305,36.38333078401435,87.06069048524684,256,131.61621435249856,3.510171219126345,12.371143784218859,181,High
8,70.62488487970256,67.18236806224627,85.91342435328572,92.49699948941681,33.762847707786605,61.435256857506374,256,103.9779636113338,1.2549995639300486,9.69229448958315,238,High
24,15.840935158456851,81.53494319967425,42.51004617108576,73.460314282154,43.08196881586439,95.6010002073985,2048,107.21519409129617,3.0551247137971433,4.327327772002787,40,Moderate
8,51.91530199007478,54.30834890453107,33.443882115161415,59.865657520021344,50.331003088094896,76.7390862543443,256,243.2,2.686627684186149,4.1163532839627734,175,Moderate
24,31.622051661787353,80.67645978473013,87.1797814389922,60.638978563665816,75.78239940304546,65.00624640464159,256,243.2,3.5233089819566032,1.5549719562356714,64,Moderate
12,52.28238893038134,49.744239301962864,43.71877824879349,57.415073211454406,39.211339045751835,88.80499648449913,1024,123.53476287017963,6.068037584468334,7.395713232296359,84,High
8,50.99190148057256,39.52756579940819,11.514998787450532,67.3288103435585,33.061310936123355,65.61603149376481,2048,935.7650787774954,1.7531050646341944,7.492923042436468,124,Moderate
24,62.39303225332678,78.32107370343749,45.126019075540036,60.2225013092887,82.6878820259627,98.16391585359358,512,486.4,4.450305617177547,4.546545180040352,57,High
4,42.109344131432614,53.57378337258147,68.90700421098478,72.87677824423656,84.97966706536563,99.14946048624924,256,243.2,0.744641083387533,12.463877015233905,117,High
12,24.784340451033525,98.51016834609558,32.89235849257437,86.41103513627766,23.276596429335317,83.3398120983098,512,52.075044637605686,2.5591512636501363,6.797300449051676,193,High
12,55.334749113096066,47.95881458464808,48.87888331826416,80.46767700666241,31.467182271130834,55.681694487511464,512,486.4,3.5722745241025007,11.041020971130985,138,High
4,84.71825959111858,93.73819364248527,15.104362445400296,57.66741356524703,82.51163709100882,63.16044249666463,512,486.4,0.9828144801841168,10.60105498335668,53,High
24,69.7611005260842,94.63700388536635,62.92835123625615,71.72446069238676,7.940824429776483,75.77084811080277,2048,903.0848059564358,4.035791575052755,10.071106845930622,190,High
16,40.45310793326942,39.348235765179695,78.06654314743544,90.40756959473505,32.584678039073786,92.57237250489908,512,486.4,2.5171165369685204,14.620992407259601,145,High
4,94.19707204829714,83.85769452704108,47.19813052609992,44.09237408456353,44.83501070408612,59.24432484710143,1024,790.0101800679166,6.953265088350033,1.2383517368307868,194,High
24,92.0986814124264,54.64596041156521,47.820936952131404,44.697836019214286,18.707161520057102,55.220172950696615,2048,60.77401054922589,4.601301764206864,2.020559662651655,170,High
4,28.84135594456889,93.40197817842784,17.94542487264248,73.3702040829852,17.99141966106982,53.72387415945178,2048,85.11901158914894,2.0871387741021628,11.83210975524981,45,High
4,13.547582660832667,56.0099418108191,28.17467780607843,78.34690770338818,42.486205801352874,75.34837811800234,2048,127.34691854009237,1.167376095408981,6.302888784687156,141,Moderate
8,76.7177837515686,79.54429738698929,23.92077728151214,52.68478094655425,75.45217247348558,94.2350484797353,2048,915.6409746652259,0.7646785659150066,15.797835929838135,200,High
24,84.4849235214238,57.35739273310383,53.351899179538414,84.71320760149109,84.02329795476274,52.11796213219462,256,70.55765589456438,1.0900262184388754,4.246190837988433,102,High
16,97.10781093562197,38.22406045702849,57.63299868556751,78.77580262244365,97.92350925361734,60.61607669967673,256,109.14803143211982,4.920386925688067,3.7512855713763065,79,High
8,90.08527546794797,35.948010315574905,95.40461181558341,95.39735609417718,7.3984050091719045,84.66285079197509,512,486.4,6.05744979396321,9.823327368911768,140,High
4,64.04812913857734,54.03449554050765,16.590835384951053,50.137252111512204,21.66822011459927,91.29317175718577,256,116.31865601395539,1.5187652456220062,5.191379183330066,42,Moderate
32,57.70471052911427,80.4395725611372,63.98811758395424,85.08245592148063,75.66298423841977,90.36997646495848,2048,871.0587357381202,3.113873948092904,6.107394776035319,100,High
4,12.505694613632766,68.40571881446135,57.38486745954172,45.01858543499602,54.05987060556618,89.25340286601656,512,486.4,2.802529730773295,14.815364859742651,192,High
4,32.199080216030005,75.09034319204346,56.460978814224625,73.91754457107385,32.76797739624182,56.489990040666996,1024,49.87916864683271,4.689367592722473,1.3936400297158977,247,High
24,51.36532765596338,42.586108058555396,88.58433586445437,73.11370836994874,20.558966124724353,69.86187910914592,256,31.6289229207337,1.6874062312038518,8.968891298758233,230,High
24,66.5653510075211,58.51482767660844,28.498462362593784,63.303102678804436,28.047755164244805,99.23723314158732,2048,539.0444996784572,6.696575517908824,6.023491420293025,64,High
8,60.15266499865696,23.55162119754616,13.669594690723432,90.67426886011404,42.92889503009519,99.4443785794044,512,486.4,5.235616482289267,6.1898796392993365,53,High
16,76.83723907135214,85.40259327664965,70.50443568707732,40.26223868716073,17.715121950603276,80.12136959770939,256,243.2,6.7079672127501935,4.717132148324742,242,High
8,35.17902377983368,99.19137297918996,41.06417177223821,71.21076411391124,96.42259558767506,85.46336023605672,2048,316.9251790375718,2.302900092196882,3.0227513016724834,210,High
12,60.845734688722594,52.55032500997367,11.583092459127213,53.02921299011125,10.758844459987438,97.56418981426546,512,392.4461417742494,4.320151646080612,1.5172249258758859,243,High
4,17.932801905171292,20.877092250523468,32.62366065613725,84.60991714698596,98.55774344892191,72.49639306206052,256,243.2,5.259741591217181,15.81543259359931,68,High
32,47.22989712248862,33.58341116407579,37.83940967951307,42.58404557836583,84.18932860006726,56.84334289418966,1024,736.8370277459646,5.12121544799027,10.905490376701314,176,High
4,77.51447496591409,72.2021502200335,65.51545391058178,89.89328129089466,42.31516175137391,83.44744377580392,256,243.2,0.6387496462843629,12.658079599905436,201,High
4,72.40607680861396,68.96634545630874,25.532721464434488,90.28553360241709,73.98163343882102,98.00511524502618,2048,156.3190907615081,6.988879562684253,1.975034489499094,155,High
8,99.15784634549611,83.02917756684352,47.17489131580582,89.97196074421018,67.15152436963861,84.86030469331472,2048,749.6363344977149,6.532389822997103,1.2225612025716561,203,High
32,35.01020133889804,40.310720876885455,53.42278999760493,49.15411160396019,21.328691794893096,90.16605635118688,1024,463.4354620626536,1.2783885282719698,10.004330309791666,202,Moderate
32,54.837036925658126,81.09055324377073,51.331365222768184,77.8243911136627,33.90700861189464,71.13744019853075,1024,86.01093644960231,4.033184032918608,11.857470838502776,189,High
32,39.65773723965971,75.03872172189358,97.65466900001036,40.86204155100338,51.31225628054579,54.82315770724255,512,486.4,2.5446169595762047,6.922993993380476,34,Moderate
8,49.654280265325724,45.82515981710746,14.09538140112665,90.877755477352,63.78441798877269,58.444104327586665,512,486.4,6.212811103507862,6.816326630258914,105,High
4,87.12551168824493,63.63905184455696,95.58713678071594,83.37851161051722,54.28949813566215,99.13274147177385,2048,494.4756320160964,5.033877598823002,6.7671928199133635,133,High
8,71.5788167669638,31.781904679866138,62.374349259462996,71.86922385395516,47.298746100647385,74.65921584971437,256,243.2,1.9528615187605547,3.291337719415314,163,Moderate
24,89.41970722128235,56.20516027484661,81.61549434728545,83.83548598579702,44.315227345490015,50.601029508862496,1024,510.3140059921626,0.7200974448873901,12.308702668011032,111,High
24,28.315999749869782,90.49578716445127,48.73533562144679,45.65944579910634,49.82644992950179,97.7683640365587,512,486.4,2.396321716996032,4.227890985105829,36,Moderate
8,88.60250060572942,53.69531038603127,50.845409313128236,71.71934993061137,43.435151984597034,74.88899559855265,2048,868.8136599116684,0.7478922732509474,5.8661574396443665,240,High
32,15.378604676054598,87.16533651803375,89.13938491142413,57.47658950898673,54.133007754571594,91.81341991459189,2048,617.3792244300141,1.418519634489355,11.068896063483754,44,Moderate
4,89.97393523934372,67.22026922077555,90.6341046662712,98.35716779337838,88.79852990466668,77.42290710184467,2048,663.0044928757321,4.634897270489124,1.0015706619721534,102,High
8,39.61664015146551,35.35013704818854,31.481999328816787,91.4270770374341,63.28293130546116,55.08511418373806,1024,617.7175087264679,5.343052942767161,12.49385778939969,49,High
8,38.312887007265985,66.48849957583171,27.931769072615637,83.99654175003862,72.26208749885402,80.77847910659733,1024,535.8679798569636,3.542109850037436,14.486421224001369,88,High
8,56.08797190287975,60.478666332565076,54.6611656482956,96.02485811498391,59.74831337307766,99.87001381598046,1024,180.25268686571684,4.401871159511836,1.774260628949019,241,High
12,94.66211689509086,51.89130681571072,91.02493244149225,60.81059827392842,64.30176824140023,51.73688913229715,256,243.2,1.5132527357290615,9.87435709690427,33,High
24,14.300322821326484,29.570435161285626,39.01195840655586,94.05279393929086,57.834982844818015,92.08970987575219,1024,696.177877684541,2.5591686084625964,7.126884547215106,231,Moderate
32,41.70078775636708,53.33669310777839,68.68131538052182,59.514293926402615,2.6866522195823195,61.774039782538246,2048,431.22134563475936,5.1337450073054,2.1769508709020835,135,High
16,87.09147898150022,25.820990099170167,73.7336518966541,83.96780318146918,99.95983822000198,69.69331113560928,1024,412.067721791913,2.871792254553118,11.233464809804413,69,High
32,45.644902969192,27.901524111900102,80.08071984047402,84.18501470658694,3.3609240212896685,68.63547558864477,256,243.2,2.7672729533206315,10.184779340010046,94,High
16,27.92412078373603,53.27332263461728,60.753201212886694,41.10099258724561,39.51480082336537,94.93985971345597,256,15.51317201742463,1.7609521406692967,10.63990490824627,64,High
12,48.23147631982706,44.4305185574771,46.22096604510726,61.66358189669171,10.511567829893343,75.22430944159191,2048,682.2045354428851,4.366361694424068,13.202430475555664,245,High
8,44.69972513425024,94.04354606897788,97.03143899190756,41.16596034450987,9.692845044093247,72.35871434172137,512,486.4,5.762000939124787,5.303784634147424,73,High
12,92.3874581320033,50.05646443042164,65.01976779725675,99.82552105661492,79.35269516744836,90.90125544183883,1024,382.99495543388855,3.551392685936632,11.156021071515728,36,High
12,78.57409381687874,80.62864976576802,75.57086904699437,47.33180570975428,42.5925779358077,52.445356715247385,1024,347.1312454578537,1.2510051670620799,12.149765418749158,179,High
4,55.46040001696057,62.41980210929942,41.048456112629054,72.56865373888655,80.11387082987649,54.32281575476119,256,181.14674036201785,5.9493883074114216,3.5322244689990843,52,High
24,98.9533510049414,76.32685349138683,70.2954262902772,87.43337432575824,27.27864706808315,51.084442843814465,256,243.2,0.9640811799099669,15.356003125936624,94,High
16,51.874977814833095,40.809278641231934,33.201789594771334,52.07581613565355,25.646279180623477,84.39914520037753,512,397.5042873892691,3.5662279258078042,6.099715670321992,117,Moderate
8,15.24140477382477,95.35239782706633,32.05872257757726,69.10316008572836,25.123138181446215,76.28080685395906,256,243.2,2.1970026850221016,11.705623397225168,49,Moderate
16,33.604688963348636,62.407079753153916,74.32499816284837,76.44572565526906,61.614562640791924,93.80110629341414,256,243.2,6.58606801608055,12.310301894288237,61,High
32,49.24634321973814,86.50592570281998,56.92552626366416,49.61228526373272,81.49993898456,74.92664514863029,256,243.2,5.294030786665507,8.560463789595635,126,High
16,24.12123617315081,49.203655478089075,71.49489493801508,86.71332759469232,45.22610100752406,61.090978638099706,256,243.2,4.181658389291481,2.9307595919627496,193,High
32,95.28086136916387,28.016907924041963,34.249464167328256,57.960187431361916,37.924889064108235,90.2573686552208,512,486.4,4.840410364480815,5.13494398626365,175,High
24,79.01640080359958,73.8969318176679,63.885100695105734,52.66138458033042,97.35795542016493,64.71619271163114,1024,197.70110869914842,3.9627272082811884,4.513704284930892,126,High
32,34.14584803849954,20.62077186699396,49.95402847328013,73.49732478624502,11.67540360116388,96.78448910761045,1024,284.4014410428083,1.4594061439261645,8.779634948763823,190,Moderate
16,63.17240801661242,58.02343812524066,63.72642581609752,64.61881765857628,48.66326820448925,62.521194392612024,1024,88.4566945769716,5.109141419977499,4.919033064955105,98,High
16,74.93042413986149,35.42415221331674,36.17917590197975,95.21715667818506,40.84877531814344,58.38603264351434,1024,946.264537374089,3.702380689751694,9.201557154366968,111,High
32,94.71510360161182,70.19004035482897,74.39058672842114,92.80376189188924,9.812659658689038,74.66619957553439,1024,887.684976416974,4.623010263597772,5.323101315805495,38,High
12,89.34718142578696,98.35358985102818,82.5336429543519,69.00103980333299,26.820036208821918,52.525755898512166,2048,93.94826319642775,0.793810815852255,1.0146870051535009,71,Moderate
24,56.36730035243923,57.152232505651675,33.39248264719512,61.55582648353585,2.844121257911203,51.82058642413088,2048,578.3352556889854,1.4232261516611453,6.448851006739172,228,Moderate
4,79.71873578137158,85.39986052205333,37.05585038700779,59.531078897875915,87.6954288982957,74.8007272627729,256,243.2,4.330908093557937,10.10276279783729,156,High
8,60.59302784448265,60.62273495608969,69.50388427471836,56.05381738489044,60.784952899040114,60.75534403973938,2048,749.6713620466941,3.486287870039171,12.605451648059692,236,High
16,59.74335010409861,59.66720248832193,72.60266568731898,72.67287122274864,81.50184978702507,50.467631919759064,1024,496.89407203096596,1.9746788481987512,1.4254669146996237,139,Moderate
8,20.32677625043727,94.43387945430223,73.3689715957705,88.29871628407261,52.15544524029898,64.80284557157609,256,243.2,2.0649459834681063,4.874695010148891,161,High
4,21.352389221453684,91.19726949973452,71.4428654298253,58.645396492213465,59.950982942189434,73.8683676923296,1024,286.24670433048266,4.6057790316136265,15.781931800715014,203,High
8,57.65802535202117,82.86403721503795,45.352694525728495,51.40564538128489,70.08544778091648,69.71443507302115,1024,738.8755751246471,0.8832856750389808,4.927230827958249,101,Moderate
4,34.1975390481106,43.70046026534273,45.53683069633105,68.52902837099721,90.8011627464215,56.77347330802115,256,243.2,3.322679237453226,12.65796484807652,181,High
32,11.893321221442177,63.60067325791525,32.93358612799433,44.14206500785999,9.175188782584575,78.98374139159887,1024,533.4063911079182,3.900172780722961,8.640604276113166,101,Moderate
12,75.0555283510191,37.9117786644548,24.115032990672667,82.0767403677824,33.09483947357269,85.51664955738185,2048,129.73921450153773,2.5029269178251714,2.8326097608303042,153,Moderate
16,12.923793702114846,55.51333584372318,72.33196414572151,71.10149597811602,70.90261907000006,83.77695810816476,256,243.2,5.8335738852001855,10.651001934925802,226,High
4,63.57491569936491,58.73704526078325,18.386990737508157,69.78248847837125,95.83505630013927,69.68809606416363,512,486.4,0.8690022866974825,15.49511278381555,52,High
8,58.527441471458296,86.53120321354648,94.40130581081034,58.02672277300135,98.08074284900054,56.8798075585557,512,149.13339123714863,6.127588104105181,14.302435491234975,136,High
16,97.1933221520024,91.68226922599945,84.40176733043062,94.2804062519042,63.81030091372624,74.97433867453614,512,66.1603077925637,5.2012094537705105,11.354391817580598,212,High
12,53.57918254128775,53.16960499171823,87.17551659615305,45.42917751097316,19.359847775486728,94.52158774685414,1024,540.5090059222363,3.4006534630657796,8.682224004155593,127,High
32,15.724129274001761,21.416355605858975,91.60019331536712,92.18944053322188,11.920891141395673,73.43614244706164,1024,291.3011915522307,6.509038036381301,5.789995083243222,172,High
16,59.65191710258155,88.94190718314837,46.77444736509161,62.60231214495536,94.60436442804254,59.78405248707938,1024,290.41721232042227,5.064548927215659,6.354499398496591,80,High
4,85.69865535544913,33.942294280108854,86.2030651015361,92.83741095850134,43.39276894625075,54.65266515468652,1024,96.34937682290763,6.551794772783785,6.193101113306317,152,High
12,99.71643558532959,69.75055711123147,24.22551702624844,83.725687499943,19.48160332626848,97.19633190494397,256,243.2,3.57183356620118,14.831229711530884,79,High
8,48.73088563201652,21.997672034730495,11.947761514741211,46.250243599722296,93.3892515777601,87.15047044384575,512,486.4,3.44432515647001,4.1696868854265565,204,Moderate
12,38.826886824706826,51.96051802084514,80.64022551974651,89.89217719056123,10.452427156431188,65.64834863502412,2048,122.69624595715766,3.949827104400162,6.67044762525947,112,High
12,91.5987967256799,98.87682416922799,16.731698319724536,80.93061002197031,72.95710968570751,64.76762031025872,256,243.2,0.9252735759077171,7.479448534356617,54,High
24,27.211791616850924,28.055488088304248,98.96722005933294,41.938114774920905,62.526302754333415,94.76092433612988,512,486.4,6.405212633688135,7.1335149306290635,68,High
12,65.3886023529634,53.895452159971384,70.73167866414003,48.0221609265802,8.773466438089184,58.878411740482555,512,332.1867205103226,4.84016083567203,1.0629737176077938,97,High
12,46.514298176285294,44.57199601519618,77.8104739217895,78.13768335014171,33.87487956394422,76.75186448282723,256,243.2,4.514306906410896,5.064603653733862,203,High
16,13.697412845999976,92.40704987106115,32.122347065007936,79.7560301728171,14.993068954001066,85.67521375896507,256,243.2,6.522012987058663,8.478528288334278,101,High
8,41.2559626875128,89.54720863258841,70.64788545277193,84.7990859702557,60.44985925331613,69.81951759828448,256,243.2,6.958641654454513,12.407399727155259,148,High
16,33.87056702524072,39.0159008244983,13.889794352946149,83.21472404649892,47.711303167742884,51.99511712715443,2048,474.5752452423799,1.5620570392800999,9.54210978070881,135,Moderate
16,71.74820385491381,26.495022964034494,85.40431479312409,79.5711972801973,0.4275124660490959,61.387940685976076,512,486.4,5.368480401882653,6.772930068769269,42,High
4,95.39114479227263,70.1710715248894,25.26616837284152,85.97433410478536,97.5710566283908,95.09040687211868,2048,298.09992911684657,4.26964363417451,10.977113153480529,195,High
16,34.1242468640774,46.90949695069678,72.76222601503935,74.50514235354237,34.95846498895404,76.15594834197772,2048,393.81576502526116,3.4964817258368175,10.988398118123648,65,High
24,83.03193452365136,73.76675124848504,30.20324511094555,55.6474831314673,25.820439283705,90.77206232439849,2048,572.0745484369392,6.854481910706446,4.7188702412320875,194,High
24,14.982383524456857,22.569580485425156,16.160785248343846,94.74259682384309,22.244295579410267,77.78427713953087,2048,947.5886314715311,6.026709572508236,2.5566122075897697,199,High
4,58.43089090358318,30.67193881419915,53.334431069445486,41.09284185591868,15.881589617356784,97.18010478561517,2048,604.1165823684535,5.02887489660755,13.047752625196612,149,High
32,16.349505733890513,74.90977862181147,25.23575892455105,61.993703192289416,99.91370762165099,95.45670377784225,256,155.90440986258963,2.9873950867359067,8.946735690005386,138,High
8,94.06296920175754,36.98965242419982,75.64995894938949,83.7322175858298,29.510946788160485,74.1444021005201,2048,16.92622362172186,4.829265227005449,3.647871429207847,153,High
8,78.97161525016512,88.60701406099213,31.38092590451364,65.62936246898046,40.551349722428164,65.91370127181747,1024,852.4779769535932,3.9560118031361236,4.9310659866820785,48,High
16,69.21549200841332,24.687271016810833,40.8225300612246,41.49006444880086,87.1355916178089,80.0834393672805,256,243.2,2.1208949233275423,12.496367388760557,66,High
16,84.15067434621979,37.23855862284597,61.069532613802565,43.95885418697279,64.18875035428782,83.74438408347368,512,321.81628024343456,3.427478600446882,10.799085769105835,246,High
32,68.27678160131468,99.88481987880549,35.64714498195804,78.91824214829731,36.86944117452725,74.91775461503158,512,486.4,1.8793777926611306,15.177498460541628,130,High
16,97.2049957456862,54.64608820694341,44.01893045889655,97.89187596431799,89.8328435923853,91.11416105475473,256,243.2,3.7527319058336994,7.97421122272136,222,High
8,74.25621530782944,76.23725308357149,83.4059593936348,73.11181815006994,74.97242022136001,59.16642608924414,2048,750.5646374684368,5.181547493643283,1.782799448085738,114,High
12,93.21927486240222,34.613043908561096,26.128886460492314,70.40546908142615,22.790050754169965,66.72059153120162,256,182.10883978231797,0.7382004548243383,11.506343011339483,68,Moderate
24,56.541870280957426,68.78949879884303,17.39814305337403,59.099512783376035,64.37389945999205,84.31881786832264,512,397.46451065513185,5.474968110571238,4.823661324531368,183,High
12,20.535797168367637,78.08848546955348,39.55220066197174,55.40144043196379,92.23984982924016,62.33419326937786,512,486.4,0.6299609480542314,5.857818301863696,71,Moderate
12,57.53599492807154,45.15813086932084,48.193909031249035,41.25909890537708,49.64608784504125,71.99223723418169,256,243.2,3.8623050692356142,3.9497238065015194,219,High
8,21.418554525678395,86.31176895807022,58.83933539229109,56.37729205842827,73.36124028316672,98.18667733141464,1024,972.8,4.227598596476062,5.634030993257828,82,High
12,63.324413125876454,68.27340627778267,43.518132655750634,66.94662645191514,97.11037439891592,81.29379863432871,1024,516.445298066804,5.44808248758064,13.442207134202267,224,High
32,53.424375447489666,51.12984076920242,81.09205302005246,51.87698698293701,69.0414140895213,97.45286173205628,1024,824.2995701585303,5.44668735171531,9.650699575163031,79,High
4,66.03178580495035,64.61139146745268,13.538753890162594,45.24087930888575,10.243868976608061,86.1220701624288,512,56.16532634961023,3.2134603979788903,2.637306149085587,134,Moderate
16,10.904228294934843,66.14086779487394,48.85907843787022,83.06367203527616,24.455955093128935,86.23333848335864,1024,292.9665022574183,0.9314213208398252,9.799055100873472,226,Moderate
4,27.53564424898277,33.24282341550928,44.40303231907642,93.67721614408403,59.50964373426489,79.59285868451028,1024,377.79826931401436,5.007750993042812,10.503450333306958,136,High
24,54.21973887209178,52.21858958935729,68.28206417261731,96.20632418122514,27.55558153719061,57.11042974073634,256,243.2,3.821409048050718,14.27235536939304,186,High
16,95.54532054302214,47.47444704155945,96.96486267076564,77.07992370981935,95.75417053891398,75.98571454431439,2048,13.35971173271194,2.66487996831016,13.894681653964346,159,High
12,44.52481363196426,52.07221780633009,55.93378659659759,43.16647495595691,40.53520340221738,62.63331002517355,2048,314.94053038496713,2.0266795878944377,1.9431267435968156,47,Moderate
24,48.19348234482712,80.88884707882063,98.81891622475484,84.4517577977064,45.7230405732365,99.93362771756401,256,243.2,1.2784283852180924,14.00047142464595,89,High
16,74.322648010596,58.603072597333814,37.202445542187775,46.60571831571318,70.16020934701173,63.34809700506103,2048,313.61145269357115,2.4184262318559346,1.7632710101405666,145,Moderate
32,64.34134815575062,95.22529225914114,12.778131928821491,80.18488706126944,52.42497313418741,61.53429217307242,1024,232.81609815643108,3.4801825633144046,3.3118297631896385,171,High
32,36.90335350884999,43.49411306867489,24.909685072877146,86.76195014487254,38.21459668887683,81.19415775620223,512,486.4,3.6044595931651395,2.673250031138877,147,Moderate
32,46.9734756010685,53.25628626279432,45.56123962971106,83.55188264958836,7.6637875154578765,75.54744066098151,1024,747.8855040698667,4.287803054196109,3.7254586093340065,197,High
32,29.59298189715092,82.95654483832331,38.470051826969694,97.11302834566783,59.64455895078638,51.06764566272571,256,243.2,2.856045700801329,13.04892991353535,221,High
12,96.94193132171877,63.68196746566002,18.73487178850399,84.28877706804337,86.75800307940347,56.47665894962349,2048,947.4482951667691,6.479336150052177,11.291790169801594,59,High
4,21.757094340162375,63.76225171395582,48.93940969216452,81.5925866789085,68.57624417600562,90.55214709137563,256,210.68000874642345,3.723152485037017,11.304436559924847,58,High
16,43.46531061097775,24.26721304041468,40.43041944936065,55.70459033098614,38.14950100469522,74.18459775737803,256,243.2,3.254212760769961,14.831914280184545,186,High
12,12.325507499801008,51.88797301747647,21.035729841169463,95.4861211861541,12.772606462312941,57.30076074115072,1024,757.9529957600428,0.81309179428464,6.8777654865995315,48,Moderate
32,29.960154274019175,41.6586985937386,36.6505417550718,50.772632247650016,81.63381869042439,73.26212814178669,2048,374.52625744550693,4.393598033863745,1.0493116466832029,119,Moderate
4,80.24240245421394,99.94680982648923,89.77924498198514,94.29379668838757,94.17483622312048,62.65745415412019,512,486.4,4.41864808443367,10.59652678103463,139,High
24,28.10577090599915,44.66840565058482,37.184397894040615,58.759752600754624,38.82729907962648,61.17957305561718,1024,141.87015464961632,4.29138259519957,14.021115796384732,87,High
24,17.205706227606903,90.75972278350908,74.25598809178464,47.809815632660126,72.86421891840615,97.88626382225522,256,139.67266826129503,6.269379964453433,15.643902708415673,145,High
24,52.70078618600709,74.0986988032382,65.084237169198,89.60098163627023,41.07634398907557,68.10122634288705,256,243.2,5.458855411830385,6.4583909547395555,69,High
32,10.897231126106664,47.273312735367234,48.44630461675346,40.14972721604975,50.226693885219944,52.321555233616955,2048,103.83270276695758,6.138136527350774,13.332282826646422,38,High
24,17.628953898369986,63.482750269929895,31.512307312330226,89.92529906084984,83.64763806164098,98.51633363186514,256,14.038810780910625,0.8862466199145496,13.738415715079908,150,High
8,82.68632826066776,87.2428703959355,43.21132294113509,55.73871052275855,8.342434221115358,89.74197873860788,256,243.2,2.5678218096564724,3.1665676163086385,139,High
16,79.43260103736458,90.66946384247295,63.28964921239385,93.08327636533727,53.03353487867051,62.72066532820793,1024,112.81246468780648,2.5716276340155804,10.47247832883498,137,High
16,92.36249383644065,32.83151000049162,41.56778932744194,81.48875093449475,21.462027467122248,70.44459173526957,2048,864.4061283118085,4.77079287549603,3.5971014871130387,234,High
32,86.90638923196745,47.16585129665357,29.340679021680863,79.97099997103541,33.98059454957624,93.11447872975643,1024,923.4665783085036,3.415997816579316,7.699462272305406,188,High
8,71.48580069158362,46.817854417085734,20.48164740024689,61.91917378989061,64.44288246422742,67.87067596616372,512,486.4,5.553571921138272,14.189003788085218,107,High
12,14.709957157059655,23.363583686075575,89.17902441186088,43.56417843344626,2.722841233684836,78.37020210032995,256,243.2,2.9987986832620157,12.842006682362161,124,Moderate
12,80.45637561879917,67.85902078815172,49.62816781767151,89.80438589233464,59.38250989731627,76.74284348323063,1024,543.648884174651,1.940449252530657,9.555091855476201,172,High
24,86.09597297565044,88.38560423937504,66.2687489568637,50.25422771059168,28.34422394537497,70.06472743143999,1024,233.93267859653633,2.3911819439128097,13.130637465146986,63,High
4,81.9173931194759,50.525951026041426,54.136932502312476,62.33551851368513,66.94843608080721,81.97509509068581,2048,304.9862028061326,1.6860532199802933,3.292412632660243,91,Moderate
12,55.763113177722346,79.20287559873415,88.53098665221671,76.0212811305449,14.158135191305421,73.66453686509432,256,109.96739877916474,1.78630249645885,3.9237905137994344,103,High
4,30.96116547845335,70.21603308805919,59.224136720338976,68.9352243136373,73.58116038161786,51.06152458369864,1024,451.9855902002497,1.9094529502992346,4.132971873354066,86,Moderate
16,86.0796978119854,50.051898839440064,53.2703276154202,51.91963811027908,64.56397197629782,90.71915538239688,256,243.2,0.6046156247969594,12.640203330946365,178,High
4,75.44465287661247,31.284783959383766,93.21408913795413,48.43698141293704,97.12418328803511,55.65778913768597,512,486.4,5.154572225956546,14.364482568096424,132,High
16,98.26850569499665,76.74590822207739,74.77206364408191,47.39477633501744,91.1235363258148,73.20449654456817,256,243.2,3.097415224762381,9.442544806605534,83,High
8,24.012333798033964,88.36521351529923,20.03949166121716,91.78047288995205,28.330286319970234,78.99503954637485,256,243.2,0.6473636572318879,15.36957437103513,246,High
8,30.309812474684954,74.86835939211934,25.993401507713266,41.89357294368002,2.731657272543697,85.27530270966454,1024,314.91897247316115,2.9050490390279617,11.92045376808191,194,High
32,29.061833489335243,21.430278722785445,80.84105766454977,98.62085557599366,65.53685611117578,70.53982676439747,2048,889.410364534944,6.384892826250178,9.455257507603434,197,High
32,81.32857908592031,37.2986315512793,85.22661890619588,51.911721423124845,60.28873890046725,86.77742435152658,2048,947.4861397131978,3.823088060288391,10.173857902790937,49,High
24,26.821656680510635,25.558398790682553,59.067174618126685,46.61933781274469,2.7428768766446066,56.56750423592851,2048,932.9403071766167,6.913888073751279,13.743012298696263,138,High
12,15.99938468409755,65.63088796609814,59.900970507997535,74.61829928660771,12.267752920259268,82.67227741353895,512,48.414996259141205,4.0097363072073655,2.352710611313412,228,High
24,99.87047259270658,80.518214307233,66.87396665663,44.7991574764418,58.470170453598556,91.31694637928516,512,486.4,6.758193493831916,3.5202623049757724,175,High
16,12.233549030063422,28.846334965492755,49.52041968543755,76.1471957898157,91.1827264043492,94.47219864187505,1024,646.7928546680421,1.8117047372286825,4.994424756626225,201,Moderate
24,85.17196541429792,87.06702564747081,71.21792111355136,91.03759868881679,90.6500276513407,78.97832479769446,2048,302.1145086143385,2.3845762826758894,14.421637839854533,213,High
4,42.88301573955875,64.44071827163866,19.763313180977413,42.87388128804549,15.148505461207485,65.64475990375186,512,486.4,5.049805716168449,15.174174566809828,247,High
16,85.74539137820338,75.197520971338,96.51513181306477,87.99211627171265,38.45739464052495,58.16782558568132,2048,298.2755842303733,6.914340510496403,6.3425582270299286,46,High
32,59.91584420900305,97.7121478886917,77.51393414154295,63.66864645892712,4.320286435217402,67.27793764387224,2048,224.44554159924522,5.864433171625945,14.857858390168646,71,High
8,91.1468106537724,26.694479059815784,66.80567836081062,49.5694380298726,46.92718463629291,76.99871865772198,512,486.4,4.099084298392382,9.202717014507234,228,High
32,93.3573687773164,92.09792183822314,38.46898513085326,50.565788816047544,75.30834596732056,59.81651119957803,2048,329.91590597264,1.0534919933329494,8.099106162681391,185,High
12,10.81883631526984,30.088215678992746,24.485993871105624,95.12587262165357,78.99727113656114,97.62574528465464,256,243.2,2.8684642149986606,13.491470168943998,50,Moderate
16,16.787095839350943,51.43670453093458,46.840866744605016,46.63634511643987,49.8989466596573,94.85677144364547,1024,445.67596400162506,1.061767053877839,9.191251553287746,194,Moderate
16,32.53228566137699,88.11509570648914,69.54190665166527,92.00696722693942,9.58696747082184,51.64785974327156,512,416.04805912585755,2.5233288521322788,7.817234483018211,180,High
4,70.23838747271515,92.50033893902946,67.03387690807998,72.65467725901688,38.13639751815664,78.09808991151944,512,486.4,2.1821486543246094,1.23945256405502,140,High
12,89.94449768603555,60.50973388361163,44.43770395590143,42.34337072898634,93.21019599743644,89.46543951233066,2048,90.30352453861214,3.0256094281386696,1.1934649360586231,77,Moderate
8,51.39477561645665,67.52837106203401,65.19577544498168,67.8685687430403,22.96125565197147,62.26959799670035,512,486.4,5.9422978349344735,10.41387100186692,88,High
16,64.62758046468389,76.65178676788457,83.23734660107928,89.04697086857803,31.97544499127265,76.19481161963719,256,243.2,1.4774483635174709,2.1012539627037423,157,High
16,26.964986751600502,86.62069347621713,12.365629510384636,83.57216725834603,74.68271754630709,70.29959412046895,2048,479.285576380391,2.489415667548449,12.054179631043947,141,High
4,82.44701504935168,29.72089356301329,50.555894313724814,69.32694506108308,73.35807888859381,59.827313210903824,256,243.2,2.197262088090449,10.335121949380026,231,High
24,97.05953002181228,84.8055446583382,78.2699705620112,91.60299278177303,91.22022880249324,80.73686919379114,1024,583.5457196877902,2.424920706389901,7.865942990682315,81,High
8,34.17390396231377,58.50209204092934,59.15300234170395,47.22188570681378,38.81186907203754,99.68460877034155,1024,698.2840897025409,2.8440525862460992,11.647054646675299,46,Moderate
32,54.53433564404917,56.04987400865352,68.6328479136163,94.59646320354213,51.459872387429115,68.26436301399724,256,243.2,2.08802637456865,15.896070167041728,67,High
12,17.750449945573642,53.911980159759864,56.50087533448078,90.78647250900093,46.73924612204776,77.61895041322335,2048,669.6818899905444,6.6267782694503,4.695351604487806,158,High
16,60.322299081667154,60.736926819683404,99.26870902140799,82.49660953943416,92.7752171022453,66.39273408107502,1024,437.5077476482917,3.2306611404322547,9.355835502208908,104,High
16,55.25050976620125,95.60404427156828,14.91593828401344,89.07326452772496,76.93305888246348,93.84743084012484,2048,34.52346387681686,1.2417362237822431,13.642838593107836,190,High
32,22.999283573956983,63.85630182337213,54.19403395951396,72.62893041055996,83.14417798338482,93.23013502118465,2048,731.0163224754913,3.539780965177586,1.253123568096394,124,Moderate
8,49.785959180626755,96.25420306105114,18.22748942030659,80.50974574586002,13.309826882941088,58.93866939739851,1024,965.2173514850347,1.6988073620988318,4.052624930537684,73,Moderate
24,40.069418687790694,34.42321044925124,24.380700590221338,73.63588424246673,79.18466928681599,94.99744371190303,1024,475.5327723006339,1.9048491762585797,8.814379842398345,117,Moderate
16,56.96477877746704,77.93087830661065,44.47345153764356,61.32571183047696,43.2978766057497,57.575435552803356,256,243.2,2.3527692146914125,9.283690373987506,49,High
8,62.70889018859193,84.97916308869978,23.998608235043857,74.13164784167066,2.3338682830647106,54.771997981266715,2048,524.0668321496406,1.3109390641686538,2.2949989607853665,204,Moderate
32,10.764602074648856,74.33030650678896,96.7318449360986,55.447919951915544,6.008835274328462,82.64673078507658,256,243.2,5.18727306177,7.11144288499619,98,High
4,78.49053846545998,68.55378241812323,95.21107990526431,66.41675025044711,67.79079397348445,69.29520529349475,512,10.683569737228794,5.647652085753118,8.796771369792715,199,High
24,74.17128626755667,65.18502248689458,40.249868159854344,56.84652443561459,37.20124411459699,76.53702967309354,512,486.4,3.0628519924514004,7.34463548215517,183,High
12,42.965774758586996,88.87443860629568,67.57729408339117,47.37326736768334,86.81155732234804,82.62853909687317,512,486.4,4.978451506318044,11.508943837056899,78,High
16,14.764234201193643,85.73172777316,58.03779885344075,59.31171138339437,73.42731338758665,52.64186188964924,512,486.4,3.0282028861095216,12.570458329665511,135,High
8,77.94392858065453,29.78309769444796,83.40282824641918,91.11923309108624,2.1680011666961763,64.64765855454966,1024,131.15497851385186,1.5665026036363656,7.903924288851655,100,High
4,95.96576444303192,87.88701256247025,66.4701048835248,62.86484623853835,68.6888311836002,73.04531558844336,1024,675.087736667485,3.081592398653309,7.384895917571699,248,High
12,31.613643641981277,53.1254895552354,10.022720904150589,84.88021893813215,19.235247273235622,63.3293704902966,256,146.46720633368022,4.120418070630656,11.580455061791842,47,High
8,39.11721523633341,40.295746399664864,78.6856947048765,50.51187125428967,42.25825687039121,52.44856921427605,1024,512.4716799183539,0.766463041499778,9.329535383306839,131,Moderate
8,26.543160053363344,89.58148544111407,77.21633091665063,65.4651495500585,62.47352021229627,54.33382866155267,1024,102.69367226130584,4.754148539435406,14.056591699209534,124,High
12,61.92425110103557,54.56198397069933,55.875043500983296,46.89136416011059,87.27178412956928,90.08739343768667,1024,593.1746849145263,5.326951798531106,8.217192271220096,38,High
4,23.935725518270946,84.66917521414533,91.26270759097484,48.31726380204938,45.60978883919392,95.5693379606463,512,324.8886318668075,6.089806675105647,9.614912135082442,95,High
32,42.05745491152415,41.07228895646756,91.76015851213614,77.04618279340414,80.84904541911344,57.61166512152244,256,243.2,1.1680086416204953,2.9320780471106245,89,Moderate
4,72.73117125408368,20.314345713777424,57.15205090339575,76.44890904694066,78.29656628006329,62.46309786457429,2048,801.9466649463307,0.5006083600787703,13.539958627674034,137,High
24,60.410438470841356,59.636735432235554,64.7189408076884,52.802314441291735,41.45385128512583,82.61247023655349,2048,998.4891367196966,0.9762313986440552,7.33438197525704,66,Moderate
16,44.781630789514175,28.01826053143074,99.68698647322051,68.46539165732793,50.09801634329028,97.71358880462236,2048,264.92814295732114,6.506759224609703,11.785949391839825,204,High
12,47.82246416267877,80.35007644199277,36.89382113302757,91.79837001867688,70.04850100498132,64.97948545666355,512,71.18308185178455,5.476112186768197,7.442241236216964,58,High
32,60.58997943609066,42.08601088555283,39.21555180803296,50.452090520588975,3.1148434646939727,92.76068131180006,1024,448.57323249735634,5.930331703947585,1.015183446053884,92,High
12,10.527825509844517,55.4916517282783,26.449651239714672,41.15263198441089,89.0811413799246,75.30123222251882,1024,92.56930161690511,3.86058968157882,7.006153753996031,44,Moderate
12,17.065888160824887,26.96268520732434,90.62802452420812,79.11970843981433,76.98161594376934,97.82793195403903,2048,186.7147179151055,3.9236791846651897,3.21253292617849,38,Moderate
4,89.31322609867105,42.932739875780214,77.00395509543397,43.2098924853211,24.94158814023304,56.812933121409564,2048,601.3271399479369,2.4402863339546994,6.979226189525004,109,High
16,17.00910901821617,82.51921946068576,19.50785639832177,98.79641431434675,98.11799531889756,98.68361991039933,256,243.2,5.977894837793064,5.820159103414898,95,High
24,73.61232365894546,32.12703295218556,98.35906160781691,76.57721702793286,17.939035258961876,72.0489313914754,512,52.894202952393464,5.893502290044598,4.0382106801340205,30,High
8,92.80343476981473,71.7727648901566,75.78655373450044,68.22378117063835,91.40866737044018,97.6469195213131,1024,448.4757039040959,3.04911374719405,2.856581457494112,150,High
8,34.3615243871558,93.3940682243601,86.54698986444771,65.79955240145841,32.447345832311115,72.93451085257595,2048,534.9165059385692,2.6402359580645802,11.92841833374109,38,High
12,43.34422933535628,74.38694078061762,14.333571025588084,74.38423951101589,76.31467101641358,76.5041067060289,2048,275.3439954417868,5.299426263144662,12.32290453449503,86,High
16,61.20292652602446,84.88173514337815,55.44648270479509,45.43746620321289,45.63765932479451,90.23875048886605,256,243.2,0.6700928991965693,4.974962578257362,213,Moderate
32,89.35380726747262,28.717730344313264,72.87384580543353,95.80114352916974,73.64673874500022,86.1314250369697,1024,169.48766116995768,6.089667840369521,8.427853370752283,177,High
4,94.77150285343781,40.058546080164355,58.865192611465716,77.53852411311266,15.578304793936626,80.98016602086427,1024,261.36278695615226,3.400611930542124,7.961064211903468,150,High
16,76.56069233001412,91.56310817924728,69.99827191293497,51.03870985665453,26.950645838648278,70.8490011794778,256,165.42447088242548,3.3687376025285958,6.328713565855026,31,High
16,17.795778476922465,77.20844908944713,83.60866572314252,73.75486322587977,9.985782447202563,89.62191836998029,256,125.3811675318525,4.8490060080180655,5.164557726951323,30,High
4,70.22387399813658,71.1643061101849,43.69033566641766,47.995390349980696,86.51439814378031,97.41141666446603,1024,880.1893921670546,4.697370842018454,3.7904761402254064,103,High
12,46.92733496853958,73.101338889736,86.38018080568388,41.05316305349873,29.62929877694993,50.49054484715134,256,243.2,2.228831429366384,14.093389301029642,244,High
16,52.363089954195544,53.13604434437147,24.662449428876165,77.83101911283988,69.44762294166634,79.39225482263305,2048,725.2987792731777,6.631310929341629,13.499687314860166,83,High
8,14.423355131065934,23.56453052941226,34.37974495237373,78.90900051220767,82.02211977415281,93.29904644891742,1024,433.7025361279973,6.911144865662262,7.2576911535507485,48,High
4,27.195592541172235,82.75532336565831,13.901105793459319,75.02179496820493,90.14182363793459,82.65562686727787,512,486.4,3.918928592925203,11.81801884791326,47,High
32,81.1462246780283,74.29705889722831,42.7984130201726,51.008992261601385,10.629711531171782,90.04146289166684,1024,928.8944342104872,4.148975188107256,8.474981235988281,53,High
24,50.85629497430738,57.824357129017976,44.191859034170825,76.20579150968602,89.30149335126126,94.75305519244927,256,243.2,4.103066762253553,2.280748979390925,156,High
12,37.1496017468034,91.98076922946059,82.47435374865259,43.39065645547119,19.725277773071948,87.54755079265288,512,78.29652849603548,3.657618153158696,13.335857626645765,81,High
4,44.56171665684624,46.89277319880791,68.78176032606905,76.55430133431534,73.69020115909616,85.85087006823831,2048,846.7505099264256,6.643715848905866,4.289073160211478,243,High
24,86.89595619931121,43.54573953849887,49.30503023401,73.24102114645713,72.88490193646112,98.23729456819592,2048,457.3052801278901,2.090890918353179,11.602262660922149,49,High
24,77.40991156644613,89.82370600635542,68.69025807613734,79.31528985034598,0.8503141740954234,93.18423289457863,2048,356.6442696110865,1.2017281456600288,8.910969473727487,168,High
32,34.50838574629745,83.75901238071884,14.750501546412204,93.72853634514362,22.062390831025425,90.76889347913868,256,243.2,6.5420573481114035,11.3580995472175,102,High
16,20.575165619113598,61.19838485186758,26.224438241653846,91.0214863143722,49.19085146648673,54.32016802359381,1024,950.7057943682555,1.8847490423724926,8.06804583585944,236,High
32,32.67983994796646,30.458779156627998,66.42530697175795,98.83925149375233,42.00347066632821,61.951494156970895,256,103.19414261225606,5.369509798023559,11.5384172271548,217,High
16,92.86808059492603,37.205717717204195,67.7230137302772,98.5744619761945,91.85734798846096,77.83780121625448,1024,770.3962599477367,1.8251765100087483,1.4921882941762934,45,High
16,62.34299540647798,72.49823923270453,79.67211928366844,86.33918160242516,35.974086950252314,85.47800524874069,256,211.47295045037586,6.741209101545333,1.6127940865136805,170,High
4,58.01321878703046,50.80329902723293,46.2699783148242,97.38517733066368,93.69837148359623,65.16074466502384,2048,386.33476159872885,5.642291507192511,14.445099478232645,210,High
4,63.67542397232154,86.9178553332777,75.02986869545406,92.03703315334673,45.942931839253106,54.666405656041164,256,243.2,6.4716681187465825,12.245410239573358,35,High
12,42.94254391718637,95.99640074657633,71.55822993041704,83.65494699369837,96.43528966401658,65.5549593407624,1024,550.341192172216,6.681401330725783,13.42701279824353,54,High
16,82.63963182875615,84.45095402199345,96.70540405328641,44.523055278625314,73.73548100248611,88.55145902902595,2048,76.78208147092201,1.0487584977484987,7.848780803819712,92,High
24,57.09576243702248,50.203633839644574,29.361720378221126,42.942993296193265,82.93345916321559,93.87005146706866,2048,512.9680646353709,3.3170275628621586,7.894702928243161,204,High
8,20.5073112491916,83.09491433851392,59.651160737737555,90.25597405034623,10.4876888349001,95.64518241721714,512,486.4,4.712652190684012,9.010060533266095,44,High
12,21.615861234615664,48.11533387765468,64.15879978994224,69.37935147230189,58.61414332423678,68.94333395720739,1024,533.5917818879374,5.715964676820501,4.654930701397757,83,High
4,58.31732318523565,33.36800702125071,99.87830964407986,88.87640106249526,14.270035982935081,68.62692874300983,512,175.22034658926177,2.069566338693616,12.002537477328417,239,High
32,94.29131962637553,22.67145638926859,28.10657279499865,58.775096239313164,29.762100205097408,70.33537354858956,512,450.59066430695657,6.444931586030375,13.441816051008407,200,High
12,37.75169095085789,50.8573370208816,57.0896217970563,63.858991499380764,62.35654061672681,68.79047347107239,512,486.4,1.936346139137875,14.608361389830941,157,High
12,88.25870519732965,92.28474429578255,41.1566776942275,82.01120326071592,72.62257046938907,83.30983037536049,2048,661.6219501931719,6.130146610014463,8.75550772563248,43,High
12,78.76860279209914,39.11892702045412,57.33036717210998,94.9196042159256,3.9183782011250834,67.91616310659964,512,486.4,3.8326317678172352,7.218647585910127,63,High
12,32.30311986162162,36.521053194382716,30.891574189279535,45.26568846873316,53.09437310723647,51.017196830712294,1024,788.0771423749558,3.850244117156233,13.463998665174433,159,High
8,13.27066734846182,97.58566281928323,14.28511405847393,91.68868867807637,56.53139862898864,71.95123003439359,1024,99.78648995140146,2.931036500632943,12.28998670096562,49,High
32,19.166253862814447,22.000329028047368,61.530890850792,87.58076349276192,7.882799711020116,61.207603308929386,512,486.4,1.1727840042214883,14.00909829563789,135,Moderate
32,75.56445404626962,82.86257203150035,40.22688842747489,58.932356243791276,50.06880342007636,51.440356889231,512,382.156041253455,2.756085410276998,10.83596586178613,45,High
32,27.970276423658202,45.709596459269626,26.374726157359028,61.31299684789357,71.38422800498265,73.5421475767024,512,147.76757203537616,3.2737886473860747,14.249699552092999,224,High
16,43.41438284548544,22.999036549572747,39.15420094702304,42.78768863331458,5.322728487553096,60.29772795991465,512,210.68246272098358,3.6136368675943094,2.335624990679819,187,Moderate
24,55.15292494057824,93.42420321676668,14.435218130297043,40.94443666700308,76.0267776323962,72.6370907419867,512,486.4,5.304119387665867,11.193423665282438,244,High
32,75.29213516051465,31.171386416766687,95.5398010681093,68.62036758146374,57.642650490413686,63.88749933051432,512,169.87421423687505,2.788455718022881,2.3319263273083277,132,High
12,20.190810093321282,64.14234269805563,62.30331234759344,45.73237872983863,83.32272082717908,80.18544351402166,256,243.2,3.142853592040912,12.233614649402718,80,High
12,46.57297647497153,41.92433659436382,83.32918132123224,51.64010886491278,21.806257285406993,99.54386934369796,2048,292.0246048804507,6.389640915093776,10.426658051994098,244,High
32,53.65656182284258,25.215424174775283,48.080637779295735,90.80603197159982,83.32736842131185,77.36159603558325,2048,58.14406027542198,5.391687415118372,1.239880323723648,160,High
32,58.67443575743857,23.993798853070327,91.29832008095671,74.26170347502715,9.456097526746799,82.3447958446385,2048,467.53686474696497,0.648562501774645,9.988914791101669,106,Moderate
12,83.6524577255695,29.244535906907103,53.4986399397028,78.0179462359668,40.38296964446714,95.96378788756007,512,486.4,5.7785769251997445,3.1941971283801074,157,High
16,25.45103755388952,25.709361111150404,61.65507899806025,51.2487598499152,19.94847915246485,68.70002088625458,256,31.931106421410675,6.934635508277335,3.136171296686047,208,High
4,82.70483066439601,80.84464924159383,54.261458205639116,89.71970826726516,87.60208322908741,58.32742248927915,2048,121.42593597509716,6.608490318890842,3.256945174849267,150,High
4,72.3590584926987,58.84529618267433,75.99504662808864,92.07878634638485,70.49198163017738,64.13986414652766,1024,722.9848128015922,5.933713346724583,8.257354033702637,75,High
32,60.02837327790634,47.43136730791838,60.99904698418561,71.3996556227826,2.5361777160728183,70.13974703572747,2048,597.6451807661845,4.589629357692236,2.7328038104781256,69,High
8,72.95750833623147,53.46951281056057,34.443903122235795,94.75346631271958,0.9523355613956119,82.25088406279191,2048,718.0951379081952,2.3082487940741965,2.8848362267909162,58,Moderate
32,47.081596505649074,94.31573884580986,23.098557819038167,90.6897174972749,29.124925448166973,50.22940147148605,2048,237.80291532836713,4.753798973970626,4.842519792008147,180,High
32,22.455782737131212,92.86014501905177,64.551194999468,83.87945060046628,14.328311428056539,92.6691607383492,2048,805.7310954644308,5.021351060693118,1.0128733574164035,174,High
4,69.91887162388306,77.25411840980615,54.02619653923326,84.04455494161772,63.03044775601958,53.804698652491524,1024,485.07234950917393,2.3301280466993584,5.136846504360493,242,High
12,57.220507601706004,90.77459019373502,18.637812702650166,46.323608437051796,66.37969338825597,95.03275744592753,512,486.4,2.1596425586548578,10.276116502030492,122,High
32,67.54373204884979,45.57184220700998,45.60557192139416,56.250162261739945,94.19509036613675,97.47172606024495,1024,101.2318830288279,3.0800050840997573,10.023558408930482,98,High
12,40.419890292564105,50.48874608066263,56.32987798004082,44.01083318906056,95.20399245458408,99.5051397056067,1024,212.9812675262231,4.667455298717978,15.543004722469693,114,High
12,91.61799196058523,69.09697454833824,84.4203910443031,40.52087255357852,65.88967054113456,90.47550922034388,512,486.4,2.4049047503354304,2.794451184696661,95,High
8,62.863288171801926,69.89007578378113,16.84909502500261,49.49857188303461,0.5675112852708719,57.09277629700763,1024,231.6693567768907,4.111832394160468,13.983569971983687,180,High
12,17.686223586178645,58.53598704098728,41.36458134214026,92.8292309588164,35.89979165696143,85.30835216125931,1024,101.60452924624407,6.345043112052188,6.867846398448827,104,High
4,50.48235916339858,52.052627875036265,84.03905104393468,54.39244354216309,51.31415132472662,60.166064530408825,2048,601.2312494295793,2.4181521117151217,6.805544319424685,236,High
16,78.07204492692709,98.89442492869561,68.3581538594421,98.2092377555033,49.91797565084659,94.8563917790202,2048,552.4571510001155,6.778829284828826,6.232163254365155,180,High
16,81.47211055590451,85.68989008941796,36.09624896234081,75.83745997367237,60.334062950222666,65.83029628276724,512,486.4,3.5767618613759016,2.8710479716443773,164,High
24,54.51373474873829,54.79841583104361,86.08016098203781,54.23550925808142,96.05514828047605,66.33979885375206,2048,622.1224413994604,1.1559041946983104,8.17757555648421,200,High
32,90.5272813748171,78.18339817916548,54.39642225064231,69.82784820905277,88.51926919551538,95.88266479574332,512,486.4,0.8577560592422289,12.810669540205208,219,High
4,34.090159347486775,41.56493546019676,54.85167021794145,53.14568936200692,10.890803345048827,50.66155353918523,512,486.4,2.701384342945548,14.13148610721547,63,High
12,46.95388275144399,28.01354609898639,97.89286052803459,99.03841349094243,26.598039139339324,59.698307574178486,256,243.2,2.181933218744174,15.442888871910442,131,High
16,90.8737219512073,48.19448204421925,95.24048529127406,90.83589903429782,83.31094174196363,71.09661332817275,512,486.4,5.984136626821139,12.779387285506786,134,High
4,90.6631044824421,52.23782400987154,42.267941503285954,41.574327326939745,82.4306908819207,85.03607836550964,1024,621.1272003897202,5.294649739210217,10.346375584821534,142,High
16,71.71414919422128,21.322969964853662,22.652121579677406,96.86656188804827,27.537072412167095,82.37830830223677,512,274.29969801935715,6.2495508646553795,8.463006695589957,80,High
12,87.30824924099981,85.18336013087168,39.31000590502846,83.26390643817324,73.05880306861195,83.47059375835745,256,243.2,4.330147738377153,14.123458774020937,201,High
16,17.989594026060942,48.73547219113452,12.743493428024923,44.9428751212767,67.20373787178573,94.0011014205332,1024,34.124411732571545,3.3304721093382543,12.092704102872405,99,Moderate
32,87.84954785869986,66.43345326241176,11.869109803935208,80.23826477958673,47.35239649699615,56.051520614662834,256,243.2,2.2586915325572905,3.4188726395727125,237,High
32,38.85579158952041,25.91705498167648,45.59699226262773,78.81560187794113,20.145495267902934,76.10808481093852,2048,390.0117922461276,4.290207423751123,11.238257391943097,212,High
24,26.049836118539467,33.999746300046716,94.69178404275108,53.12732474845501,88.86431808940863,86.27388445512443,1024,607.8651536048721,4.517161058534995,7.465578968950178,95,High
24,31.54328527078417,91.17549802620479,88.4221607108987,85.50680200045454,67.78511843068348,81.80592214620822,512,366.5703292736664,3.0541591643221326,9.936995161327221,125,High
16,47.61716572124983,68.69500223062406,56.02985505258607,45.22388219877803,16.89929248783747,72.41570599696337,256,243.2,6.587870241878035,14.475296257261435,87,High
4,32.607280414402055,96.02272401363885,60.87037430537476,69.36671087387487,70.48023448408608,50.8557292936082,512,30.128128543696505,4.659704824271853,10.788558231008562,149,High
32,38.851082741484916,99.90000275130535,10.534014707145083,40.59539242978528,74.143371957698,53.02261328239423,2048,411.83054438145155,5.943627803909964,15.080864277644203,200,High
4,22.14806374644779,49.74880922664755,29.395104025038894,98.12424933368479,88.68802851210407,55.94706634269183,1024,832.9509637449896,4.532539857898215,13.995545128961137,140,High
4,36.65590890030987,43.90424512666197,12.229671424094537,85.09381790661456,22.283925524193492,67.16138764176819,512,257.6987106016415,2.557489104656082,2.9335187674517162,90,Moderate
16,61.505543308780105,88.66848441272774,77.90855794258488,49.53112456957936,98.87541054134066,55.882672633357345,2048,62.22336959651878,5.288024526211551,1.1747787066843087,195,High
4,49.766833728195756,99.88891416299634,23.108121642384795,60.50044239707698,15.339342252692123,71.30411565313042,512,486.4,1.9966544507438218,6.7661711297332205,185,High
32,41.20468851123201,70.37129873859658,88.21423922291352,49.63374266849058,60.068889185958305,58.93209952927897,1024,972.8,4.377960872490954,13.979949825380638,214,High
12,77.18069159714025,83.61125780092179,67.89918823082094,85.99704784775888,65.71765052734784,88.9583098763103,2048,73.5169759197853,3.1153812296261116,4.451889890652531,70,High
24,90.41589742539861,82.53966870522196,30.6476808864142,43.53377952566291,41.895289526586055,93.57438083561078,2048,79.35592782229537,1.4742516472284057,11.37099882849244,230,High
12,78.11103006121573,48.427176657563756,24.194828537492477,90.42439933382285,47.503770877038654,69.48237539840879,256,243.2,3.1860637409313033,8.13993053834516,246,High
4,39.88006319059113,65.94163042056698,66.48622308307478,96.53178033014379,89.09100967221374,75.56658826578195,1024,257.56703574934784,2.516825391451582,12.191166406436002,79,High
12,76.99979510537983,86.64455530113709,91.07532822540911,80.59767656837799,64.52742296654618,97.67481207804708,2048,416.1289213008531,1.2294435311047391,3.474653184669358,119,High
32,23.678216422664608,75.04911010088443,74.65241970229435,52.77792700008605,49.70009582346863,76.77538776743103,1024,832.202081469397,5.854883486289081,4.586365584750824,119,High
32,21.728618928216182,21.69310511856306,41.369198644303985,61.60540574881305,12.834956243352469,99.75366079217125,512,206.8601973406913,3.7407866168247885,4.637867042450001,218,Moderate
4,41.1064333332543,46.93645351180268,62.86452357417824,68.63439248853588,0.7337625223134636,57.10654968460273,1024,722.1069376116187,2.7513157697642328,9.22698720262316,98,High
16,82.69321321396514,31.55805572756843,37.96855258351792,76.27748633213523,12.496861815183347,93.11132102983493,256,243.2,3.7822676230691803,5.344366867075403,220,High
12,32.17134225180717,38.63777696624312,99.9234610100793,80.11978538870125,95.61845674765054,74.86015013364826,1024,905.908115490129,5.404790263804967,13.175835592520324,150,High
16,15.692806800881163,92.43915819930605,77.3955269615666,73.25288291913296,76.40867829913307,51.13570556248341,1024,972.8,0.6189200559251221,6.201913286562543,110,Moderate
16,21.853858168571957,22.951463112861454,65.29434757810782,61.078835249311346,96.71163275102478,98.61114707196742,512,486.4,4.053886443728537,10.912767231855812,55,High
8,87.28704716766221,37.5840569569539,48.09332284892463,93.45503683389418,3.570870970817186,98.25239498716789,256,243.2,3.6144800913457913,15.227528291452078,183,High
4,67.0404956272559,44.76554817905851,65.63370612336016,44.883523481077496,68.02204038586393,69.16354200914435,512,486.4,6.304956244847978,10.10385576521231,136,High
24,32.788104703297904,69.35072575731158,40.74544562206013,67.9753632546097,4.429352640341799,97.70710355429524,2048,325.487400453285,4.11381578212079,4.632302833207642,230,High
32,59.97662427953632,62.72813520686924,12.597835551222769,86.53389030804884,78.20564688688232,57.05048211192729,512,234.47294701801434,1.3925984765039376,13.45685009703216,180,High
32,57.48216601828153,37.461558628270886,45.55796701209695,43.652359917484056,38.095017273519424,84.0055070560341,256,243.2,3.0264408993534118,1.1881378104525089,209,Moderate
4,68.98923805965951,33.13928537785236,93.74327376218802,82.32011300867808,9.576536010649484,59.59644934439173,256,243.2,4.536950918341805,4.848057421465633,117,High
24,30.986879897945467,38.9438427676895,66.36709852964793,89.1826973651995,56.80466417875153,62.33236181674138,1024,11.574918250615955,0.7985697458626017,6.81235732821676,134,High
32,87.7962688474958,60.202370136132444,17.556013276381144,79.64987791162314,28.012019660138808,88.96687186013027,256,243.2,6.250219133084486,3.9396829205180453,102,High
4,37.84317058720116,41.694222856896275,89.64942520555233,40.77621353652136,65.95739418718185,68.86790422826475,512,486.4,0.940585214634203,10.060271388085164,231,High
32,72.47184885786132,95.80820012861777,34.19873644073634,50.808221627932376,65.81747595137904,50.35637514143106,256,176.87297709310107,0.6988423310014279,9.370009254103776,145,High
16,11.45121817349934,57.1092177143078,31.93925437744547,60.52678473351705,70.50074741207528,70.71192120977973,2048,39.8382962453082,0.5131012316514316,7.097448526581544,227,Moderate
12,43.53914169047325,24.703681323570965,36.73818719022887,54.02140213828275,99.2465078777759,61.40346603164797,256,243.2,4.944339195613556,5.415691699815926,161,High
12,41.653883616292745,78.34131246693067,61.94820125133617,97.75912841364564,38.66977099474054,84.16649567791455,256,243.2,3.4634805669473434,7.508608650430331,30,High
32,58.9135985724713,46.307623056719166,59.02192840905789,79.09563484682762,46.53154744851009,59.72243483617501,512,486.4,1.1683150124891553,5.36803385069103,163,Moderate
8,16.546263559947683,72.2791145646598,54.22723791605936,57.81825744109422,80.46117010253408,92.11267642182378,1024,317.89345143909696,6.065355397261146,4.3188776241752835,213,High
24,81.11182363534975,42.36754964185856,74.57831771613643,95.78184991992674,57.83700230218854,63.35465060540821,1024,837.5716828925096,1.8176817816006419,6.269051984640197,58,High
24,29.600272159081168,65.6594993386656,38.48839582014631,84.43565196857122,3.7257210687799636,69.65141291415068,512,447.42687002452476,2.6211070333119495,10.035033729261848,160,High
24,70.93340333938092,81.77220038459717,80.3858069415188,57.076432709622516,84.30785202598565,64.9018430398549,1024,657.8013016452285,1.655189580013801,10.725862850785946,157,High
16,82.28909109196839,94.24069934196432,25.77895105407392,62.732894164117326,5.149868193804097,82.19616739046829,2048,341.0994371123791,6.523915935196945,5.460207415954389,138,High
24,60.56892606173618,40.890171554646166,80.43587101693083,51.9657314982374,17.08201364917843,55.05817706131984,2048,520.8128703082753,5.427434090618233,15.210970544943713,117,High
12,76.6794886049787,46.78855607991849,69.74290947252545,98.26443989594931,10.20799669741872,73.90496863491221,1024,300.84165208482324,5.205697078187772,4.929388448764058,199,High
16,69.5674280993505,57.141313622875174,71.48874785928278,71.0377897534044,7.792713288112019,66.72274076075291,512,70.50321873289809,0.7859741954731556,11.68198165267445,166,High
4,41.99768174368069,94.1739870188791,53.3398057414534,93.76340124987908,2.5684875304710197,94.20689816441573,512,147.98440432962346,3.897561077555876,2.2222008534699995,110,High
24,82.79726851302088,92.11094854485256,70.03013794127781,60.78998626101087,5.502771397236739,53.67060467871962,1024,297.76774952850485,4.240440838840813,10.972668191475705,88,High
24,36.52312328969752,27.19026240805104,17.181734190351165,91.65049618584854,44.243918917881,91.48475324664274,256,243.2,2.986385460537436,7.899231229883279,67,Moderate
4,61.409162597636545,30.554386060304868,86.63960053444305,43.23321090562984,25.28522699826139,58.38402382649546,1024,966.0154287474917,2.591415626934708,9.53661766965093,71,High
24,77.08579652273856,59.64073418645106,14.999251013888141,98.92541905145728,12.653688341881875,54.428882996497755,2048,829.3867090596858,6.037628591422114,3.7610898927079814,79,High
4,44.10603188312568,28.529541824433878,23.38673588843477,94.72206202199816,65.8705542726526,60.1161429061504,2048,240.18099058512604,0.6496078438044584,7.503459528694466,43,Moderate
16,37.249084685568256,47.646469867895796,61.91107376475127,61.7921766865993,22.61119106342585,55.13264910059052,256,243.2,4.564806513800935,12.494167848357304,155,High
12,51.34114091555404,31.87083025739821,76.54703099110223,86.48332991887465,1.8949155344809454,76.04919741010627,2048,445.3850101057973,3.0626049407254827,12.50627249202374,129,High
4,83.61671449142382,70.88322841055087,16.86264079116281,85.13547558842956,41.84197837673277,99.41074764578906,512,393.103512370002,4.828679427431387,4.563339418473941,202,High
8,93.69295868310984,95.95963453913294,92.86883327100878,94.0752878261759,31.04329919783051,51.71636759621294,256,54.43150203884815,1.7864640476677387,6.288989126695435,62,High
4,59.05750715739011,99.73870162355053,97.62468839206288,58.43529886772866,31.860443134649273,73.05641746597307,256,243.2,2.051285805086471,1.0572033308815223,177,High
24,69.53195847912866,50.019290599753184,64.535515570694,67.93120031884897,44.52700281815615,69.3035164553931,256,82.08387220361229,4.314549743399207,2.34943261507264,191,High
16,91.29462600150228,67.92101096916898,53.31191098391529,91.89997675636319,66.89139272342777,66.98032071232002,512,486.4,6.869600550857708,2.900955289731323,96,High
32,18.869216627164818,88.5014122819265,76.72554750517747,86.71476724811296,61.6479120037994,66.59318052166805,2048,694.3940714163338,6.835443289411062,5.4047698884385005,113,High
16,30.887072007954853,29.39696582371072,39.552161709448484,63.608003124416754,93.72616097888755,94.7506378313231,1024,359.20963657709933,2.1183763947694576,12.385232301137004,96,Moderate
32,73.80100056264243,75.1651528841572,54.39379906945958,90.74351397472734,51.77166663025214,50.9488075104202,2048,650.6650183903386,1.1652816971171187,8.653751982339804,99,High
4,84.13700157210697,52.70749293800546,92.45359241329612,42.81724235394409,47.25699097250722,88.74581936900691,1024,240.70663649350712,4.337231046544979,12.88912204828374,196,High
12,87.13261254975201,36.49169282241313,96.00898827173802,86.9227781777794,21.341443521689698,62.64665894029709,256,243.2,3.229886952478584,12.323585613955649,200,High
8,47.35964591694393,52.220289499795356,93.43622044460665,52.40595156602204,75.53812888481568,69.16477554087874,1024,320.9921817561509,5.450963634309852,9.807073142615133,196,High
16,18.040591206268015,26.07682295719335,33.620326026745616,57.167254469427235,14.077577621428471,71.00749564242889,2048,799.0414839359764,3.9318942143102444,8.497903017941177,142,Moderate
24,49.40033295696579,75.63257188714445,30.922213619508707,69.59289061573563,49.11328898204841,65.23658770368718,512,218.58443337762364,3.818814238971667,14.9698129232392,114,High
32,30.76611311863484,40.21941349987625,36.78980553363829,66.98407006419843,42.13221983874445,54.67794309176989,2048,567.1534152111782,4.701989143435323,9.539053339216226,144,High
24,36.207680949696176,44.91245160359024,49.71800011496142,71.23420641219286,65.83008784044033,55.71654244147174,512,208.46244327727015,1.3217198915183968,8.242359769235643,73,Moderate
12,79.50408011537553,29.68650385931702,38.27506715127672,72.68653574032143,91.76214699566589,64.90655620413222,512,292.18705081179075,4.9015512428326895,14.03681214309754,158,High
32,16.79743774232982,89.17272911119133,43.67915161651522,59.89166146188981,94.65955914982224,91.09045264436253,512,243.12648005662643,3.6753780542604484,2.0715807212845867,126,Moderate
16,84.4823095732632,59.475542342619086,65.85732569086835,50.513650781021795,16.779926716315842,56.731382639370594,1024,648.554624362553,5.830955926623876,10.840394792768562,79,High
4,48.49021772417522,65.77175022291202,78.62731093845782,86.10887375723836,26.18172182671782,87.13199165729654,256,243.2,1.4015944190813197,2.6954087523960903,231,Moderate
24,63.64575379905356,65.55461464758837,76.20023784411254,63.99856894522853,81.16353199647067,64.44348647146438,256,243.2,2.4548558192566254,13.297324418291568,149,High
12,18.06870081121111,52.839449163307336,83.29812103712368,70.35045174754354,51.827976244919284,94.17324675560464,256,227.74400295965597,6.676601431100908,12.889992775744583,145,High
16,40.36231705215516,35.40239323505116,12.896596289386196,78.68180310106709,45.303456835573186,71.41642377003204,512,19.05705036877687,4.094973715385139,8.554000513798698,91,High
16,18.07308271133612,79.61061987987199,14.296041071088048,94.57827533839935,71.06254523807058,58.58616566486878,1024,683.7044714590315,6.540456498400935,10.915662251289893,247,High
16,96.53893505929986,30.164501228613947,81.04446646197664,82.4531698684132,60.19249526069718,99.29222250552552,1024,123.7054189101252,4.978728170227213,12.58932536956247,32,High
16,82.65354843936254,28.30990322230484,57.97709400921687,42.72755353542307,97.07140544213347,58.83172596149558,1024,253.84217217971653,6.521803872078317,8.2495580502455,235,High
32,51.36694789208142,76.81160300772027,62.032660638590826,90.31362180388106,58.3974652288267,78.38099106161347,2048,312.62929093661046,2.56587084834312,14.589368706839908,165,High
16,30.1242293491304,36.70696163615871,14.732817419293937,99.36130090765116,46.59738263472533,78.46432390480672,1024,749.3340713679594,1.088469429399522,7.555450138879438,77,Moderate
24,94.0109594724867,44.54182010822659,32.97824210541438,68.34910152228292,54.281736207817566,68.640672558889,1024,629.632892550853,5.714571471837642,14.38033772759042,143,High
12,41.01369361542746,58.01819736013922,67.451887439693,98.17542018727605,80.85398166969733,97.57442962745655,1024,192.42278216057053,5.729046891005188,9.741160732726156,125,High
32,24.488598851863728,55.948105338363696,87.32637010996085,72.83972454058897,61.267505678522085,92.19372812058658,256,243.2,4.5223741651750435,7.393648959093109,198,High
16,60.68479496085594,76.68633000519993,92.52850574632623,67.57695975231698,64.70480913867178,91.4909780419121,512,486.4,4.267206320551909,1.0614630146890378,193,High
8,94.93967083103345,69.87454347546887,55.037754625157355,59.88428588364731,97.1438880036592,98.7075967714739,2048,395.00823076226976,6.446903109395847,5.433338808347124,248,High
8,10.344726145029032,71.55169298254926,59.09268094643779,79.45329255000033,61.839548442545734,72.85546690981585,256,243.2,1.647240035639951,14.018822385124876,86,High
12,31.43123589285989,77.12434645243658,84.97446679620919,53.78922523150268,38.02852483345398,54.85928878100147,1024,682.1929451856414,4.507496813909986,7.430691835955429,114,High
4,94.46028763693668,43.40901819387723,58.38621406726192,46.29605311086426,69.13260270127965,88.2727962724897,512,486.4,0.8235089703443694,7.322027907610558,119,Moderate
4,25.397737017144586,45.786664944037895,56.51726729835856,41.63422615505284,65.94593969773113,69.04062897259669,512,87.13303688611191,1.4156220889245894,8.341160216006564,148,Moderate
32,20.19191064758379,55.03981983164433,91.45756339848583,57.54280676291583,1.3847635506381906,59.517257590175916,512,486.4,3.342270264881447,5.294560472838668,107,Moderate
32,61.316849421982404,44.59697384268209,81.09394489502921,63.746249930022294,46.73292967858331,74.16236716101267,512,486.4,5.837847901024703,8.37326904636205,200,High
32,87.5659440965347,98.79502951766908,91.8165273725165,73.12460177687487,74.29036028823994,96.28594700835816,1024,755.8352674079501,5.265362489875385,6.636446746601152,57,High
4,52.93988359245335,85.12415411371437,29.642234930303843,57.56498951122039,49.9041457721129,58.56785095073142,2048,198.81036646102854,6.831418541798963,14.641637956487699,121,High
8,99.51078310160723,33.172375060482366,57.19379379898211,99.04357434312467,77.96211359353894,92.4349407614871,1024,265.63425372236264,0.7915162150543449,9.459501567948312,114,High
4,71.12545295841934,20.44753247054956,85.82249157340222,57.504710094470056,45.088369642761435,70.91024708075587,512,486.4,2.978789422370527,13.512264537136371,141,High
24,16.666741648940295,23.42266145978143,20.003304472039805,66.45852330678451,98.33215976372357,56.840099035157095,1024,486.91619261327713,1.5321402102385457,11.303111433645109,216,Moderate
16,99.35489185137779,39.52507608343402,81.51959388645656,46.19656993191402,29.289158920388868,92.41911519943282,512,392.50171734593164,0.7402483463217612,4.189044760841469,147,Moderate
32,46.71048131021714,29.143302866948524,26.46760450733825,55.63759080022454,9.212260814607355,98.48101705957143,1024,748.572981285491,2.218584115914086,14.01498414551334,186,High
8,35.866228046093426,62.667049191405766,82.7306879486789,42.899928387339465,43.00118011540973,64.56353579175058,2048,569.1040479919996,2.0890669872169063,2.3090619608278575,67,Moderate
12,60.209126522009704,88.6396178181887,65.08008438011814,73.57051800623968,54.170902487391906,65.17681049210344,512,486.4,3.2301801700042465,7.729567908593339,191,High
12,37.38768326387779,78.9400176730582,27.391239233638043,85.06388098794591,34.90937316824615,69.52729915199666,1024,161.72241269592456,1.4105278513538557,4.587331382980671,94,Moderate
16,17.781175640813707,37.24872504657523,52.6018761399521,51.742588860164076,24.228116011795898,90.70651822304035,256,243.2,3.6756892649697637,9.063331339483069,177,Moderate
8,10.128550877125905,51.94394048206287,71.37146498146944,62.07465626896425,67.2058691385489,50.52085983697499,2048,466.91282701928895,6.480639127542573,5.500743691671949,55,High
4,50.46250176282361,60.63153676250221,67.04676107951882,40.996973603629634,37.71250998562521,61.19782758687672,256,43.430256327741155,5.363228055389047,11.842393888369356,56,High
4,85.31770800039331,84.81646796026683,48.452247660853395,90.37132334333273,63.13685291006369,85.2949905553163,1024,242.14663845653413,5.974152641706234,15.053780517307063,180,High
24,61.50836670670689,87.12972824849318,90.94298760288342,86.79781149590016,77.90714485987759,70.28197252427631,2048,35.4988278231722,5.730735856589966,11.636349673228551,228,High
24,99.92865690490967,92.77746495262208,56.73370730390599,43.79524185245754,76.10026277600237,66.51478114840637,2048,462.3057767711333,3.0325711868641214,6.329655501637083,51,High
4,35.816198108248,60.739620040230015,55.52805686758195,61.89205655922468,37.53093106356913,93.61414444510086,2048,332.62096294953454,5.1082467359359285,10.001049424869306,204,High
12,35.24095582840498,75.54197971486903,15.602553094730885,97.31719683096972,56.78982289501747,95.86669600731197,1024,972.8,5.4026655562494845,14.327891376971815,225,High
32,24.377451421054978,28.94402969871497,92.99083508178734,63.52162336473862,44.96582244427424,97.39931095830977,2048,869.8190757872945,1.8367126870450317,5.050425846803583,130,Moderate
12,24.765722943880167,65.22311679631856,25.94049118105357,71.57252060344096,87.08052527096602,63.62752663271483,2048,827.4141517397178,6.091705383028526,2.7730714560740606,96,High
24,35.6667936409043,39.89534475769081,57.55102240928988,61.31457166062131,87.87584797999992,95.62563047695535,256,243.2,3.475358090394713,2.9614598291648786,223,High
16,81.35560407461745,54.537350802128884,82.32108412602791,75.76788328769571,34.37415828880368,86.84827773636445,1024,809.0166243572592,0.6063383068109987,8.422795155150215,98,High
4,91.5181111572803,70.72404066453755,29.3907949260079,98.68941253820933,9.173744787873073,57.710737424429034,512,274.20095098812766,4.681996705990028,11.982043916947642,111,High
24,97.75784527369132,40.55887502830249,57.4635960973757,99.85015020887182,16.758248332401948,80.51350141541052,1024,565.0429731680597,4.898960097466773,10.858866131296098,127,High
24,30.906068868680737,24.174804623740886,31.661641830100677,86.48289868067147,36.700174213088374,51.31674096534956,1024,398.98888070621587,4.086454928399416,7.808342507270227,44,Moderate
32,89.31677910526825,20.818708512700603,78.37254980199206,64.25866588122636,56.42499547629907,85.41890778854327,2048,179.62849240750242,1.8806994555065175,11.939470602720448,155,High
4,39.542958034960336,21.772762843561722,60.790705108583566,69.6659320497393,65.67870109644292,86.67837613254692,256,81.88729705472,3.6348071778144244,10.509549342115255,143,High
32,20.155649006519596,20.66797900110157,87.03782743556292,61.40387968673833,33.13710462860002,89.46692542974986,256,243.2,3.1008284265957964,10.423461334012714,133,High
4,88.30224329681491,28.828404524630038,90.51022025896445,99.13447779426077,66.74991196239858,58.62625270612175,1024,106.66274353140409,6.835459479985518,4.035645959413073,201,High
32,67.24950711792567,39.15909716561039,68.38601342008582,82.46561834952422,93.7739983673756,81.41249704737655,512,486.4,5.860409825913598,5.688751495394229,80,High
12,24.825780647295556,37.69772113458394,75.285212154305,66.93588672601068,65.20141271689505,58.94283424138272,1024,922.2537939388942,5.452347433066896,6.166364879338153,222,High
16,48.68481317617023,98.94372753439174,59.42980898981774,40.72691620657614,15.856522944435126,97.33250416945879,512,170.4850486144453,1.6769790695010602,13.122861374258429,243,High
16,35.853192538936085,44.48048841671546,44.59858597606446,71.2290048634329,57.96689129776276,83.75053463404171,512,476.229192725126,2.651760113237908,12.626657364480417,182,High
4,76.31151118391773,30.193662668751927,68.33061307187512,99.03569210209707,54.18955167669828,54.766292400202786,1024,741.3868471292269,2.968126931199931,4.790091361223565,218,High
8,50.80746075618413,63.645003533420635,91.7459761138596,71.38365453838311,87.07001108984207,59.35161150029114,2048,293.97126442269655,3.7020789599531168,1.8272841146496974,174,High
24,99.03519505957465,88.63659643180067,47.50123423882942,50.94560112934682,35.030305521297436,83.17300490648739,2048,921.5568744366079,0.696459328425564,12.516757138096832,126,High
24,14.92704840336356,74.24483014301401,38.29690237364158,41.32562482628649,42.294561005667994,73.83352480798044,512,486.4,4.354559982485235,7.1479926819147765,81,Moderate
4,41.9513739522622,43.686567130836025,44.95932446973167,61.28222548745254,59.865905548649366,86.81488331054392,256,112.71681217238117,2.826067535818691,4.297047534854263,87,Moderate
32,53.37101503989797,64.9292927833164,49.18578671904397,95.0936833417964,52.44253117420254,64.03943994628295,2048,37.12577381652174,4.150901445268447,2.7552530585664314,238,High
8,55.28201992734878,77.18847793603274,16.620492607994457,99.79324649055286,71.90165924051742,82.89587684235384,2048,976.6938981496079,0.558359497668595,1.1922197588275143,214,Moderate
12,38.43422401470731,78.24835938941939,54.859765639149494,96.72207848872016,4.038899091249581,58.84800840152195,512,486.4,2.589315403483904,7.415944522208292,195,High
32,75.63162241878112,73.32307642381511,54.48828232450537,83.76519959525541,56.351601920695984,77.18551316805166,512,428.0627484213036,5.496329364084428,6.096457215802382,98,High
32,88.72723661400772,89.66483398204944,62.959944487647086,73.48856370643932,12.167189300387527,97.8899795774993,512,60.05769086491269,3.7570300914257606,11.447052260609242,152,High
4,94.48473717800768,89.60843666752835,42.653802742419835,75.44116878293512,31.520899251972136,81.41111161454933,2048,622.6867972185677,5.6277676342466485,15.649981482811123,66,High
4,82.45840391195736,66.31492475256026,65.17968363600308,72.33952054551764,66.16268615323904,52.49968087524582,2048,300.4760063147697,5.043242551363013,4.101739294242309,104,High
24,86.55221775759395,54.38850952889698,89.03946792467826,82.4229582953793,15.74142005921777,99.43810688683135,256,243.2,6.056983738481351,4.645542105609061,233,High
4,59.54907705579959,71.32562364520798,95.99238914456478,65.13239360172115,30.884183550462886,57.84331648244328,256,243.2,0.5483833255891286,6.059538652965947,137,Moderate
4,84.32994037841331,85.45696010963705,62.52509945269447,80.15224029734593,70.3006482835312,85.90345513485525,1024,653.097846292109,2.1986156969885604,7.98906452324958,191,High
4,37.3153518233157,20.452168387294776,13.833185857328179,47.296726897432066,65.08052425268339,76.6265019532098,512,291.65880903839326,4.06721122290703,11.46548043010803,64,Moderate
24,45.863088589829296,99.35976072118808,97.2312397540398,55.94171839368903,9.103966920973805,64.7180343902152,2048,704.2558936473004,6.616617498239186,6.2804728275791,217,High
12,38.52217124366899,34.63150178633594,73.52758548066306,90.16018232851778,57.72684934923239,58.86552427138545,256,243.2,4.918636170861504,2.563008144561686,68,High
12,52.06486019031329,57.619918852798094,40.23672836982869,94.22493584460346,14.725446191863945,58.88511821383578,512,47.25467431035729,3.4678271108320153,11.95512455871611,203,High
4,35.70216546147727,89.76237878742934,23.244193086735102,72.34049425361798,25.22713787144927,92.91998406040803,512,486.4,1.34591864829994,12.919625170267796,147,High
24,96.54502980290022,38.00323192353595,22.907675101264743,41.89813703277594,45.92112786357787,93.64562570817117,1024,493.79769934080406,3.7058998059234396,4.714729833818712,173,High
12,38.156016520510136,58.143617912030656,25.096996552564246,95.61841424750608,10.934682329818912,73.2572760812356,512,486.4,3.3670653209644303,3.0513436561345983,117,Moderate
32,18.824008429984584,30.606574414494332,14.101526945243828,82.12385548163718,99.36469679185667,55.18107314624869,256,243.2,5.559881285476562,8.917015771986254,188,High
12,57.41354494453721,51.606106031055404,91.19387697876203,64.84167542532165,16.536956105400115,94.2082551923395,1024,360.9238038073194,3.1867661632275626,4.124714513070197,43,Moderate
12,15.138917060065873,34.170836383440204,58.66914095446027,75.90273659196978,78.13126284286044,74.35082430875445,2048,454.9782801016342,2.5724474864166647,6.612451500229429,76,Moderate
24,19.948884967772248,49.090219901692564,72.99634714424535,65.78649006648197,82.9838845023225,71.93812114334568,1024,475.69641544808286,1.0831779360473357,12.660418301932756,189,High
32,29.745045027662165,49.87713734341776,84.52976583414767,67.92035360392306,99.44639698960015,70.36785122188101,512,330.9818435286556,0.8022569155148842,4.294105647768832,136,Moderate
24,51.791522489392754,99.45366316786662,81.23869056998802,93.2085919395641,42.86532178522684,68.25070869296027,512,486.4,3.35437377889545,13.093888916780665,106,High
4,48.99258390781251,99.58504234430178,89.43450613559574,49.66505481502669,87.40945201393401,76.3002701804297,256,243.2,2.7546028667642,11.110299817244657,131,High
16,81.97226758025121,29.182902292848993,97.05291602724567,46.220148128934206,95.7539439016851,80.2270613305852,512,486.4,4.109607101833584,4.295887956068512,46,High
12,76.5527188495702,78.07750234626778,49.51635532677456,40.163724670780944,17.289414489466715,73.3216101786478,2048,653.8076641766302,5.127534841247942,8.89606901569125,153,High
16,48.368646459163116,24.139638373528093,95.53019200015515,58.8400225367276,47.94360890595326,94.83240817275222,256,219.7775933050327,0.7600442882297194,10.211061437594006,153,Moderate
24,40.033378681806695,22.41536122697509,75.09609535085347,48.84482598906564,6.001081885608772,65.88306142647487,512,173.160562259566,3.7254112130683,4.004140567204652,213,Moderate
24,38.48219056553487,28.426711539597143,16.360137127727064,53.19912970828667,62.07240120242016,78.91559283933907,2048,378.6604945371292,6.102817312182868,3.1742400371877535,193,High
24,79.65955785646081,97.23885256063471,71.36048090911109,40.674338959922615,58.14061568565664,64.99769600969927,256,243.2,3.458582809912134,8.96751901639397,146,High
16,14.686516559914278,95.26908383157578,71.80449936443637,53.631724881262194,20.412628466319717,87.6675011896267,512,413.0605066138851,3.8880743711800334,11.407617492034914,199,High
24,11.153948455954524,35.51422562245443,91.52745074132744,59.962694915942436,79.79027588941261,55.10605496641178,2048,191.75515960139768,3.664146964658394,7.976032601073224,111,High
4,81.59899527339833,32.93378684429692,43.56389192230829,41.89404978459288,3.7268722763539874,59.43494983976663,2048,978.4404433262245,3.033653970142167,2.050588727978805,176,Moderate
24,52.943173839014435,39.24280692127576,62.6420350244636,76.47424745782885,80.62273241275571,90.06007049634754,1024,154.2526751400416,1.2157769055019207,14.87819060045197,164,High
8,21.779302469821836,61.243759526011374,11.096879591056826,74.12802093302548,2.664529116386738,59.159879760976935,256,243.2,1.321315401936423,11.424481687817659,84,Moderate
16,31.200934113505113,65.57637056283279,39.88677179632024,45.822146710595504,65.68288121363503,81.287317309737,1024,22.938542713943892,1.6640800712950068,10.317944286803424,187,High
8,93.92535577876443,37.727474435155784,15.601935354290283,75.70058665110406,7.8769513914901275,98.51217259520985,2048,412.89142793582295,5.651670165834757,10.65440517896016,105,High
24,87.35526780624082,80.52982304719562,56.968567548840724,99.91923511653266,25.122551931232294,76.14453068829829,1024,316.091565104086,2.2896599536511357,6.979084013621041,232,High
4,73.88065452015752,44.76425355221206,83.57028854562579,96.66813716869244,72.19133493118358,59.36982231700346,1024,388.20439136202435,6.662804581540169,15.766007489591528,149,High
12,53.40027073035939,93.77050604235282,28.579842291616206,40.160259602059796,28.04047996253868,66.03455228463187,1024,503.09657132538246,5.766106082488088,2.990188175777679,58,High
32,56.829126357224716,72.53781651653844,57.469694100200066,87.72269867982158,51.117384871773474,91.1729038227119,256,243.2,4.949514343291428,12.087120662248399,224,High
32,97.77200817555628,54.90809554428893,28.360777285969036,61.21631657418916,91.52482695201144,67.58304565599869,512,486.4,5.182558591072311,7.313139404006483,191,High
24,96.91933994958585,83.19296013622763,20.86196210616164,43.81908222007765,4.963435403657835,86.17556795149068,1024,634.4065334199018,0.8096093564092826,14.216440714121894,191,High
4,29.374214120725085,85.43317008373319,55.98971127409082,57.75899282297249,81.10797937356735,88.86750314420051,512,486.4,4.194530885412544,11.758919113255716,115,High
16,82.99941096747864,43.23852844871549,17.123375885475486,59.30419097877774,6.527199856848953,75.0591423622582,256,243.2,6.616869914491243,9.433783350395384,31,High
8,27.751839955031514,47.17716350688675,62.861916802419046,71.3946543585434,12.679484433667664,89.16066921831944,512,486.4,0.7542161920513081,15.065404515822705,184,High
8,29.218373009555624,94.87641229828827,12.820371460905363,79.66502603613128,11.931910388921086,65.84515022141072,256,88.15282049515996,2.391607370338011,14.686650414096054,76,High
8,70.84837307481192,33.17928306906175,19.604347468153797,84.94333673250448,99.41022832107261,75.8079823358203,512,486.4,0.8348246988705799,1.7850099392836847,129,Moderate
16,46.45009887287936,23.372033357034738,59.4997736938622,54.754182553796,18.01863193315334,84.32791319860702,256,243.2,4.203320256130076,3.888820701090892,86,Moderate
32,93.83899663958682,56.324425808763934,63.226667160902245,59.30623421490982,89.67618462562682,58.40365736521902,2048,714.5867565999001,1.2553040766084387,11.140698773568678,151,High
4,18.010876140640796,84.09679201949031,12.608823708438226,58.50290241158412,99.09321629465542,63.681098369109485,256,243.2,3.6151260154585945,14.827591397591268,174,High
16,56.037307672854375,81.73344850485967,61.60391092014026,61.76421208725259,38.3784770412298,82.60183016968261,512,258.1121747525333,5.179671339119041,7.45495003802714,127,High
8,92.66693773988091,93.5624503130266,85.46522727912733,99.97937853738031,63.10485435286854,82.76800599147768,1024,758.7876281038872,1.5688504770805392,1.5745786804061204,183,High
24,91.37022944315547,62.65605314952322,75.00845595645585,86.67659816964556,77.90912537636126,74.66513232264894,2048,879.0815769291263,5.409868841008761,10.649458899700559,154,High
12,24.08762920741671,28.005173725322663,21.806659352871876,98.49942791612182,39.264508183620826,89.77926783910603,1024,668.5357248810385,0.8913290026743416,3.9203049586171534,167,Moderate
16,42.99739300868108,67.09511794688129,63.32271828072534,81.58666357282343,16.181414049780727,74.10274510024878,512,486.4,1.4725591216704785,9.284825999750257,68,Moderate
16,65.72092600420265,82.27164914825693,70.50272500667921,64.37624209883705,43.37627437925612,94.06611327068666,1024,201.0746575248803,2.3207173606844527,6.770248879368298,38,High
4,24.345539629426195,27.466249621586112,13.35080815770626,63.384651017618495,77.18876450029445,86.79517154359726,1024,364.2185576652477,5.674643938178567,9.370405586530467,54,High
4,97.12199548411648,33.81259208780718,86.98129018152603,69.3148686985027,78.07627627484031,65.73474316516706,256,243.2,6.025889779302106,14.986544791950998,177,High
16,92.32743958548943,20.98325289245367,91.56406575608472,65.01218700186624,23.053879217091332,69.76270042422777,512,26.72975146271116,1.9324687933805411,8.28700885664458,44,High
8,25.025516113102228,67.49220635574483,86.54070460260327,89.69957476556475,17.496563989074655,83.38433428849228,1024,644.8516344169973,1.1225948659157248,1.5179323565818477,142,Moderate
12,20.903991513488688,90.93875135567235,84.2168321190202,67.90012078160157,92.05607021003497,94.72263094117457,1024,769.0035980001455,6.011699585257135,9.713769794191657,120,High
4,17.686763452743875,73.65306528016797,77.0468678614804,57.736861612650756,4.3999030558310555,58.935436635175435,1024,341.35744140807384,4.720888343893695,5.886182952629769,168,High
8,91.8499297632968,98.56320700727856,67.00888281537641,86.49161612179911,73.47384757650869,75.733176937099,512,85.40609150878116,1.526060336591429,12.672023265937078,173,High
24,27.42614288159147,25.042692199980927,71.07643044894267,91.26522456288367,4.642138544675401,55.939221066218835,2048,820.9281850951586,4.125159103479891,8.048927054420131,179,High
4,47.46564356899192,92.2400868121197,82.57557640014848,65.22573736842708,83.79000508609879,63.97275776600656,1024,150.4184611901725,6.170414313755978,12.120561067474632,219,High
8,50.39662290868027,85.12546299093445,69.6248612525174,80.06851431433192,90.5414813336102,84.29906796466211,1024,377.0930949100758,0.9518471233364596,14.632314930224705,181,High
8,63.91099397922108,45.13932163996039,39.495426101386386,43.528272033298286,29.7419124229099,53.88673176240808,2048,710.1815640171021,1.0441880187138213,6.434109869086765,245,Moderate
12,16.456180937268247,97.88212414698015,43.836499194521856,71.76789111828799,7.393564351669757,83.11792909444237,2048,818.8161277749192,2.2784504443066926,15.840668685862052,193,High
12,30.408275566046434,43.0350198537132,90.7351721535063,42.698868264730486,48.06845363474286,95.04055604726486,2048,863.7580993036307,4.739705116391268,3.2471929890967774,175,High
24,93.83413482270335,91.14437790625747,11.540987721744571,41.75145042966808,29.84630367454768,98.46851455092332,1024,535.1130196950044,1.6570553115588904,10.658975228397829,177,High
8,91.75690965417125,90.45988616593516,72.89385231198538,76.77549103136434,41.713614281037906,60.831610051275774,256,243.2,5.8063868280615685,1.5215140469686723,37,High
32,80.3161582665123,80.6126093282378,95.9299797182694,58.20012294369923,66.49854534886802,87.44489783039378,512,486.4,5.377796149167241,4.195849987767039,44,High
8,11.746112105639389,65.07763790502815,73.56053529621764,84.55222974732793,20.982603594871698,96.31852243527649,1024,567.4463240969965,4.146531548581873,10.506678871848626,106,High
12,39.43060916464919,29.600219969351045,99.45207894086039,93.76495363795553,35.695156951408634,54.5684655424718,2048,582.8642211310788,1.2544400784072307,1.6928760934164502,154,Moderate
32,66.5162861808617,62.55773875971986,71.87904149754976,48.36347042382104,78.25624902926737,70.70118042446026,2048,439.6336343138627,6.923428884029286,2.5268062793253803,107,High
4,34.76711905961281,48.543700452394766,13.092672629517496,83.47137031473542,64.37619499528216,95.97048834360831,2048,379.0858322018292,3.6852185921583622,5.36515892372821,76,Moderate
4,91.86280255483996,83.37736265242813,84.43088934822312,70.8711998973006,32.62754911512387,60.1393749127415,2048,485.7354487169308,3.438475461137317,9.634557039733762,245,High
16,67.05005156491977,80.65033651974758,35.61669207453872,46.72715500976193,66.43016002599286,96.68803418939208,256,243.2,6.971199017837552,1.2397383308672367,148,High
12,16.471604558480102,92.84900058980841,50.14515030979968,79.09555638884348,76.53129228919666,76.35960355438893,512,350.11098546954616,6.115143712563684,8.235313863667182,181,High
16,91.81050299521327,21.18641299453663,38.088272431637385,76.56800818638837,59.248558095278746,54.99465412687778,256,243.2,3.4663902712046286,10.386156231176571,76,High
32,96.19899923586003,84.72825734584369,34.169869558871156,70.93851204404694,23.94968325010085,72.49386583777576,256,243.2,3.2222194085857687,7.0378418324849426,47,High
12,16.994117655255295,95.0769642499735,48.82651333028068,95.58827227357949,0.024529051199306817,66.3130597733533,512,263.81991005734045,1.1234109866854096,2.0145971121836146,189,Moderate
24,57.91242113751834,83.14403592865202,44.087630359660636,71.26478176624099,80.28491069882814,64.11020802759042,1024,360.3848489442003,6.522326351529018,10.163119527946318,241,High
8,37.302785399275336,30.415556789629335,67.00047236583305,99.43090692701276,82.26335553161644,77.07377878168418,1024,594.873527229745,5.984536510174787,10.08753095371701,199,High
24,45.35551688332621,26.50232838727102,83.18360808887596,70.55372883088666,69.7604501394362,74.1796345375935,256,243.2,2.5150162037194206,8.590635325517546,125,High
32,26.16860961598077,21.667619184616065,36.73797878685167,46.951122298082055,7.658093136761379,74.0983579810046,512,486.4,5.396588369197052,11.3971821339331,194,High
12,62.02648918111713,70.29961806624569,29.23490375398157,68.22827506450182,58.522228750804615,54.407086555155765,2048,843.8187276849444,5.457741270780508,4.117025997299265,62,High
32,96.21814179240016,70.37381214879099,70.0205743783308,50.93972575330427,82.10206712716072,90.11590905135682,512,486.4,1.9814196619729971,11.178111135258366,158,High
8,55.276534024444814,98.95309713745698,70.32880592477035,75.82800911304564,38.96683201081657,74.07196576778976,1024,921.3231124823986,4.48876055460144,3.421821094753789,121,High
4,17.462312325503305,51.84345392832766,91.10181153575546,81.58793051161607,19.80007342202541,91.0452914350937,256,242.72052057979107,2.1576872221793737,6.890404465521804,184,Moderate
4,65.80012001296674,46.55250279179974,11.435111780797977,68.10611672242563,58.762729724147064,91.22973207754751,2048,463.7823707270612,5.634259337583425,2.0134996941789716,46,High
32,40.620069500613134,69.9539941747514,86.77365959048589,45.862178060988896,82.63066273008779,65.85676624240216,1024,391.34568991068204,1.4997630661389412,13.2869099812031,75,High
16,87.0332670632168,86.04869380060751,56.89019556535212,68.11848391501317,4.886995870706556,50.21731519038062,2048,388.05822466736544,4.847888991467302,9.073501315224114,108,High
12,49.12103334848232,94.94191596184015,65.9171880254889,44.887252884064026,59.69512171607357,95.56228387290592,512,486.4,2.619076125736448,15.565738035455325,235,High
12,27.355564804802103,84.24993329432309,18.22342965052733,80.92755733039203,64.3173795339342,88.03473465431202,512,407.78502971456595,0.7351833739792452,15.134899016156217,124,High
4,27.199506042203044,54.13391844926438,48.93534395848411,87.42209349190526,60.236703934827965,55.36259784117355,1024,620.1670028580317,1.3040801873708052,15.978417043477776,191,High
24,79.18877626490443,70.79313882496513,30.457216651467142,97.74281963362233,65.00336842370486,85.08635170015506,1024,388.45657009052974,4.756844398193361,2.518992554233596,32,High
8,33.902883847662395,88.50394613728936,32.88025270742582,48.92812642770738,63.13753076041545,51.00116343344403,2048,318.01690089717874,2.0594429709428854,10.09870567804993,85,High
24,79.05100547433007,59.24877506493915,55.36856032084247,71.94522013199824,13.040388498034904,51.387953461034925,2048,359.54640665874894,4.6017299218003656,7.113628174512408,169,High
24,28.529857968993944,37.334931496431416,83.12103553628012,74.05224205212511,23.493677694891534,76.29116197989212,512,486.4,3.196344079008365,8.98996881105436,55,High
32,38.95177318311785,33.57787517982984,76.94028371303705,95.34859202685878,61.89940052890102,54.80187146181733,256,243.2,5.0026375151956035,5.631510490049774,181,High
4,51.893827519572945,20.01261956624454,63.18999631773585,77.63659843579086,1.7693161136770774,98.21682612424594,2048,974.2577556864484,3.7041660442056203,1.721032570876448,89,Moderate
4,94.88762647241056,77.45903959850274,58.547637347812035,48.73057873871927,63.474451872324444,94.69156133251312,512,486.4,2.5055561315476114,11.61625404410492,87,High
4,93.85582822784421,28.88777670767924,48.457543891104095,66.18107943779135,66.5386623785032,82.49060156239423,256,243.2,1.447824669074412,15.487256107497554,220,High
32,28.618468788005902,39.50712797567523,97.54389762052477,79.28575171037502,23.917475986165847,53.18544854191566,1024,249.9525717431351,2.7171386407383213,8.985727391266074,37,High
16,42.239713711876554,43.83010652182347,60.417329881080995,82.01706592415783,59.81328297531397,66.24176289035326,1024,677.1700203405937,4.626811506523895,5.943699256928429,233,High
24,23.44594496083951,64.83038881094146,32.85697584809999,91.7844399154344,53.40900607237645,68.5861498953022,2048,729.3795670388164,5.31307778378333,15.074173730979595,230,High
32,55.898657138214745,51.83658218366154,30.708171283603562,50.830427190663826,26.06915481531138,74.04399179143499,256,243.2,1.5422078864599387,6.46999794212284,55,Moderate
12,51.452429562519995,73.97391936185295,65.02177276976276,97.0925288053299,46.297401187475465,58.44514370032261,512,237.6229110865838,4.817770657772761,14.717937891105741,139,High
8,91.06841462056592,24.45109274629622,57.05447745798359,43.54836472093554,90.96245294121815,78.8755821398598,2048,561.6659346846325,1.66531681273483,13.83536282237606,215,High
16,93.70048400119654,29.915135541155156,10.69280226592415,99.02572807413412,42.660278045988285,71.78853239546116,512,261.29095983585216,1.9418257326848924,8.930665086231123,195,High
12,44.52106519065629,59.93692028266133,84.70588349762014,91.46602557198452,62.98441768795017,97.36484816964293,256,243.2,3.9535620618200977,11.15309000002686,78,High
24,54.25641487170905,46.95718302774638,73.37101188091913,79.61636696573028,3.5350821040694203,96.80976148126095,2048,632.5954055533823,2.379814962844486,11.504761654234159,72,High
4,90.66126242315198,43.665069020108774,69.56463607102931,84.0997300158653,7.780011332209879,78.27369776699862,256,243.2,4.8003703680371625,10.616375575408863,216,High
24,82.60370269705552,25.36224632300182,16.190259192789306,44.36152035512779,8.130807330331846,82.21746679952676,256,223.57338145117933,6.712548057569999,3.41124932457938,240,High
32,10.329068021018434,91.65753397984011,42.58502651552423,42.488791773667145,77.82407636264455,56.88982338868712,256,243.2,1.4677993086930625,11.391643175602306,50,Moderate
8,38.80536077652242,75.34548689000405,94.18440346595075,46.10594779308193,35.02568948034527,61.16616194200858,512,486.4,4.208320410011209,1.0482712616752567,170,High
32,47.95968177425133,29.729452545571952,87.63303172072274,45.241588879848265,22.761168836581337,95.03577021009548,1024,601.1609091934891,6.501444687375753,11.650552275688945,128,High
16,30.674465531490853,25.20367661897125,35.69886440825801,72.8428740081661,74.73245684517227,84.95829614478674,2048,618.1580149274291,1.6474383482354804,9.32254201937801,160,Moderate
16,27.961445430634488,97.98980267449944,24.135299568922484,52.92663922670735,16.996006255617445,59.47150986415387,512,486.4,2.884530872001578,4.896406332142577,118,Moderate
8,13.40060559361117,74.4938040351604,50.41791614517194,91.61233823240359,24.649252507028063,78.51051530366115,256,243.2,1.3035094274336165,13.056465171157726,189,High
12,67.90327525627845,53.39648568749932,42.02473408008948,66.74491738408433,43.093144327002086,96.73806252447244,512,486.4,4.673245169040665,7.079184083147814,50,High
12,33.625926143484904,76.13848326046279,71.40037390353919,81.7306285874965,33.143806901461325,67.25855530809518,256,243.2,4.849429030015558,8.286657769241986,43,High
16,14.711246058818178,80.50654291841272,96.97913290758876,79.1723855782096,58.53922110366443,59.291018775954264,256,30.12462114413393,4.817185076331641,1.41511832300702,165,High
16,30.788137947525726,82.39697619110234,42.67013049843053,59.1911823357826,33.78406190748476,97.10126384545492,256,243.2,4.023825814361745,7.019795286497891,36,High
4,82.17225575525138,58.230184452244615,15.60017553870178,54.59005441154375,39.29516358588919,73.06326801460496,256,138.97975286112353,5.350695640685519,3.5104418872473966,128,High
12,86.6340263481892,54.39062064998784,90.78526075081467,60.547377117798106,86.2886608249486,70.86209993313832,512,369.7499531374046,0.7332024264698682,5.142149677521154,240,High
8,53.47596206739724,20.882246741512027,13.415475721588372,87.79950243099026,88.45314396280024,63.37835998963751,256,243.2,6.7238376683944905,4.78209248030109,216,High
12,47.44636033678176,94.12456921134704,95.74893074379997,75.17661090517711,82.77111908134074,94.57926474735721,512,32.43782977670486,1.9436253515407975,1.690311906011406,159,High
4,98.00683241516036,68.26463027111544,69.81214852081358,55.21231975115052,86.48309327046326,92.28083834447875,512,486.4,1.2901527964963322,7.907418178714268,98,High
32,28.05081936292629,36.25231497519745,94.75202875977543,89.07078658362582,56.9728669339117,70.1495199718377,1024,614.2060272834938,6.617384279122555,8.838886196948332,201,High
16,29.382335456914763,93.56827355371493,27.969371798408044,43.2855631666184,64.6233214751384,51.530663994853946,512,302.4181574964048,5.897839956350291,9.565939430219752,95,High
16,36.26804593327598,93.19455214162372,13.662981572842686,81.95100249941773,55.71731665549405,72.33257152530697,1024,318.0931221850388,5.471657725395921,7.933296557385323,47,High
4,25.54815864529786,99.13473314928767,53.93889804488426,66.34604834495866,78.558808405292,59.04290082900266,1024,471.01149475098924,1.1808471081033804,14.042903410256104,236,High
8,44.142903838376796,89.92452505111831,50.55610731131127,83.8774231639533,55.100048576144424,57.13670350744406,1024,255.61088794177556,5.748939888895078,1.5651961766296405,173,High
16,91.97508042907785,99.82275102560519,39.83430459293946,95.6476768146056,11.107696455078052,69.65468059477118,512,14.298508483336756,4.458652899563587,10.207129086898906,41,High
24,65.38130565657168,39.57489504986181,96.18908269498277,85.00204587681424,80.95801204568599,54.95384686723136,1024,36.291873697470564,5.2574059715769925,13.991975194604246,137,High
16,47.075189375103726,87.37996681593873,84.0325358945289,66.51792131868294,76.05851706775364,97.87322534658324,2048,364.16326525229965,6.857456818819551,1.615603613685407,89,High
24,94.09697151140934,85.84226470366116,69.54238192380339,49.058540890832845,82.03005952826253,52.37695908906409,256,132.9794598425222,1.7638676512670015,8.44460499136359,243,High
4,14.361780922824009,38.475228737658696,24.657246247404494,88.38105854832602,19.042946338976186,70.06848136993636,512,32.14003790061107,3.778482745320446,9.835407893228473,249,High
4,28.924856011167524,27.875003920079262,76.08910673966723,67.6423316152823,27.161705271496707,58.135135101584744,256,243.2,5.396787651984248,3.863586243650169,83,High
16,60.92997445915831,98.35364109420797,75.43112092297515,44.51873940742779,29.575169726353,84.4405660764378,512,281.39594050642467,3.318766280016039,4.78750163247849,69,High
12,65.39973608738612,43.68196412164883,48.25613562544067,83.14332386661195,50.808053618567364,53.940572460728085,1024,508.0913513951332,0.855245038968355,12.783900063150282,200,High
24,13.560175590635183,89.67134323742448,93.23073187426122,57.511117954995385,13.387708416345978,77.34027871043172,2048,187.61499334970694,1.2243528426908876,9.510966725642804,179,High
8,46.2734882116419,20.33017237396831,25.02800940061094,42.93329377031112,38.538175327486734,88.65507476009688,1024,56.25772252132464,4.4135978215465475,5.736680458630945,33,Moderate
16,68.42385683477855,21.681984577568176,34.06038061704979,94.16506089844466,18.21581610790296,97.50299175244854,512,486.4,2.3525269515399176,12.471328334159056,233,High
8,72.82634917630614,57.26970469570947,15.690190532557029,68.9860655256346,26.476271303273645,84.92637814847063,1024,133.70728610031557,1.395964207466857,12.200733613063687,50,Moderate
16,67.43259122646424,39.097174714805085,81.59058623598287,56.857663190381295,70.63876345584274,54.97458788172918,2048,35.459733379622065,2.709297983909786,6.181026779625836,248,High
12,38.85069019248321,75.18730267487715,65.95834474858574,82.9831934730947,85.48111563172812,54.42602748570705,256,243.2,1.806376058291106,8.329714456739111,180,High
12,18.416811123811854,65.24514604543634,38.34462751131245,93.15414266095382,2.2905866597183855,86.57990242690329,256,23.332896697235086,0.6556065327360336,10.967784003063956,199,High
12,48.44012017774007,26.198863796039316,24.743229723488383,40.018424502025326,56.58969633550004,60.766470250173434,1024,441.92308536221833,1.4867909256865797,6.148738268230239,120,Moderate
32,21.587899363124993,33.010263705257366,13.613299302586633,81.27113110252922,3.605976206226713,72.36196543166244,512,295.947687993038,6.240006745964871,10.435141165017654,70,High
12,95.28612926686004,51.043941604673144,25.007101176334295,86.02070164110529,8.524924501155029,98.83105506756795,512,326.22380508837534,0.5782423362676545,4.766105960976595,173,Moderate
4,52.765377942036544,34.84832511643465,50.79561817038924,52.595645636769575,70.50840346141091,90.99533992019377,256,13.860052682889478,5.530026973361622,5.380312412323884,125,High
4,38.55332569211808,83.37778777951428,32.245927210954555,69.37742988461046,73.56081065021166,92.32966786501004,2048,964.7026195789674,5.397497188165293,5.6600896506166585,65,High
32,78.96736640070101,53.2856188442624,33.30839596887701,45.35715393507615,81.39806731727988,93.03849523640393,1024,521.7934714587026,4.16754497433343,15.040821556232709,151,High
24,54.81537333240375,27.474549347399943,88.80187300009429,84.80499295092085,47.424151177030495,80.9772670060779,1024,576.7870117112669,1.8549104771044091,13.505082131614744,46,High
8,37.9030621611205,58.74743218176999,56.36239061149906,90.84736111380116,85.98074820161882,87.19669619312393,256,243.2,6.207384957951506,9.477489633837521,211,High
16,83.07709681517215,27.26705448491313,75.63267758155732,46.49119943947964,16.683829164162432,67.94804573171436,512,486.4,3.5879911971606306,9.458083141173088,239,High
16,88.04369359010097,30.314984433585373,13.213985412532878,88.98761520597009,24.971641363500265,99.92231132864254,1024,611.830025146084,1.6258404888102802,1.8421978308271356,120,Moderate
32,70.57073496598093,39.16878656225642,42.86470201102259,86.29421022907201,13.450214760197133,63.98110848273225,512,486.4,3.28864685117997,10.742620949057672,164,High
4,14.226798016690056,88.76221641979919,53.125241265589764,60.81479922225384,79.75372605818765,79.50037016517598,512,454.24794141924684,1.7669619803376424,5.921797859923728,147,Moderate
16,60.96905921498789,93.96900258663776,26.777516968916622,81.417371796015,22.86751183866189,64.10308391605966,256,243.2,2.9440509673445097,10.184490431951195,198,High
4,78.69654207975535,86.10061834656553,20.81723873009848,40.00288743365871,15.551124275829565,55.60355252800366,512,486.4,3.728470511565782,13.603506216568544,131,High
24,22.285271087522396,46.726177393427776,88.32734006498583,95.9078592679599,62.31106875880562,78.37929074218383,2048,866.6574189317283,2.8393557830633247,1.6824745878997724,91,Moderate
8,30.5803676246143,41.79571528870653,94.54884643898168,73.02299411850237,7.7082026360674405,67.66743354330698,2048,146.42860308906444,4.770787781472557,10.105952551163965,147,High
24,89.42455945613229,63.93245526321913,17.09260282408667,77.22033184371998,4.4900277220172535,79.16096337616938,256,243.2,6.5834657265748495,9.463009218501444,113,High
32,11.810954966776663,77.74825284264898,41.41168412881988,79.87956481234592,10.671764855245891,77.93392383324964,1024,686.8060061812978,2.7629707597052624,4.101498328441503,86,Moderate
12,77.74544240433784,99.46982305281398,96.24570653300263,73.682141033102,0.024088398716759496,77.11283645717808,512,92.76274926564714,2.812306839937157,10.696494234470185,128,High
12,52.63959632629806,30.525656950314097,17.48455598192184,91.40583325236778,69.69901542217924,56.165056102326474,2048,930.3008485753242,5.298966058914725,9.322528509179365,62,High
12,50.20949429556462,23.943359921904353,67.92772355908536,76.58210992909264,56.223532171447864,72.00903871751785,256,243.2,3.9488410548870507,12.509801860334772,55,High
24,10.638687924539846,75.54847111962168,97.4999233870305,94.46559947442836,20.98751090377239,90.60019696993959,256,243.2,3.2874563575348175,2.6592785222402417,117,High
16,83.74584078698435,86.57806268031244,98.04013017232371,74.93989733404054,23.300494797759587,65.7571747772318,512,186.46032060945015,5.789753224967267,7.654110305560309,53,High
8,42.384241057290986,87.70790238931386,52.41009978133689,50.267345318833996,81.09685984700397,72.19157526460326,256,243.2,6.291734436744173,15.968994006522593,60,High
12,58.668906817048864,74.27708392617285,24.647419700414254,94.81375335035818,50.18201158603004,74.6915795160134,1024,129.7912045143903,4.338812939306694,11.339212723067057,56,High
32,70.95706177020935,96.32126432953497,28.187588347969495,80.8976499015866,69.85283570817397,93.13656562958724,512,271.35873463534995,1.7031712729107895,11.264473339547328,78,High
32,73.23666187941242,60.88038108356695,90.06412556119551,81.95433966613336,45.275545127491554,82.77998846130095,1024,497.47279763888076,3.530858278512856,5.768066505285145,102,High
12,96.03820529434651,93.105183866897,92.05147038967624,99.12890503429611,23.771802602079227,55.0101267418657,2048,835.2933034627233,3.778409303962872,2.408321563317745,223,High
12,57.82059579129482,97.42497095932184,64.70916794861992,44.51179325257475,97.04028006829068,93.25854929025107,2048,538.3861808701598,3.3093478212205865,15.242415628540309,227,High
8,45.97475958769848,87.77259656024862,78.95587595229202,65.71555642571028,56.56475633753975,91.6032987741045,2048,252.01896224878513,2.205807212624998,2.5820710445289072,188,High
12,95.83332638425371,44.78068506068965,76.59381263233674,54.345723579196914,13.09819037679124,87.68229902995877,2048,54.17486414182069,3.570091750205054,15.890594659064972,182,High
8,67.7899211522969,35.69725209362362,69.56394381901963,77.82558788281943,40.60900421839067,73.30290091594188,256,243.2,3.402549988634983,2.8867145863290347,45,Moderate
32,36.83353206489001,63.849605198545476,84.45492593847452,88.40870102488432,32.93374119469007,87.87726917429035,1024,425.9582983929816,1.8617079056876014,3.5636102278889172,138,Moderate
12,21.381782086321405,56.24118003041508,71.68659607362889,97.97864253354476,21.408746858852133,73.93710313213786,256,243.2,6.3722992401844225,5.625504325750481,163,High
24,85.82990513186631,90.22066737541864,58.06020751727494,67.27576641728321,93.34399892402595,86.83117671635814,256,243.2,6.254716180508542,8.685627902343073,116,High
24,42.59634425147364,28.0025336853723,31.32607263293411,87.17309383855626,88.09199954597526,94.00550824862681,2048,810.2791910806357,5.437506784928833,12.856024781661487,140,High
32,69.4422749227988,40.61920490492149,76.94993297067572,95.02309552242278,19.91471165201164,94.52707925652984,1024,22.112672651592828,3.1061527544798286,15.565124529022581,150,High
8,52.37347774293083,80.14391556149668,52.6094081054447,80.99952595215308,35.21478890555167,72.72892870937272,512,486.4,2.9072224012988817,6.382373214361487,226,High
24,27.90368018155345,27.59893159818497,36.53125156067584,54.56395314698627,76.23153916708216,92.96713396760146,512,202.66717756873788,5.157024953073769,1.3061963983773892,174,Moderate
8,64.15179477584186,45.661153121736014,82.17516481675978,76.4712490664675,20.850604814021565,55.07286902538566,512,486.4,4.452775027519948,10.25019284493705,38,High
24,15.461476205561409,50.97243152431865,72.70422403177255,98.1971228690312,59.156486260424444,55.09097087433905,1024,452.9473565925615,4.403889105653926,11.661847918731544,119,High
24,47.2008213884073,69.8075037250152,94.360560681223,99.25322973169392,69.97939421248167,77.413347343374,2048,575.8878120719031,1.3067249287165683,6.961663233034998,219,High
8,59.195344569730395,32.65061165754916,24.889747601698996,78.54158942300668,65.39723257107664,82.59223092281346,2048,142.10909412876623,4.518844571920415,3.75214073464635,42,High
16,49.24422767067212,88.84835922797676,68.42703561728439,93.21926547231936,70.64086402755005,57.64968879892014,1024,462.32276459703485,6.362109572301877,5.59023392107056,164,High
24,77.38049577258917,55.80337883730194,31.98155212793584,52.020961830916164,70.66995890287629,73.60900224029965,2048,46.57523909214648,1.0578070593578173,10.836995639798694,47,Moderate
12,84.51324590907812,93.36173695044452,91.32246867714775,54.764716297133006,96.48059198489284,54.718133390796154,1024,50.58935467803449,2.7046134439601177,8.412743046519525,130,High
32,79.41187666298602,57.429593090714526,18.95494728309541,97.17325677309158,34.64988895203196,80.10497427766552,1024,661.1607494663291,3.80859289440597,12.15136042978381,74,High
16,13.49316530306219,42.00322071525867,69.05456258003895,48.11412252968847,87.85904243758395,92.75470183764239,512,486.4,4.9590617164046655,4.272553667849714,181,High
8,27.4715893401375,31.34630629501399,81.19771493752269,51.466386285608735,2.180706251510678,86.88194880097619,512,486.4,1.0826270421156328,13.62978427455574,212,Moderate
16,58.29467583373969,20.299607576902787,41.94260563282364,65.23291594720311,28.820296332328322,68.91457762146356,256,243.2,6.173240256377488,3.338273772950865,61,High
4,94.13398363994212,62.57259879878685,95.87242714454283,75.37505726520102,4.865578199913156,99.68968983185607,1024,65.31203269144919,0.7635465326529844,5.948731433686661,36,Moderate
4,85.14610975469051,28.572535754153876,86.56576161274336,76.2290331380963,65.12039599558402,83.14674882330684,512,54.569947962533156,6.074982834247077,9.868114447828319,49,High
24,85.82810575166215,51.33822109049426,36.5156469716413,57.518560519933864,10.079037073161956,90.76242172212395,512,166.3133384969775,0.6797364131241584,12.052947874787042,151,High
24,37.288737438370745,67.14174089896693,10.67869834443988,95.2368338770209,84.57068636520462,83.48486936458664,512,486.4,1.4979014781278122,4.992722068060338,176,Moderate
12,48.65031073708323,42.05487175221602,36.69914585062548,94.90599445647177,64.65916837902597,99.47081455435634,2048,404.67445577675153,5.702104876498877,15.221796032227616,139,High
32,52.36353525843437,34.01794338928922,35.31794234236683,63.52408318314235,2.8815401053605694,91.06798836088865,512,486.4,6.091068841824559,11.591669247953876,219,High
16,24.163442501491936,81.97772980874733,90.09681467508182,66.05750616581783,71.4777365434623,75.97116089477203,2048,708.091014559111,6.884727890360467,4.265125476383684,43,High
4,12.796131722001068,95.74329378252965,97.04090604292728,82.14982700943472,86.2034947256961,68.34397814187949,512,486.4,1.2521463842338887,11.886483034428554,189,High
24,95.22126095144652,28.03523342895728,16.33959873732343,79.77975378393404,66.11210076621494,84.10774145744212,2048,948.3478505372042,3.9219322545891058,11.44500542076837,38,High
32,31.664132709715606,32.44722595080063,52.416534567998504,62.937820897657744,3.0524215935032184,79.51109044035044,2048,238.10745491283174,1.0015128725079885,12.290261077173385,129,Moderate
16,31.59540133512682,96.80101258021749,59.349879867681615,64.85465509126021,85.79195484604065,81.46752955137727,512,460.3407658444621,1.5166495687650223,14.738210870896538,206,High
24,17.504114839188357,23.0227377449797,18.3620495196733,60.88233660529234,73.2463912934035,67.15058831418784,1024,866.0757360178494,1.6342100763913614,11.675757780687988,119,Moderate
24,93.56569767494007,98.21058692403778,43.97479382237703,54.12310041719847,37.845131248398424,71.43642102852772,256,243.2,0.9120236344840553,6.278654393261607,241,High
4,62.17634034457948,20.3715586467991,38.53741756536556,67.48830177544838,32.86302583155026,77.9048287445325,256,243.2,6.304368738534191,12.85776216620057,122,High
4,70.03331714128186,89.8934924521065,58.24507188943786,81.18604791415243,47.98201814074401,91.96417009609215,1024,216.82725267385402,1.321310867093339,11.43792636703439,45,High
24,92.04191985367473,44.586014479019966,69.50718097587442,84.51800231885758,86.71017509378709,88.14544588814516,512,486.4,4.590715479580104,9.613887787878667,181,High
8,41.10581520107105,95.08710865418372,73.31365994469098,86.73241889535775,25.205935186955752,55.932793525139516,1024,22.661005309567848,4.567355919660419,6.307493399953388,187,High
24,65.93565800242757,45.355623090846834,22.307952125204878,62.48392080718729,10.096381124120112,62.27771250096959,512,486.4,1.7911938348803793,14.815737646124191,165,High
32,13.491950925599872,72.34450572272448,83.16529317501593,85.87815965709842,86.46363729610499,51.33288624665137,512,28.23380823405098,6.989673198032578,8.691321141286672,247,High
24,26.80952754080164,26.402605581274933,71.0687826811683,40.390978941512515,2.6289848880722944,50.39802839827957,512,486.4,2.757890525773261,10.421550655558525,108,Moderate
12,84.81212245809482,39.38638491629912,90.01674250720477,68.62299626301294,91.09970222440646,61.21877346401209,512,486.4,6.383113411262065,7.230446320409118,143,High
12,79.00915207045021,81.89434771834006,50.44024534918907,87.63426400796145,30.574519430140068,89.96604740046648,512,486.4,6.6638507596493435,12.712229632221792,167,High
12,41.55784223114322,62.29486829430557,90.45007864499723,77.8026832384812,50.82227016882677,95.23738290871935,1024,479.599620358088,6.668427292948026,6.115592595806585,193,High
8,43.912956499679126,94.23752494296357,87.91967101204679,68.44378744927046,13.229552475222805,69.58841829492991,1024,853.906029361725,5.3934443194111985,13.159515872634264,53,High
8,58.01989901982215,54.30011266730834,49.45683991233427,78.67852039638095,90.22549693766852,78.15992983033394,256,243.2,2.1497325345278897,2.619121430073711,165,High
24,10.02169042166211,89.58498926511385,44.30289837636808,94.41676018891984,74.98362233844047,85.30263009776904,512,486.4,1.284259786766677,11.63442841186883,30,Moderate
12,31.71199024342251,55.916434998259,93.9530813473231,73.98290803661244,92.41555866080343,97.64683496258633,1024,124.36658791939792,4.204252351502442,8.153232238466103,103,High
8,28.7408627747393,98.33986229615883,74.36482610845938,87.98717148760637,68.32290511181624,95.64661186487157,1024,59.39965108286796,2.840254352130568,11.48130344382862,140,High
4,32.54346520747871,96.78675051191014,93.54208117942682,98.84456351351184,18.46937767423261,52.859615169068995,512,38.243223840480866,5.901753576824959,8.97093464570002,244,High
24,82.53152582800972,46.330936444486426,81.72773010062318,82.33409212453401,30.82670029862493,62.40829216046404,512,155.73392561885683,5.342435342008885,3.0145949155540293,131,High
32,35.17064708917988,90.87389363334425,64.83676953622728,74.39954583334381,48.684857510347335,52.457227197758854,1024,670.3378113518716,2.2970439251271753,8.15487313825638,231,High
16,27.236918984513334,87.80890993725194,20.426749930338808,42.249156827520416,60.72582053602069,80.82712104945256,512,486.4,0.6105990189832371,15.468384559970328,190,High
24,55.383711471372834,36.854431786205026,36.23326053211886,62.46867389527525,92.64594373362736,85.52466582363195,2048,754.7297336004502,2.0425524331809277,12.322609018551827,60,High
16,87.90805327354587,69.94323206266158,97.19581663885523,73.9265640109071,38.395146578913895,65.41417061782558,1024,199.81303337468643,4.186251297574732,5.502839230321706,106,High
12,31.72147334537499,25.81458524718519,38.7479888842784,87.83239430236195,70.30720219071459,92.69259540666073,256,243.2,1.0134835693818618,15.161712218602682,91,Moderate
16,17.068261851351885,86.93685764667693,18.39293828068337,66.28628737885458,96.10088489108219,72.64063752057488,512,486.4,4.778771898157997,12.684194157836615,64,High
12,42.07642622646982,33.96367068027972,73.67980203273878,97.6034965458864,15.2374063415453,99.91907575485064,2048,936.357400568248,4.866025851019948,6.466706816172381,201,High
4,77.288664210848,25.66517611086116,76.06038290893159,56.30762515742049,86.27095887795481,50.019984629466244,256,243.2,1.6010604953392138,10.053609486642776,204,High
16,59.562149022531514,52.0175276431049,35.69119482584357,84.67403171261898,42.07060703931986,55.474485420927834,256,243.2,4.3760685215553,7.400284060545843,189,High
24,83.51140326169127,66.15377108797148,36.79047814116734,65.14188502504766,73.24217759293367,65.08966214676701,256,243.2,4.445314281748019,2.450355908379455,220,High
12,96.36329328483106,88.39335668478168,52.20036869579055,69.15930967395435,29.353833873708368,51.27537989768566,512,486.4,3.6068579513013512,13.090441095427359,51,High
24,81.33962290764553,97.93940204173892,11.961005478603,88.15012203192641,33.398421826600156,89.11697288691254,256,243.2,6.696097748937682,3.8661718769128246,164,High
8,64.3422770959378,55.15940100558909,81.03907093250473,57.77291569910233,2.713322486806613,52.63858939356436,1024,954.3968862382388,1.2030606719402472,7.870574442385675,163,High
12,54.400742924714244,24.835753838821617,38.53799085467131,45.80872339570859,97.14041531669596,87.44898166469136,1024,34.54044871651958,3.1430668465689795,11.539571813328672,198,High
16,13.606217771344,79.92924632206964,86.83867918017798,71.21533507680563,81.34525752307844,52.628422939477474,512,486.4,6.238985019645547,14.983205332402996,237,High
12,98.58897809326372,65.213860497915,82.23673794400304,71.72767670822492,9.391795792622048,62.63636323265228,512,486.4,3.011041113487461,1.94089135670594,41,High
24,44.51330103175383,55.83130758755705,69.52618298069048,87.83006633352242,99.95087956637745,92.06384078292649,256,120.67977430225368,3.260157458534677,6.898503351760564,230,High
4,23.700539252518013,44.74151030337517,39.238738038935985,98.0991523739261,60.50245972029414,97.55476471188621,512,222.76215703992173,4.843780222840192,10.21971587329533,197,High
12,70.0037969856811,60.19188222748285,56.468490549505304,43.318041179700906,85.37286379643831,70.72631713302562,1024,853.6376910757645,4.826163072267282,12.68963958177918,226,High
16,35.58594601859134,47.09436835656248,50.03463318381631,75.50136842458653,6.666076327786897,98.49694821562757,1024,511.0557852980508,0.6488627298519751,14.813967641507519,215,High
8,62.72004438379429,80.56094941978883,40.49936976238068,80.876711818888,38.94511784919237,81.34404618792712,1024,972.8,3.4620332697342,1.0074597257968467,160,High
32,62.80911170601321,63.511495719411286,86.33226603728603,99.1480810449113,66.96511223036099,70.79175612164657,512,126.35579840992132,2.667826990539661,10.416450740481663,129,High
4,50.11568388125823,90.14782193232895,53.51563671198988,96.5554128566147,10.643371869970153,90.14006719839585,1024,418.37842926112785,4.58001910645411,1.1040538779199491,72,High
8,85.25067539905383,63.483513171955366,84.94507880174318,82.74704588271865,48.890283865400065,64.76642600701005,512,338.5556986499525,4.112065052019265,12.808829313111952,103,High
12,33.847035539989875,39.0609930671944,19.469662672764187,71.30736467466795,44.267787454414155,63.28981306801092,2048,520.9740817042725,4.730600576239036,3.2449989552155705,37,Moderate
24,50.37693324559608,88.08735057857156,22.692230974030217,49.691435337955674,21.604022447357973,82.82738384555371,256,243.2,4.749488012289026,14.419309590167888,230,High
24,58.392291573187435,64.57752359440352,97.95882746016791,63.05059331226504,30.026983585180222,69.52436809840475,2048,665.0131746878379,2.156667098499619,3.326863536190581,170,High
16,69.72622486905696,36.5472830514849,62.899161634548065,75.10733950342926,96.71183544949824,56.79590134724898,1024,11.282921112660262,2.1020209696997014,12.4649347286887,213,High
24,80.55746654550305,69.88062479649777,55.87927061491441,83.51202379574522,28.864848600993597,53.34821176449544,256,98.07082944375225,2.9068355676504956,5.339558917209275,176,High
4,45.53265545904304,48.617341195394204,57.08404568297005,78.12397344874674,21.342613396841102,89.39212881242386,1024,44.713195319392376,2.072729993488511,9.35880822745381,52,Moderate
24,68.14422496869363,87.55244898336527,29.374189662957384,82.84736810966447,53.620917106833346,83.79553659011722,1024,865.9531549342945,4.938252505821335,10.126513526569484,72,High
16,23.55498577616672,56.26397909172343,74.68335545517758,65.74915027311386,67.09580340702979,70.58991123033016,2048,320.159330628059,4.418628838958984,4.101409729707051,53,High
32,93.93832904882308,78.11530864859334,17.630256135677893,83.65763743426055,72.50931110695649,94.81138175855284,1024,373.39280745760067,1.9065155431733258,5.480453252890821,160,High
12,44.47529257789032,27.642896610898973,61.59913417927209,48.62447536118315,75.42471844969162,70.54283762212998,256,243.2,6.246681257197993,2.6126167365578725,244,High
12,75.65692797787946,51.68194770418769,61.36919169273113,49.75517870578681,3.6832491514753096,85.51477357326917,1024,850.81135328104,3.4943069979623775,1.0793350806562314,171,High
24,11.830697369395988,98.6593149177919,92.276958172016,49.76992874976777,39.37604003795633,95.45576376036465,256,24.024598352513564,1.3258459513958312,4.592020577740946,240,High
8,28.466842861432628,84.67682315817187,57.35645290943743,93.45189742214657,77.39580797830902,92.03577293542217,2048,127.4320916360519,1.8842763225952834,8.740035337585557,190,High
12,53.83742898912202,32.79526418935429,22.33564263767616,44.56204379851807,90.48521018001294,75.55523881697894,512,486.4,4.009028660347245,11.703958891374722,116,High
32,89.04272209591119,42.22112395818041,61.54779333233463,88.09050236400856,60.220012333278326,84.03181962233663,1024,964.2535974805211,2.699756106961367,12.903394376378976,184,High
24,57.452963495560944,46.385264708508885,18.219487992879912,54.014253882804226,5.230685350968567,70.68328883636845,2048,646.3585570840376,6.032942587864044,2.0464894110496314,169,High
16,93.6883434064491,72.02924483963565,28.341445176992952,68.10579642971504,39.66458058551312,82.3598586147057,1024,268.512233782848,3.715780148114106,5.086193298233371,75,High
32,53.54172069245167,80.55958075917245,12.799772576867452,94.95739572794068,7.422711586845465,62.87762191726979,256,243.2,6.449416202823624,12.553359681124967,140,High
24,54.140418706235494,79.96212870463279,56.196422421354846,75.1562337812504,74.85378626845845,71.73710568847767,1024,972.8,1.1618721260993061,8.213033123768636,228,High
32,20.77721096504787,60.78992450451223,17.607935376421512,52.60706117394152,6.350546928166523,60.47728688009195,512,486.4,4.845855364465928,3.7328048098982753,75,Moderate
12,82.23906197369978,84.8656430270521,52.245494067819614,57.04540361912843,18.573106673517724,51.9092476339774,1024,379.77255343092037,6.2576015402924785,6.8832101184473675,111,High
16,32.22688712203562,54.96624662059801,93.96505317917297,95.22679743374715,41.695842396477424,79.42699252876861,512,389.5912992903331,2.4040480911219317,5.050512863499339,173,High
24,90.96512404350835,29.910445223644953,74.77852717173988,65.6286355065987,46.2648367114872,93.22146726753988,512,486.4,1.3819693760493723,1.759802578813313,87,Moderate
4,91.97417982973565,65.15534733230507,16.967050680276373,75.21912898040736,40.64817003150123,51.27891373115958,1024,721.7273614643888,3.4681907968582872,12.454407183971027,171,High
16,94.89791006867347,96.18411076808853,30.178883098795886,67.59593179752332,46.3396646606,59.80148703646479,2048,690.3011270658268,6.748672471129512,5.37540491380238,114,High
4,56.8207440192781,83.43949211140091,70.62961779040907,62.706285282906975,71.32391520201999,73.00925296352099,1024,239.73377847383932,4.617502515771583,15.176969918995892,200,High
32,70.93844063052799,66.2960518153794,90.52316749217653,53.396747615944115,36.92688229555415,83.29484084211266,512,486.4,4.685850311696556,14.321875606690279,248,High
8,80.06642920554971,71.74445282792774,12.962672808755839,81.17149002907612,54.775045915061916,58.56145968349432,2048,363.17774653709034,4.864758154448826,11.744162203505619,54,High
16,21.791315678541906,94.44496216284581,83.12060185485346,83.09452157632722,30.336925752873224,52.83474144853121,512,247.79951059541034,0.7584489413596408,5.899515808394633,131,Moderate
32,64.08614754977475,54.267423554796835,60.56324923044778,56.493105496443974,35.362749509048264,75.95243588634446,512,486.4,3.396723708608551,5.1988532902157525,172,High
4,13.086811117298051,46.51153111541099,59.148219276675334,87.34065058328983,61.379895904208084,90.93548565286544,1024,389.3242506749873,1.0042180678711123,8.12907220237602,103,Moderate
12,54.78094750498533,98.17932520003592,96.20318644780221,91.27211201810077,49.049465163702,51.76174546563856,256,243.2,2.5530823909176994,6.319037504914613,187,High
12,23.935841345820467,89.07545068082668,77.28801513370958,95.24050577437782,72.30362948592811,67.4684725179513,1024,932.4031926422844,5.840393658189703,14.517374860381898,73,High
8,26.463063336587624,45.843486769488194,86.51069812505007,49.67274483510219,56.05385880517497,83.17573713966675,256,205.37293249156414,4.76575467322569,2.8524270892185184,166,High
16,42.85428100233414,57.102447788873825,41.85960125902,58.23542101679598,80.35740853838729,56.53710030512335,256,243.2,6.971222541779548,11.867013634225637,121,High
16,48.91934500448527,53.20625032062392,59.89276367455689,91.62120085022174,44.340821299471656,61.797338844637835,1024,656.2196730196201,1.6190037584224,10.163451914887867,111,High
16,66.08551820789685,31.927654293714713,65.38651096849937,51.91241216967364,49.10336198668015,76.77463218931331,256,243.2,3.080852535205251,13.094517870045516,168,High
32,16.69855765946641,96.62554590506073,38.94255463262186,40.208107554609725,66.99713489009396,97.6615848182109,512,486.4,5.762661406099074,9.137309901253099,131,High
8,55.332258511370014,52.3449944975807,61.32233124526596,92.24963861509806,22.124394441204885,64.3671309121878,2048,708.242265760245,1.9019954155572567,10.443110164232152,95,High
16,26.4362617227791,90.02632661103264,31.298984153174246,59.58696650508216,38.592953693126084,74.37637106103551,1024,321.4259440901247,1.4991920011393125,15.441109479497133,51,High
32,61.65776575285677,35.148498214453205,22.90381039614156,64.869851508337,62.48412440117078,69.99654315322091,256,243.2,3.2794816204598694,2.3794232904874244,116,Moderate
12,67.36641510350651,63.82966485097758,43.65732333495993,66.78004154323827,2.8876269265736387,94.869833601504,512,486.4,2.9942221860237597,2.57298488225595,177,High
4,60.10383308975685,21.916910809941584,76.53606658717933,90.89647604003372,43.69714336339416,53.59449320155578,2048,32.97060427567858,6.871338615871785,6.904115270918463,138,High
32,76.44659594304768,81.13763870738468,92.45684332664987,60.27352867560762,59.88499363061168,78.30737956703821,256,243.2,3.46563493867323,8.090991901014892,186,High
12,40.204831981681124,66.47311185970227,51.19426463484093,93.5367931513889,96.73755319781978,92.30598495949721,256,243.2,6.096151230167898,3.9980806309399393,119,High
12,78.85959324698177,70.04716667758021,67.85413194478886,77.01634828288289,87.70165616176712,99.4058788531296,512,193.1667738608538,6.271775875020283,2.240016954743033,220,High
4,48.94903735373743,24.137670604372275,19.273341787759044,71.63720344202105,28.074195294265813,84.93627487609037,2048,239.90236827809636,1.5261661416136603,1.332643848462395,70,Normal
12,53.576604849033714,36.88306641668923,91.40173826970958,59.53687042764774,50.721010402892475,68.99677378332623,2048,69.15348158187868,5.149481208114955,12.468883756687578,152,High
8,68.32919145349643,25.946469788286414,61.174379221294096,54.62270177687115,5.641437266009131,70.59121762669719,512,486.4,2.304446404874122,8.275860904957376,233,High
4,11.652254559930157,43.11314526430494,80.23044228626414,77.44350656664092,24.075441481780715,67.58411098713819,2048,871.1704517928936,1.1158032937070919,13.651051447497537,141,Moderate
12,68.85947992782235,70.19512061457208,81.49970808292544,66.81364960339457,77.48558680680901,80.18065499034768,1024,525.8454089459051,6.185581922160314,6.4125585255785635,122,High
24,65.67266341649038,65.29487874539001,33.08324737312954,94.63096059592039,12.331401227534455,86.97028853591254,2048,717.952146771521,2.4008147662617842,11.551691950419624,112,High
32,37.88624050779519,68.97198572907122,57.62570078636646,69.49832296684298,25.76905248339566,90.97337817944654,256,243.2,2.744876856240266,8.327807835447407,77,High
12,17.721485640954054,63.940101710231545,96.44317764048797,70.70769500207146,94.40425017358079,70.8296554841586,2048,813.463155006324,2.60592873737571,10.181049979197855,56,High
8,18.184190492173705,41.84230365406875,18.0671090338745,65.00339686816005,82.3855800492458,85.83542511295195,1024,846.3175396414413,1.8019202491969042,6.5529526168167305,123,Moderate
16,93.09013722867057,39.56059978755402,71.4744908226607,87.3557798194771,78.1827712648912,95.81112960148883,1024,240.46252387166928,3.324271983186056,2.2175465567101114,188,High
12,72.03513891032534,30.964774682926503,96.60376702316547,65.49035188655623,86.45574903021569,96.04123972253527,256,243.2,3.283903335215858,15.210603733172132,121,High
16,21.439235239366635,87.92566999227937,37.051939724861995,56.1605199849853,74.96056865823539,85.20145013573213,256,243.2,3.156885567122689,13.541347793779213,182,High
24,42.105085237801575,69.31834868329956,87.53031292639133,91.7218524576106,12.058621611823494,81.8451096406268,1024,972.8,6.455935356517766,5.678376597324609,206,High
12,63.32346945114368,34.92088100032478,94.02917908674445,75.80969328191442,51.65613264852313,76.57630377625034,512,486.4,2.7083855865227737,15.38054403315916,227,High
4,85.20145345815838,34.176750385699165,77.23775884553426,75.49061318614011,44.4243920802322,59.15988340910643,1024,898.6586606367157,0.6974629042370184,5.50733097122674,221,High
16,13.929483584170768,89.84284812209094,30.819548107626243,76.6493324298356,31.115157827038008,56.18148263027092,2048,847.6509304772168,1.659840540565046,7.644850303253055,85,Moderate
24,31.296981832300798,79.41846910106554,40.060064694393446,83.13038489234,83.40404097196054,74.28555033946901,256,243.2,5.18973099772758,12.327034910333158,164,High
4,90.0774091265842,72.75192639242971,13.222836497595765,58.78407935875401,46.41392023742337,57.972207810372964,512,486.4,4.340580941044323,5.635063724985706,99,High
4,10.824899516543484,52.549128603143984,84.83079108208197,42.03066224998017,6.0297601357549695,78.8499962834668,1024,383.64751054698206,6.686276224317706,5.867619679535963,192,High
4,28.125919251449865,40.95804514228141,86.46500678599719,88.63558965262058,27.496558372026826,82.28513651506091,256,243.2,5.013828196740741,7.151232381590004,246,High
4,96.31217583756694,98.3560610490259,66.94392789695735,47.73430323289824,22.86210580294451,76.28077987600204,2048,783.1559868102422,1.7625708770916237,8.02584039403996,50,High
12,65.2061661869954,83.77916600182402,41.72750661374662,83.30918423263265,88.74788848112836,51.82133562563068,512,143.19822897866086,1.2841874210774704,2.854243627201415,76,Moderate
32,33.55042299737558,44.142337850902116,16.91299248759285,44.938917897239726,64.74381006389999,52.88639794011661,512,312.76696528383474,3.884938539544099,1.2623748702908935,89,Moderate
12,16.029198495626282,87.80518370227958,77.77518489234185,62.518470521709524,56.03762658820751,55.66705923407427,512,486.4,4.824207784925225,14.787357892825812,141,High
12,12.537220640249995,80.71455588917452,75.38735742489305,43.78156418989229,50.66492416787051,57.68229024941695,2048,425.8649428782791,1.5766387967954865,6.297829480344896,174,Moderate
24,32.027057167323456,43.76644399023987,92.1342269565011,71.33282077766347,65.01130275414656,99.49413068846667,256,243.2,4.411004567487669,2.5253290232730605,119,High
24,89.33372376300194,54.124228339331175,75.7478818904826,79.1881463668945,75.48755467771248,67.22475084315613,1024,958.9210089229451,6.122686445542774,12.387571032100658,46,High
32,47.43222888677585,34.876275631282134,84.58254480196017,50.2859884706913,55.43847058315099,64.59866868206431,256,243.2,5.229198032604788,5.425910064968362,228,High
24,74.83000322493938,28.884195550248748,77.13591561135996,62.29765710630413,93.82854151526105,52.61333178321145,2048,543.6712714620245,4.817242025731749,3.7249611130217053,182,High
8,92.64565318419619,77.82096262717573,66.76184694810848,95.81436946258322,97.68341706503846,81.76601953427982,256,243.2,5.630651854314509,15.439165492909995,191,High
32,46.723641544253496,41.40094858830933,48.42697547719083,66.5433470264474,99.5342316608823,82.60953925656403,512,462.69227598183176,1.1765376088492512,14.808143371811644,55,High
24,27.214963393365736,85.60474925970028,91.190557777805,88.1526141385934,66.93911100886447,58.772434478933235,1024,198.19748326107202,1.8249044627727637,2.586187869054853,35,Moderate
32,56.54061377712275,99.64869692115408,68.58717147167229,95.63108470361254,93.26204667558784,95.96207704623066,2048,749.4994769367014,0.747646730667629,14.48927814732332,39,High
12,91.7275318353869,26.129585114371892,45.85197897693182,98.4607494986372,40.44796953079547,90.02467732975637,512,486.4,1.4423566452739192,14.363012890049127,110,High
12,82.39369727239306,57.84281000669602,17.51223656637615,93.89932118148215,85.95923912473853,61.5159658403754,256,243.2,6.435685227351922,10.515618293777143,235,High
32,15.92468590268384,84.16500474486425,36.163437031394395,59.04431974953815,90.91742987396809,74.29248654582688,512,486.4,1.943942031462535,8.94607001335272,160,High
8,72.33155200698236,83.11607172329869,58.93540613471483,97.75437316967158,90.41404723322756,72.9195428099425,256,243.2,4.803631906248109,4.2615777670196255,88,High
8,61.470777021305835,80.79977266647748,34.80718330145751,88.7437145047628,83.08462829083815,67.42602221711604,256,243.2,4.99518711937996,2.8207641310880343,141,High
32,91.6716858711783,47.919594824152874,29.91118131261119,90.23053501836927,40.65991616412504,90.88173564128066,2048,655.5187527270172,4.694615486227322,10.095535764400468,109,High
24,21.02332751652675,56.308260454804184,57.46541626790625,40.910379050310084,15.890748198073435,55.46322428105755,256,241.27343102765514,4.100486816783112,13.32935885084339,226,High
16,58.0632501884191,67.59746858731762,25.283831130616115,97.25433179909763,33.39563563444459,70.76571199138964,512,272.58062453921764,3.6598472584042767,11.329657818138315,77,High
8,89.1516424160703,97.91524668586058,82.03690569925931,86.68541343092444,76.7288569298093,71.40155652746085,2048,849.5292137351246,3.2294854715754706,3.712006355010339,180,High
4,46.90214080675687,46.20378167507943,53.59313362083922,86.078049790474,23.288551132997526,73.43628023070899,1024,930.1966535474207,6.459841528018851,5.3502796037756495,120,High
12,53.379542595958036,93.85151101734861,61.647649656638514,44.89148385571517,47.82720648259724,93.06749955493143,2048,264.31383177462897,0.5618433457014445,9.19626380784279,162,High
32,16.341460990026246,41.54855345443953,23.26449408376137,53.95411246439988,56.5399517984672,60.90834351007506,512,486.4,0.8476825691749496,10.374887763151934,213,Moderate
4,35.03292764040197,99.12595723789637,39.21187020664306,97.73569990827394,60.38585624378753,55.146158675613634,256,243.2,3.701331025767215,2.083789187610334,195,High
32,39.20559842520526,73.62109494620734,46.90807149350376,70.04062448832858,93.57255483787986,80.89042314105541,2048,126.0946918871598,2.648315531727255,10.210774573670186,239,High
12,95.06102038703982,57.08091842868407,82.73915474648527,63.871481094235364,66.14930204143175,58.69172374890236,2048,67.64163929054857,3.1534963851711453,12.044790922954341,105,High
12,35.44006244870431,69.07123424508839,79.31435707775373,90.39644902881483,78.62988160773023,53.746604292730986,2048,249.69210842430698,6.986015377133119,3.7203677291173882,114,High
8,51.47818617426868,41.80249352321654,30.067972730891324,45.24042484683666,58.18783478916334,71.33246102855267,512,391.39407527046296,5.538375544775431,4.693280725795937,36,High
8,70.41739812078518,41.93390860091733,65.4561173446307,65.01652097626356,83.35803188619633,60.982321542907044,256,243.2,6.203151713923463,4.883448852680713,174,High
4,24.596503516708964,29.08436350747951,31.911072199479783,62.542046465325015,26.366361306976284,68.06083094339918,1024,249.7364197089684,2.8957346675964915,15.09715378863782,38,Moderate
32,53.7798148427687,29.1240238164319,98.94224401212207,60.991083221823565,20.987767166878925,62.98555400512287,1024,371.8106915013844,2.057142860040149,7.105241811819841,245,High
12,76.46851355283168,47.813739317512905,95.69114903177835,58.46153461918439,92.63200487579697,54.63182313617079,256,243.2,5.4919380440959,8.958571845768493,232,High
4,88.01696917243595,81.02843823170973,60.69382484685585,52.60449740740468,69.34808763573784,78.01736014621008,1024,309.0533471074087,5.749244612671232,11.864715245755361,118,High
16,66.3633347196184,68.63769340785299,72.90123147047287,50.37464817943133,67.15255770582212,51.350920901974284,256,243.2,4.0743398988322195,6.571903950804541,203,High
4,70.21481637852531,28.206764826481667,82.12873439877805,78.42436701518045,46.72952386284499,98.31876739971997,2048,437.7570410560174,6.323619845207478,2.5833332041653247,66,High
24,21.365512532611206,88.17892199807288,74.88985780404136,95.1636904725207,37.66972592935105,67.06652608674831,2048,204.48050313258057,6.7876141691696175,10.814828060780808,164,High
4,95.11988475217125,68.10941015920531,72.98458219741788,70.53109871499288,55.569119447863876,84.75787552449019,512,486.4,3.5616344098035158,11.009097498605884,46,High
24,21.931666973603413,96.86844614278237,96.26986071545753,57.87847314079866,12.05663494216671,90.5181436273725,2048,36.768445023117266,1.9473333405747593,4.908217225018211,148,Moderate
24,79.72056434636185,73.6148373928966,63.6810495676555,49.54961186333358,45.471256108310776,63.955239776977756,512,299.41147682224914,3.8612351958335394,1.528433647760827,70,High
24,33.83346896004869,34.013989096334484,67.26724046371501,89.80860190315565,45.53677044654809,87.4369354555034,1024,362.6197237766949,6.931965953891639,10.980297313680646,93,High
16,94.02338293311264,57.90266898462578,86.43418753943631,98.28952338839284,53.833651294426524,91.62104277123548,1024,463.63607243775965,2.40402458794002,11.551383286723333,112,High
4,74.79635854325316,71.87980780377633,70.29017810725661,60.94932408807111,63.46856143672023,62.065861690580675,2048,683.070539656378,4.514395604263207,1.3909733885914701,86,High
4,77.8432341680532,22.261176083998215,75.96393598157702,57.457025533127734,95.73183659853622,99.62473384480364,256,243.2,5.010893816454656,11.397749026843266,242,High
16,29.7153255753895,21.19282113238463,31.07518175769782,76.08957717849648,65.21691270917569,51.034434142104466,1024,598.3808711633541,1.8905371632443004,15.083928535991086,74,High
12,49.87359789716447,30.35224004788543,43.41402317035638,86.51973885720554,88.37251519534115,60.85002401177705,1024,599.8212876336391,4.324984298344077,3.6817792452115716,102,High
8,65.60318751303578,40.13315480363766,23.257121114070372,67.32416821297986,55.63038614691638,89.00103781384965,1024,379.53893339704763,2.54429553879925,8.819856319029187,138,High
4,79.29762563859408,54.363929881654045,55.51888981013249,77.80438899165695,62.69278826274898,59.70655125278764,256,243.2,6.052362459063824,11.451646820625518,139,High
8,19.356343832115062,58.99523790078307,51.01546606122217,82.99294408139751,6.983695310956961,84.91299316531033,2048,956.2952925676783,5.145898209589287,4.451191031745517,165,High
32,96.61287848090755,31.04220871503174,99.74465328515112,97.63553727137075,13.326372288441558,92.7765202491452,512,486.4,5.8707317786134405,12.273233374938206,139,High
32,90.11986034991004,73.87132632926647,65.00877875339881,49.90223983120501,57.96704351975396,97.960713631713,256,80.97397149247759,1.7979355648477098,14.02132644457128,138,High
16,34.331373144602594,67.69104493572279,80.7800340874981,99.84294962952217,39.57128699580292,73.71237577001348,256,243.2,0.7247355869561897,13.218264411547489,120,High
32,84.04842187290988,43.557127907292816,40.06132036818888,63.52939931447373,79.88105198655018,98.55545614910588,1024,192.5751335260671,6.0284169512641865,4.883483733915272,116,High
32,56.64915307358411,21.092790674823362,84.83907982085168,83.39200856359322,54.317787487417604,70.58111483408393,512,486.4,3.0139023027067946,13.063246612526312,167,High
12,51.562583340581675,26.21183322826326,65.3576469838915,74.34486267837983,88.22910389513379,60.90640198371929,256,196.5983229535564,1.6681956774289664,7.200148666035755,211,High
12,38.29906952302649,51.33558204086715,72.72930984385945,69.2001170205304,97.23316784622912,75.69609265423627,1024,706.8166931923955,1.097319874237482,4.996951372333688,223,Moderate
12,62.28717279684332,32.317948093254714,36.498770015450894,81.88452212389518,14.763518512148499,82.49116221557463,256,89.62482886567908,3.857255239371093,3.5195720076239025,73,Moderate
32,75.6900205933238,50.145568491837665,59.37745525260194,63.745231013415705,39.48277516556266,72.89816580249719,1024,953.7710356319649,1.4758316919776475,14.634721637600306,77,High
16,46.983961446648244,70.25460836082841,67.06332760722478,47.56659888020838,66.49810252380308,78.34862219833958,512,203.42213053901918,4.183498158868169,7.403463122749416,100,High
24,66.62972737074628,63.77899423034268,63.018520823492295,69.33360298727439,30.54887554003497,70.82045938635943,512,486.4,5.22749252633284,13.9859678032421,31,High
24,72.93816290397734,38.49407065099154,92.36743402821098,71.3149522409391,26.703233772149517,76.23809770106249,1024,917.7927272221945,3.977878114855639,3.3931748339468943,109,High
8,74.00096353137573,47.50579930070019,90.84453980432981,52.114129203996356,81.37385606288366,97.62978359732807,2048,255.40745084422184,6.3740485874751265,12.504901992296782,147,High
24,14.676948831806222,69.12249587589204,97.38856520891835,96.13716137971943,98.03784690587429,74.9915576268166,256,243.2,1.5112025581816457,2.6502002168483454,35,Moderate
24,87.37730251165603,88.8684022434759,70.06852054062904,53.64853879877748,77.38033312474813,62.65898164046301,2048,394.7879190036699,3.7106975761282435,1.2634741911991412,109,High
12,51.24279832885431,80.25707509911018,97.47227171131162,64.55365564504586,52.36766228041135,87.93733107562853,256,243.2,1.5607379860131094,15.925739615896193,118,High
12,33.6174473526593,64.2720021466732,84.9230200028718,49.2957812106834,44.25112319453147,66.87922288907747,512,486.4,6.193362521902553,2.1030599988548646,74,High
32,31.75880567317134,48.9834398653189,34.374892630596335,72.14779877121666,53.96477205303649,90.81035854106953,256,196.19910601854738,6.559555296282398,7.923106780942518,39,High
8,53.471270155955544,49.20410220334443,48.46921025961674,58.45825648600538,46.28397021877358,52.84209944919426,1024,832.7764635617439,3.099973230678511,14.175780743951965,166,High
4,89.81483855220633,90.35338482115168,31.45531979701088,69.35635119856504,50.2888056785668,66.60889885543457,1024,201.48680270521479,2.4873636760163853,13.290693220986352,61,High
8,44.051282351438225,23.13948608324371,10.377744474750868,53.47701498749211,20.345305052922768,54.71799541303197,1024,234.17621412777078,2.3155546202901167,8.067635694334122,31,Moderate
8,77.4753172105189,99.03861155362088,26.924387783221775,43.22650767692294,90.37419493093276,54.26589121229157,2048,93.28523898316429,6.088227748939773,10.162727600101734,50,High
16,18.713685788849673,73.15003286812498,10.36545276581881,86.75359906493532,75.45350015232681,82.91947795862185,512,164.97157703319618,4.935872510073194,10.445592274942289,160,High
32,52.84510319359556,74.49101592579125,74.78546152154411,78.46517703757951,68.097742269322,69.26674006768037,512,486.4,6.223854855249923,2.6473747451598353,122,High
16,99.25175263534621,23.039826984379374,48.29808679490796,60.44436134266077,94.99249709744731,93.57394709925563,512,454.7602027512686,1.26385939164459,5.2735614150946954,150,Moderate
8,79.33940225131033,68.44234199130177,38.13172543700725,42.84965348093933,28.439433191283804,75.82025689367646,1024,793.0347947971468,3.594181531116455,5.514747417716449,241,High
8,28.94756395965517,58.782244807235756,78.55488019856692,91.93450376182726,8.115941089361423,64.76716105861414,512,338.6768466783559,4.895164114023123,6.671922258020028,52,High
8,55.129732632811965,28.462312551525358,84.92380971576806,50.18770029614076,82.61386603553316,86.04444439810973,2048,968.9383216280482,6.331089944893168,5.1087630271895925,194,High
24,31.026228728370988,42.233760861548724,97.77695847848919,95.84453309688568,99.8416963649255,81.20083957928499,2048,59.3738154111809,2.9831248904344263,4.772476921919839,229,High
16,46.86048345362583,91.2251564970921,67.7812226207717,68.71572271575751,57.84324380201994,89.97973104146017,2048,72.30659485841707,2.535085472616806,6.321782690776986,65,High
8,80.20756213614683,63.99907326927624,51.537606268604655,60.42320259450902,5.8809387912681865,82.17941381709426,1024,704.3611498299547,6.434277109707997,6.688397618547729,43,High
12,79.41023337613633,53.0733260139127,37.47378714466923,84.50556861345783,78.04680401549412,58.35067085494602,256,243.2,0.8089662538960561,8.30836085137992,244,High
32,30.529034011214662,25.814572467264874,30.008638829280365,92.61036436451114,7.374904884584154,83.5155018833533,512,486.4,3.6173706840612705,3.6030310322243433,248,Moderate
32,93.00009863393741,77.12972219218445,29.16333554343411,62.24281381874265,54.00139862592812,69.57745988079051,2048,494.9189169882446,3.4810726439427904,12.825049952784546,44,High
12,63.331136448834414,76.2280658716826,46.82704372478189,64.44062513021123,27.753247421052706,73.1571515128784,256,243.2,1.4493666902902789,13.910015505559599,64,High
32,44.19318618658131,69.12348855780508,99.26077197591368,65.98949316083184,91.50267805923954,96.07822878686724,256,23.317014011667787,3.0671757226789578,4.722473252358727,149,High
24,55.174202270277455,60.82101169765194,10.076832769366295,95.33938368872015,45.1331213259485,67.99820231488735,2048,514.3569393805778,5.196898309892642,2.849510906768726,51,High
24,64.45641280939694,54.70275217658981,27.74853075079007,81.55383949085996,89.84633484785533,80.59795714954194,2048,480.87983533618376,2.8846448896026504,11.834679718951678,204,High
4,60.390147866120685,67.46168743903938,26.955368416321644,54.85876702273933,29.908108525456754,68.17408667061198,512,350.80344047553746,2.5127931174635667,14.863676840844015,65,High
4,53.776453198256036,38.67163613827253,74.54075369790631,51.099981850118766,38.73625838213513,54.73637426788959,512,486.4,5.58232073639125,1.52722508759441,44,High
4,55.44395236804601,95.30072513421182,41.723625483825565,53.82205980548896,94.71191882470805,72.67626710241503,256,243.2,6.926650171678112,1.2165396855148105,150,High
32,25.877071938509758,67.10356233441837,51.153472413263856,55.813833351131045,20.131445093163535,79.8530752229826,256,243.2,5.5657904305468175,3.7513819207650485,125,High
24,83.14596138742114,44.89539554835012,23.376171742291447,53.81100948004009,57.85011516511452,70.37516460187993,256,243.2,6.001231373034032,11.271887279619051,239,High
24,58.75842879469138,55.97438807081258,46.4497334989253,79.51038683154377,38.85103285601114,69.53330923390922,1024,589.4506517284472,6.606754873781334,15.471715117463376,215,High
24,21.797187553423278,84.45478311015138,19.287983071525247,46.95601063945038,77.41668850687273,91.01892569471985,256,157.28673379815842,5.711521029494205,12.255714327389894,188,High
12,78.95413914245002,32.9292848584238,57.973895909972484,63.241509382477645,12.929637117135739,51.48425861447351,1024,130.38582544947104,6.872302883808602,9.595489005478923,198,High
24,93.91995805396158,43.42684979682083,18.814452884457033,77.503214378222,43.721496900466846,64.779269837006,512,486.4,5.357347655920901,11.508240893133216,129,High
12,95.25762093132658,74.36064181892444,81.14575430558406,57.45159843657585,69.89326268452632,90.58786326886059,256,243.2,4.799896582587072,4.4604746693828385,118,High
4,43.211595917005546,45.23913651857791,60.99415457864406,43.91646308209948,40.70162350061598,96.02650743055818,512,486.4,5.00676557012256,11.328279220976809,103,High
4,22.196518620467863,83.40013454891728,75.15710863961652,44.909435370758096,5.85317392753767,70.61497929204141,256,160.93765146217865,6.350531874037396,5.821674302179638,235,High
32,56.65596639697586,30.436278974188866,47.66647479874155,47.55800657828118,70.5112261335344,94.43971215980382,512,486.4,4.93955298060169,4.336331992490175,55,High
4,20.13483064142986,81.01489363636868,44.33421639180046,90.15058149208932,50.31983276849831,59.94650610625163,256,141.78049709013519,5.44783361115988,4.548339977684526,240,High
32,94.05886766613555,25.468137188045297,18.838800014397727,79.47181033629818,1.1308686680100544,61.071353393008636,1024,871.3365985157515,1.9040645690308915,11.016816277842196,59,High
8,26.52216646196314,21.00740901339958,57.14700463385404,43.871344665858686,61.2655895228373,92.30956882924018,2048,358.85549839287194,6.432222484076266,12.508385833004377,151,High
8,32.74892739560477,91.85788150657297,56.30519483713828,63.464132749085195,91.98810225287865,95.16288706703091,512,114.37975210379791,3.40688607416487,9.727031658378205,132,High
16,46.59728741964734,66.50713735458389,52.129184000464484,56.715110370823936,11.102594821168898,61.14028839813338,512,293.90127095987066,1.546937650933231,1.9578289208883821,169,Moderate
32,44.48480217032132,48.14615176694492,76.64665282142043,74.68240669772801,59.06712350091689,52.96620949843056,2048,189.63353407174418,5.698616744278498,1.57014000558193,60,High
16,81.51966031581001,38.60757095710803,84.92539600291191,71.3683569803388,72.86688817626303,54.516206852764384,256,243.2,2.816554614614332,4.257502751172561,138,High
16,51.06851384958661,69.35086266086529,77.57107074536573,68.86744140218289,7.0773670140305445,63.06904176881817,1024,950.2478945593709,1.696774429250538,5.297030536359777,140,Moderate
8,25.36914340030032,60.72017468293906,22.947916852615947,58.87074222235679,2.261545816418631,88.07245385733975,1024,334.5924499666933,2.165632534608868,7.0722983926177685,140,Moderate
32,34.04889059374667,99.32782204239882,65.98535583538973,48.267986322639445,46.41958666449473,75.49959138981414,1024,615.9779958252926,0.7271683725380564,2.1404211605410497,111,Moderate
8,55.82020466687698,98.65727893229966,17.229079512058004,84.54258297235828,79.11866872343639,72.77944211213848,256,243.2,1.0890493888070025,11.87738148913488,31,High
16,23.27085256835214,70.80196529132877,72.51600586964288,92.79140613055927,16.071941009932832,79.20699655830005,512,486.4,4.352060780009813,11.672472380702375,107,High
32,65.04901080814128,55.42964048847124,44.3655186905014,96.64905455396904,83.6637272214923,94.5111556731093,256,243.2,6.130415882613962,6.200163904864597,177,High
16,60.91725758960313,59.291277530772966,21.924906063965793,43.51713823681483,65.65772554235961,54.52151897828288,1024,972.8,3.41544768709237,9.445037865526157,215,High
24,74.32320847440319,74.59832529894896,87.5845771278515,84.39452269533297,33.21732877884857,84.73620638182906,2048,195.53946542612832,4.569377924948197,2.513739165533396,177,High
32,94.3934153841431,28.12596353883051,65.26075051350436,83.59020756441774,51.58257984924495,96.33954228277025,1024,528.0234547465529,5.7632651579903476,7.228279642001587,63,High
32,92.10291049910401,46.268165904857455,41.92524711527747,96.82657684873536,96.55749797267384,60.66750208792,512,486.4,2.818997917977451,13.863471362200835,89,High
16,95.14680562619482,26.021779280288307,12.765446168544958,55.174875669865926,21.64369706323388,91.88861579809172,256,10.642380881452077,4.753041457283673,10.909336946823963,63,High
24,32.02440373213308,25.868860761353567,58.35792331032495,84.5307422977094,49.95353977440402,84.90123553797511,256,243.2,2.777810767641201,2.559156635108212,194,Moderate
12,21.840877597541915,35.6671393515387,93.09032906376093,43.27757732598907,62.448655610762074,50.72342680365723,1024,273.83390773887925,4.67764980601845,13.713670468260322,224,High
8,37.204903044680364,58.82026036745815,63.674184943212914,77.87474324569715,13.801460547566624,61.58058401810641,512,178.0294554649584,1.914450180905112,11.21044344128574,156,High
16,90.55766554896832,82.78194569302315,97.44855441575439,61.050869443130786,4.352208862330964,80.29223804479403,512,281.45251873460853,6.85595775275773,7.795844411288854,48,High
32,97.48481271611394,58.8396712932698,22.28060064434127,86.13456637284851,1.3459952931471286,75.12001697456058,2048,967.1482615813862,0.9951554956175317,11.381365585197207,81,High
8,87.33924559634283,46.83812884486958,61.147459413535316,91.7982571861236,32.469285660001624,76.39681262634329,1024,893.0159066472887,3.784013521896625,3.5923038314547897,73,High
8,19.901594901478923,26.58823922694065,81.83125432057865,61.889262533050974,7.394729448486537,61.59652123034113,2048,221.61691189906549,2.3609266848385007,9.257297054088228,115,Moderate
8,95.26851982538139,64.02364185465036,57.298665801314456,71.53516556195804,80.37699525411146,83.75017353543133,256,125.85650538726011,4.405445926304552,10.268905053482914,184,High
12,48.10222246157074,41.70148691865414,18.195972038872533,47.044243741816,99.7319527161746,63.32091854683885,256,243.2,3.283995369420922,14.91617234414671,67,High
4,10.837926168611832,69.1947342333718,62.45974013924959,65.0144179134086,6.130382173446403,69.4717483239227,512,486.4,2.4933263194645257,2.003375662024619,121,Moderate
16,49.81543666733742,98.17501913059347,65.05641152582245,61.64802359555016,43.27262759334396,68.44579579400381,2048,868.4731822953095,2.1252446488390806,6.6217407139127324,178,High
4,14.146225270792083,28.90514571820401,75.58383236278173,50.98740758707106,2.5732122982574768,83.60125110599492,512,486.4,1.6862409922844963,15.052220648964003,241,High
4,58.94901290450058,36.97003189775519,78.50903636489265,93.66871748600656,13.399089075726323,54.51263808416087,1024,753.6418344913677,5.588715555226956,4.258315826928898,195,High
4,40.469862469334615,57.847563047949976,79.36954193895464,48.885270282409614,32.29225609106741,60.27709505200926,512,486.4,1.9442995911086993,13.198004924839953,42,High
8,52.60914402346439,97.48910522767436,69.70999542750694,78.14436145181122,39.36982130576499,60.024853534253396,256,150.90870586970675,5.527920276443449,1.0240830243924366,122,High
24,65.18533246688054,81.74478210159964,29.423006777679234,93.40855860879327,93.97829464286401,55.421233705785504,256,83.28809260957794,3.6527509595032406,1.3882610477122839,178,High
8,88.19209862360383,91.85833545302641,46.38121802555314,94.71811479179354,39.58368087568959,60.37974894182295,512,486.4,0.9694821388152883,5.914343278796759,71,High
8,69.57114188247357,46.69718787806343,79.85169753529588,87.5943819904341,49.62776590574022,80.35301339616771,1024,543.6734647092578,1.5753774047492832,12.52755566245409,125,High
32,49.06439816303626,99.36307790228756,95.80842850607318,50.568468032450596,24.55833682738664,86.6084085437094,2048,847.6272266567611,6.303880186794291,2.5621520385266363,77,High
32,83.74850683033286,28.22662528513259,17.10522683529598,89.04588455283218,0.012513875657549356,83.01517234845613,256,243.2,4.418302843033343,6.742804654421769,75,High
4,91.5023923815819,24.237832483688067,58.19830100174754,56.59388874493747,89.93344567331351,73.75940689904411,256,49.29394877631205,1.6981656616909486,2.9720225309424313,249,High
8,20.77839697889775,88.44821016432225,38.12700441918758,95.34388164595055,8.171475703630481,52.621728554803184,1024,429.47118640012286,5.074471948805207,4.353903541621123,143,High
4,57.87396797975123,94.1811896165589,30.28545048851468,82.54520088543097,96.42488410362292,97.95035053433875,512,486.4,5.8512013387851844,8.544912881928965,107,High
32,35.60607637681997,27.24682860368814,55.52296151677435,87.1160536605332,13.084410410026026,58.403823041874595,256,243.2,2.6492454591300865,5.787081129388176,86,Moderate
24,14.235507808925266,29.07419413966732,64.5480406500883,45.101947210116236,60.48784807504403,83.42106852028354,256,43.43445190585041,4.117868883269631,4.1786896897012396,81,Moderate
16,70.16920256025868,22.653932620461905,10.879500827753311,74.96590680661267,99.9410587856637,95.64453077410556,1024,875.9321148591936,2.4074248068403907,6.902454716303912,51,Moderate
4,87.6493699713303,28.360605011417928,80.21859149810719,89.26852761392078,13.846459606967587,84.88885479904943,512,476.9725947251042,1.0204011651838105,11.515824464104465,46,High
24,24.661238902965465,36.75358534402247,83.78939181335029,91.69542116634996,42.39430849398242,60.90248200944751,1024,371.12035149977623,3.0968090052900834,2.791271599014826,126,Moderate
16,83.11722918615105,97.60612951280008,96.89597421111397,41.71790228401849,78.04236689714766,65.78981493820115,1024,353.27214539476364,5.38430812424676,8.193916680411366,131,High
12,86.80561601832474,73.42881777917444,26.257935990222546,96.34955395330715,3.2190149849968264,51.51029335055476,512,486.4,3.4814218127738,5.120795629209094,55,High
4,92.29063983998351,82.28424204148337,63.50973061248532,42.60032399814878,68.97827511400445,80.63791204210568,256,243.2,3.1342485521310226,6.679313103099348,196,High
4,33.87565801774472,82.09115229532176,48.39628361287551,76.871120780491,8.037333789079948,80.64964904407833,2048,660.0609717265804,2.8790467274562377,13.323327683622894,100,High
12,91.35577586709003,62.805899982337166,40.13450663998156,81.60325165691873,23.65201422732264,86.27502906881897,2048,577.9050503896461,3.482959347352073,14.945949695566428,220,High
12,38.8596479262789,83.79911821704138,60.90701062937542,46.44071747007459,16.007616249336042,50.54981446378107,2048,152.50512909330132,2.568488188862325,4.6446685768143965,246,High
4,59.71042121099526,67.66460259119756,80.41447839011953,42.88071193655156,90.73364316469362,90.89206444122334,1024,264.66364867073503,4.479197266927185,10.449564352442351,208,High
12,14.545672374905392,45.163687808268605,12.07475051006891,87.09472926704375,18.045671678168084,86.9355478700154,256,243.2,0.9131788669105175,11.150159198007588,187,Moderate
8,13.949297953186925,64.88880870147206,97.2460101309568,63.080237487846034,4.04340955151572,57.04433047620444,256,243.2,5.748023127407542,13.63728998473649,70,High
16,74.83358914589826,62.68068689076108,82.88934271351397,46.426750918907416,58.762567844776214,67.38133046344893,256,243.2,1.6255851564966943,14.485637027517951,190,High
16,50.00319801800119,85.87624430074565,77.60383332810206,85.76006898325852,34.6180925409702,81.92624464521084,256,190.7754175155267,4.61739073387684,8.01987696301039,79,High
16,33.06631378322958,98.53817739053272,78.43486439624532,90.94978420861723,40.57062206413664,74.78984374701639,1024,17.61412561753879,3.4242363998395646,15.738634678727502,220,High
8,27.13721464224192,52.883405233674445,45.01546386567873,75.24317144552845,11.906274486254699,55.75471319506312,2048,318.7685291567319,5.527708054712245,15.562434603955944,196,High
12,70.29581417732962,81.07125427530877,77.64584957603323,49.674208506078735,74.82344914331945,54.367268756829496,2048,64.29848735740205,5.869909914336868,8.597019562577032,57,High
24,10.036138962280589,27.981040323050685,44.80931877426619,40.91334828948945,60.1553649643518,89.07281495540458,512,486.4,1.8273024192068363,9.130481809703264,175,Moderate
12,82.53020522771688,82.14650955586308,90.88361466173137,82.04814887811663,36.421704474828,57.79835590089049,256,243.2,4.901664458345412,11.016247593263483,103,High
4,17.132464551693595,49.71335295945857,25.95001449758227,73.008380489519,17.157494376313597,58.60463369652218,2048,292.54467476847435,1.7343987939887904,6.607242163296904,216,Moderate
32,27.23406534173075,23.151213031174933,36.31126817936364,79.04782850320477,59.34517391705604,91.54615626783789,2048,849.276619939499,1.3059886954267501,10.930658708654665,157,Moderate
16,44.76127557691807,49.05969428497418,59.62037884291685,88.79108021197575,77.85972795073774,80.60698172816086,256,243.2,6.546924659563132,8.71428090482063,95,High
12,53.63728657444933,68.85142007373159,38.728993229854524,66.05366661957832,31.23972838671949,80.23578040769863,256,134.0097060613167,1.5685289578687287,1.531551486658588,143,Moderate
24,41.949560423254766,29.540013414517325,48.181352076574605,47.47092813001723,2.58603835385971,73.96728856816699,2048,648.1162723568875,1.9828575617877666,13.790934050151265,200,High
4,38.86409484858645,93.92275939442037,54.31804204587352,96.39899712344959,21.4343984752984,78.44975072011455,512,160.16300923248778,1.347106050621798,15.106687017355128,235,High
8,96.75244108658696,26.213793061827086,87.07180139321578,72.71572763481143,68.23978188928292,80.08848451859055,256,243.2,3.556897280914463,1.3934361782049378,42,High
8,67.74217131190548,94.4005375866533,57.087302824782356,76.91764714531242,98.90963774569227,98.39131174217901,2048,151.28733988082504,6.477447596408537,12.838927282109276,30,High
24,12.10896598306494,76.57100143485492,42.62138637531044,96.00468577310507,1.3376239408776525,61.14866537337896,512,398.58625235541035,2.2163623016295886,6.787198914115409,189,High
4,48.715831759988184,46.37697403313629,32.29625476316042,95.89501937861579,30.615356213210077,60.728120985022954,1024,570.9283275358117,4.022038849870383,9.784477000433863,118,High
16,88.75078297695732,51.26002781672746,46.780838091297746,74.32567640369041,6.202087044883886,52.86092438526578,512,59.87042970970232,3.174481791102972,8.499924204410735,39,High
12,37.131056776960115,79.26474917861952,56.41624939729329,57.85668548328557,31.634928776303216,82.90993994046612,256,161.7752614059821,2.6840611704631003,9.269659762495706,172,High
4,18.51007102969494,68.1176880704966,77.15033714829127,99.82681804076435,40.59143431274212,77.45210904111309,1024,327.204736801724,4.218992493213236,8.427794571371267,156,High
8,78.2546294430926,73.73143371639561,20.894389855510482,80.84902539721216,92.0862091946255,55.56196019233199,512,467.69688491414274,4.1328038575972705,13.800630572318136,174,High
24,64.54124487424731,51.1331693210784,29.94482694152358,64.50620061352339,8.056079940497874,68.22694675590937,2048,859.9024209822201,2.835882905746004,11.252600270429669,220,High
24,61.32812570438535,59.02507854460792,44.16886142818059,73.59020817121538,77.713405306577,58.93316026656019,256,195.40035747044234,6.028661427679271,7.189558833187413,83,High
12,14.821890364666714,99.18939872303147,42.43585646075631,64.95004301608178,39.55343960629634,66.57408702004308,1024,353.99624099750037,0.8456187003719138,11.328528717258235,180,High
24,22.64491088159656,37.11382963997742,45.257327884469056,93.29830913779884,81.12628496669278,97.56320846973051,2048,481.0184739173788,1.0540495685875015,15.47571728625822,100,High
24,66.02944565918024,53.428494921770515,81.41691381762921,68.94996249194477,51.34021853256213,84.16594194402644,1024,302.8207704294751,6.940078189783796,2.20462393080149,79,High
4,28.704145731295224,43.345855005917386,39.17389626659558,89.41170255887482,3.9282038843410083,50.3784550397571,512,486.4,5.359938928332664,6.821349573370857,88,High
16,55.36630717735819,81.20892083518798,55.17083623623982,90.41057786938023,94.62058847148388,62.62540368920618,2048,264.0364104282104,5.72553787229564,14.056810484856937,193,High
12,59.03935174264541,81.12101005325766,66.1516329572107,89.4599402641149,8.273406343452184,50.51807735388895,256,243.2,4.417556988402183,12.0858266621721,35,High
4,35.51564712438454,43.39563687979167,30.89606951652446,83.33131674854047,59.768350253375615,85.74342493843403,2048,510.1025539026715,3.229092769171989,15.023933341725275,223,High
16,95.35826399873436,26.51122533063863,74.6825848432785,91.29266300845491,87.76677629335158,73.47109010277391,512,95.4418346264991,4.589974711759999,1.5971483143485883,138,High
4,85.82176961520176,20.914614133776325,59.24001877644529,63.23377477737815,7.976979775019388,99.70093459071947,1024,630.7289062796381,1.1018005864566347,13.941634138191805,61,High
32,75.01361568695187,54.19604265939884,50.21030467282402,46.87979236851762,55.38933884160129,86.67916305113292,2048,573.5510687607698,5.425499593964059,12.876981549323078,82,High
4,17.01944797684682,52.82700754686167,82.88056240644825,90.54725226235087,82.42898755244522,75.8956471353941,1024,345.211380664606,4.014829806435022,13.22558524123559,137,High
24,19.551701737811747,99.07119029118904,31.91457332666638,69.89010494124071,98.63247086457957,90.23527141040677,256,21.045507605131142,6.7187572884976,9.958940921682261,98,High
16,54.350321127846016,57.58416605581437,89.48583735528909,47.64256195167106,72.43274008140213,85.2401825617038,2048,208.6945267526288,4.643589175099724,1.7787555268090862,112,High
12,24.464201427188712,40.51346956603365,60.494386183003336,46.91875133092048,27.833437546329364,62.18880888179936,1024,411.65243359352905,1.4860014916599322,9.086948934262546,31,Moderate
12,98.04389171765267,91.29835528251739,64.82573914416923,49.554543640593565,69.95703298454094,76.51291374137583,256,207.91489345536445,3.6040757473573035,7.116267054848005,72,High
16,24.26682106246685,59.28543597228628,88.75530677520486,85.05839558002634,70.57667693076394,77.79993624170355,512,486.4,0.8758446199255872,8.905626289777675,244,High
24,53.87210519175766,67.93405081684622,83.58244190644024,82.65140040797687,69.99660121046173,72.56158493039017,2048,715.2016449869942,5.345292135397164,12.104439604320131,69,High
8,42.770895115735485,27.653496834257012,64.14058619397103,52.229120811093,85.42604370931058,58.9596311427681,2048,857.4574801833272,3.761904890194064,9.939409517676413,225,High
4,67.54477793086882,50.633312586381926,77.78689334633567,90.8154050865877,8.738006251949093,61.168452582894346,2048,650.5127924969113,2.9027469036504017,5.388443347889353,33,High
24,21.61327680004824,95.53789395790294,48.99875412096072,56.87768773169469,10.841984541543336,64.05237004779808,1024,692.1191290422646,6.795570980868254,9.992610146056323,104,High
32,48.728478523815184,67.16043073403404,59.26399781497717,87.57913499889685,64.0617124225558,50.512757468908184,1024,612.3574465782192,6.613890373287969,2.2470766462153655,203,High
16,34.72345295264293,47.56014841139694,15.586312303766002,69.32835446409652,95.38810960981878,95.84719460847546,256,243.2,6.693407979369778,1.0804898682597976,134,High
4,89.89763722045193,70.05337445052746,18.087212620004216,83.89292095231397,46.583863891924594,84.30479957917395,2048,268.3905633891091,1.9363065744099162,7.022920409388222,177,High
12,13.652714092122558,92.8328871662493,84.64828637676989,62.88325978441395,96.05627016256751,84.48086578922354,256,243.2,5.235702372173449,12.357795416361034,151,High
8,92.23547446058133,41.91924803780721,15.3704490114247,60.828435825686554,93.8085259516154,78.61653069045607,2048,135.07030500764105,6.644983891815965,13.339513464832578,43,High
32,84.96947246977004,60.40933747765395,25.245921306934655,90.48157593755994,90.29097382343195,84.46554040805296,512,486.4,4.210656668593119,9.24758969961243,128,High
12,36.78136447967339,96.69525231294043,81.62493930553974,42.11813527084418,90.98509748640853,99.09312749368182,2048,105.2000865946127,1.8920422355656128,14.020103294126578,138,High
16,81.03615892093943,33.79169146387621,10.103135556543066,98.48421683545044,89.83187933279861,69.25801688172467,256,243.2,5.8157810152347045,2.8887227584416646,171,High
4,12.80922043048728,77.57311404773692,35.416389596127786,78.8907734959224,81.98893835391821,85.62627934382819,1024,487.85411948367766,6.219468607623626,15.46158782952611,206,High
16,97.01789952640543,69.1584806562386,62.56347920439596,65.94900329196653,69.49789586053303,67.97645021887641,512,486.4,5.071030011512341,14.826405047617282,160,High
4,57.39354483308104,74.37401049125079,63.590493832236696,77.6832718690255,2.4408178592608243,92.7144399373413,512,486.4,2.4080937039813755,9.988558757466642,236,High
24,37.295292345890076,48.097570453405574,79.94376174065262,47.36445678753897,13.225359215605248,92.90143034450175,2048,746.3028317951902,1.7395103412539428,1.8808318605145449,50,Normal
8,42.632489133520934,45.11034987870119,55.53336290429534,70.84314731761286,13.423205453146714,95.11332127117424,512,395.35765995992807,4.557753707778664,7.8130429421321,90,High
24,15.976481811444764,74.73677364706964,55.846168257787326,99.10573140038787,2.3540284279589874,50.27316621209392,256,243.2,3.638203411215912,3.689094416837295,31,Moderate
24,99.04145626378353,37.24346280836363,75.27795179866304,54.11616627080241,11.670176842363666,64.90957224980474,256,243.2,4.847087708686269,10.426379026160129,178,High
16,13.536275063562321,53.57237958872041,54.87620169396551,83.33668594218096,91.97464335671063,56.6962175600798,2048,911.0954069885868,1.2260478255053788,3.8494779203541793,39,Moderate
8,68.9416410833073,35.05397168423344,64.76419779072552,66.09828254990204,66.38042869107859,72.69930989450785,1024,643.6247977330609,1.3834380818124146,8.226964906361978,120,High
4,49.846233493581245,20.66438728986638,90.79966614295459,79.14748890927721,31.207301829542246,74.77248213396489,512,209.77486765180163,2.858782113849665,4.08440390290285,147,Moderate
4,95.40245963698436,97.60458880304556,46.130590685113475,52.293233721506525,79.33600122366799,62.795202141482775,512,100.1699650429749,2.1819418695876878,3.727676954935281,176,High
32,32.13997662761156,54.536238292513524,44.66125638273,68.22789895705614,48.83694869548509,86.17232460225352,2048,915.6277489997286,4.52570110210236,4.718853639130632,210,High
12,57.88781415442102,97.54796915358602,10.319409267829418,98.8055628315565,14.212703691587658,63.48848585944847,512,64.99064704038696,2.8890134408542223,1.4379468327398954,105,High
32,53.412058772447764,31.225881581426087,65.20836353691087,51.71722906096058,88.45020812264927,92.69456876416793,1024,302.9311588436149,4.945810109961245,11.741723910697983,206,High
32,73.25797996450912,66.98934235659888,12.679471666641877,78.18670167092543,33.86619462364725,58.88296840708934,2048,492.0921493673597,5.4971896136869836,5.600895645251046,109,High
4,16.120920875717847,36.077922623299166,55.373364075548466,74.53586492600772,69.88592305298941,68.36176473826418,256,31.756925944741052,1.7165892064246813,11.471620809075704,37,Moderate
16,27.441021702101935,83.20593015706197,82.3810410129004,73.9030951774242,29.05941604996074,81.11188792121526,512,486.4,6.478854930197897,10.802173276515203,214,High
24,29.310833808356485,82.69623910087802,59.492896346769676,76.90739737909703,50.007125067379995,80.26675352316266,2048,294.2497849235126,5.616538961862706,1.991689879347799,130,High
24,76.43356793575207,29.00857192314494,34.26725486950084,70.13427842129369,81.62527115304155,53.90145560025717,256,38.219750931369475,4.574075214002789,5.680521371850011,118,High
24,27.022482669406607,92.96515623011113,80.75515793044342,41.01584501545948,15.67773464243677,92.31293060954741,256,243.2,6.408037555862894,9.502907999621915,181,High
8,61.6142587501879,35.57037177625797,34.2745303674285,94.00580868778707,97.72513952392784,79.90324667148876,256,243.2,2.2281468725247975,14.776017909844125,76,High
4,29.371943845085834,69.03818732714882,75.97286028513088,89.61872964904185,7.02159228607262,93.49297743535843,2048,877.9972584105191,3.241135812818117,7.019795656727535,111,High
16,87.54624550755806,98.85068960701632,64.92326096712081,50.45006085526728,53.400890974050405,93.38177891139343,2048,458.9397093816721,1.0576153726039106,8.571873178231215,178,High
8,94.79669090406746,90.5917227813091,25.299666707320107,64.79639064273215,91.6025519351948,77.29593451875155,256,243.2,3.4651818375212007,12.252382052505258,153,High
12,56.66436774480164,96.52511428489352,91.46204873597671,86.23293884161407,94.56938848825254,95.5390728655719,256,243.2,3.7916047423851857,13.049432107230444,37,High
16,41.70779957882604,47.40790169744955,28.057931466147615,98.80373892323706,23.2108962879776,92.4203899406728,2048,507.84657370725176,4.504435003790401,14.850107555301419,176,High
32,31.065199751574923,28.44605137755707,99.06283667266028,97.06822278650719,14.398498121480863,97.90614722808854,2048,265.0746805007767,0.9162548850483876,8.457841560168593,59,Moderate
16,14.48029013707394,35.06774986315601,10.657943978944669,93.96155198057045,72.44030003178909,92.52491992797032,1024,951.5730424524526,0.7110291250190657,3.907568942527981,120,Normal
16,34.165006857774586,60.03959160612911,33.71350394286127,49.50243383794838,4.197356827623711,91.06019255005748,256,70.33595829208383,3.22928607432713,12.466318447015906,183,High
24,68.88122019507861,83.45837426186577,27.987426754677898,94.8685063605403,48.52389690303143,73.46802403384558,512,281.92718822979896,1.729366529793514,2.883628969080549,177,High
16,58.025523817828976,32.012291534710016,11.259406915341636,92.70669477706477,79.6355226793182,60.60155301889639,512,486.4,5.432124223991009,7.275134682589156,145,High
32,94.96371504528346,72.77852258086057,75.9131110132584,62.61699466998337,56.02547245168339,95.5354366537743,2048,485.23559793221096,4.846785846878997,10.423195747780255,134,High
32,45.66495362425305,45.88620832316095,72.40832218896367,63.67135567217572,18.801326577400502,86.12745932230379,512,486.4,2.6178753334898373,11.37784279655611,107,High
4,72.4477008095555,47.29616579137228,81.31158679194374,67.59453531730965,48.70442994699632,64.087393209926,2048,655.1764377806861,0.7975912235616629,11.995415758238904,230,High
16,54.039047272760925,72.95341841263411,33.102869181810874,79.37053785798503,92.1274716448893,67.04978613778212,1024,80.21823665582774,1.6858835549828646,3.9029858731062816,244,High
24,56.13185943317905,57.359953562657616,49.99016503746729,55.650136958980944,61.72129780442768,84.30392559286102,2048,27.56135349949922,4.9959157269852215,15.72473802058076,202,High
16,34.099688314370574,84.96266344207952,69.32021694593928,41.37690576639668,72.14906275690198,73.89086541768354,256,243.2,6.936071806690349,3.6762786492844,93,High
12,50.94556991577997,32.47348077302617,49.57916534993292,48.47377147583454,33.62638796625149,54.07412809231841,2048,278.7878168439119,2.621992633147285,2.441101078843248,59,Moderate
12,52.37064973114365,83.19586158136308,72.75931932861242,66.40695445460642,18.848377516761772,57.072397287282854,512,386.50997933117355,5.712975865275058,10.960756028932977,210,High
24,73.59782695740405,25.13881984459367,67.0576067596398,56.920154165572114,25.56422298996036,87.28243417561555,512,486.4,6.136127195391921,14.64999999784879,207,High
4,94.65759992675025,35.5243104196484,20.318302271995883,85.8709936621679,53.31775937602949,66.42847642409154,512,243.94083830199406,0.8131756690301012,9.39075574749044,219,High
4,39.638914973425386,72.49197716025323,80.29388089692712,46.40140423295628,28.022015361070373,75.38247142010196,256,243.2,6.455440386494395,9.93223651772109,199,High
32,13.79804217231686,88.3940525208857,74.86087231832664,95.04791353328824,54.19647874261011,88.33107391267629,2048,463.65976034163725,3.5303175784047043,9.077271219014785,185,High
32,54.666561295057576,40.21437021914792,69.02509488556647,93.71963079663468,70.77919273761769,87.55877968530262,2048,858.0437072345171,6.76757434249159,1.641222911393338,87,High
8,59.001519893425176,46.17532846631303,23.95842456439021,94.5254090159973,73.43958761703014,58.350751344363694,512,285.7552294078276,4.000612878445254,11.219673587400434,60,High
24,25.159649601872374,62.969659862939196,34.11968039158273,84.37659991619961,16.468493966109342,54.91969321995177,256,211.78425565866556,2.028432814341211,6.372986808152099,119,Moderate
16,78.441814564846,36.925824519144186,45.38593284288404,46.41999828901596,75.04308488338631,79.5576146482545,512,486.4,6.835343998149581,15.03510692970179,129,High
24,98.64361975973425,84.89250092700046,35.19366594907991,66.28825428217401,67.26881395923591,87.08164369656197,512,333.06280434290534,2.081481941753785,3.8018507132292076,157,High
8,95.11972453076149,81.89093160046086,30.502926160851832,47.884322308327825,1.2005133368706677,57.45199609977052,256,243.2,6.236108479383774,5.531736725744209,88,High
32,27.739543494128696,31.62333695726253,82.48219031455982,99.26195156566496,5.887217508975084,68.59776436636375,512,486.4,1.6253352156705754,8.572821233230705,140,Moderate
24,88.78269159106847,57.10637854533057,67.44090217241822,59.98230540392039,64.62495018603803,93.51389979838203,1024,639.2207720008292,4.885989222918083,8.160325654285138,145,High
24,73.40442727705162,81.98622133236971,60.89249183952253,75.11983251340372,38.370389956370964,97.21115707801604,256,243.2,3.173395457760261,7.004571125191815,232,High
32,50.84619074262204,46.98636248827319,30.33574397679285,86.7635832546533,14.610399957566589,72.70348804748421,512,257.39160381551244,6.818118125484393,5.716044065309323,41,High
8,58.65498948922561,70.64854581741854,92.62689060417772,95.23696505353873,4.439655916963325,53.975796701541654,2048,766.5589591632466,1.7010221024051546,3.2077710489877527,74,High
32,86.46401574842123,24.01704971660582,27.206473518758465,85.33286355048159,15.939834067243087,62.88482281011887,1024,188.62672414515646,3.1571653745525268,13.313828093104085,95,High
4,53.212144567453585,68.69510084234544,81.54558395422094,80.47022672597426,95.75139643216166,61.64849601577665,2048,928.9968045805638,4.658546106284318,7.731546809082768,133,High
16,43.58866321946142,32.21223840004856,97.00054000347637,67.95890692228909,72.75656415709697,61.94818602705285,2048,158.81290843176726,6.854532751290361,9.594348386485876,225,High
32,54.392274372338726,86.4466660091561,75.43834563018125,76.32400802503145,52.770542093429384,74.6940852689625,1024,806.8843550278232,2.4751099981037132,9.19829295453652,189,High
8,62.12168236315442,48.43595708643828,99.35728976661667,45.64982853116979,94.15405000545918,79.16128258457856,256,243.2,3.0796618317910536,9.63233419972306,198,High
12,27.016988840051397,42.52430901825566,68.5946005280152,93.03535251767576,61.91104376816039,56.125479433996766,512,194.14617060417692,3.5016479175953372,11.572605577670252,127,High
4,91.08169572402916,87.2711181369188,29.571430924350548,72.62663853039312,72.56451882806672,94.46780032641672,2048,408.35514885440347,2.1425531934251447,10.44071492560356,212,High
12,70.67682539466524,24.011521845744817,28.34375443448602,42.40810302609656,28.265181850587208,80.99869116405574,2048,229.33629803793426,5.812805552623675,5.108543760978468,98,High
32,66.99420256037399,51.728703946747586,39.21078558299287,95.19412753959385,58.89818435891958,79.86258651340027,2048,144.6337143274889,1.0979714373899676,9.305648890489158,34,Moderate
4,18.954660356257435,49.60028324600251,10.641701819890546,69.35811843021213,14.347724429784027,99.3639499192142,256,243.2,5.081134556090967,4.667693583114193,92,Moderate
16,64.37565443553326,42.78402993996407,71.35286230745511,92.11534849366011,40.44831451977754,81.40719887465627,2048,868.7244878128702,3.9705383047239806,9.832546898622025,33,High
32,20.88645960146431,92.94034656011816,34.18010061650448,91.41327725232142,3.3240324986610115,96.44795746505925,2048,114.88296360502596,2.072525213907131,7.47901930303647,144,Moderate
16,17.082790767585916,80.07427148133777,83.36649090634775,88.94509524742689,21.66280875826805,64.31284861798959,2048,972.8141918902119,3.703398077971317,1.5912756744488616,70,Moderate
24,57.4579806078154,25.1138531353551,42.32553855033702,43.68418115772136,7.48686294226747,62.006474517324875,1024,14.948469150800051,5.894669099262333,12.00978531052451,169,High
12,46.25069806418455,77.17499595479633,53.196084411698145,54.82399872545253,38.777881950723135,75.82593434122265,1024,661.6557728473307,3.3953704254938217,5.119996266054924,194,High
4,62.99292431406009,62.183930650303516,96.91200249043324,92.53287234792585,84.30351646384902,75.4304473818333,2048,857.9468649897051,1.2923354719473517,14.802915327007254,127,High
16,18.029995125151473,92.06943155212633,31.795491074254937,93.93946336312564,37.79341063450531,61.32418247419484,256,243.2,0.7652127538548785,5.208358624927549,84,Moderate
8,48.788475656253254,45.03564938786867,74.91286876867656,67.48413174212837,83.16396259946434,84.98278284499739,256,152.545737522187,5.55567591173812,15.94934114702757,74,High
16,25.73080435406422,65.93295996876662,77.96060103748755,66.40248805925214,65.64983125788874,51.481690961834666,512,486.4,2.647815447921264,7.944267517106843,185,High
8,98.83900773317049,60.060421979278885,29.889834177127163,50.508438033168986,50.952944663082775,84.53152362747264,1024,116.27572399409082,6.553090527731883,1.396109793835796,88,High
32,60.503519119165695,59.16487249820846,55.089715295097605,98.10464732146907,23.689169326133054,72.85889430616501,256,243.2,4.511456676503396,2.1440347275476865,164,High
4,71.86931748467805,56.48843196137701,41.518173278167154,52.78830852154259,92.21560928441524,84.45037554225395,2048,734.6070939319237,3.335845292593059,2.2313202359585333,217,High
16,39.287645261434704,36.4503580425825,79.47156190600802,51.45620706104593,5.420080884203326,73.85403153207595,1024,352.5134939014362,4.169021980979632,1.8432163151019196,210,Moderate
16,18.52650233014097,80.45679379939142,66.02349871261336,79.64373820895045,68.89130176988154,98.86668914423475,256,243.2,3.471362191932112,5.016840995058697,197,High
4,97.82837765051829,56.10688261914309,52.838474937449234,54.57065818002686,62.12398928093689,66.73424755515589,512,124.89407261438411,6.387772035491362,5.8688324372497584,150,High
16,35.76331318448649,96.68130200020846,80.14269385429465,96.32629666086339,44.10415222565268,99.12864685011941,2048,75.77371338480712,3.4771421508873903,2.66928796150766,154,High
8,48.142736665621676,40.8646741754221,31.164001300757533,40.65441971906769,24.032095529260534,53.248697123948766,1024,124.12521136893952,1.176419305826858,7.571972272020798,81,Moderate
16,68.48775295323175,74.61950717016329,77.82596925259232,40.34519573939808,43.06959368452669,84.18803873787783,512,486.4,4.381072254529981,6.480262325263817,40,High
12,12.222756791750015,95.25736637112868,87.88368808835419,70.29260808613597,87.27727255534207,72.7109603392456,512,21.086540127116,4.549376799977074,10.544859937304478,125,High
32,82.92332174655583,73.0766658412874,89.07594371268152,69.28374759480832,83.67661102549542,91.10688127648501,1024,695.9372108399361,5.474645473154725,3.9379683925272055,207,High
24,58.292037102575826,89.70183260939157,80.53062337176435,49.80184131405463,94.13812499770292,89.4808034858499,256,243.2,6.566346920081557,14.7097823532601,79,High
8,35.03954683619399,86.19847678056048,46.721275029844186,69.67117377821707,30.7793206625248,90.01050914379687,2048,572.2094210861545,3.380030933802428,8.739861682116448,125,High
12,15.544718676322233,48.80941723912031,98.36272204460442,64.69966631019919,38.71041583688729,54.73692996512599,512,486.4,2.7884979429474877,10.355995592242262,152,High
32,24.62485739269973,68.00991519515972,44.16342794401959,93.41977152054213,1.8726152659863327,91.11828499306473,512,486.4,3.6900116023587453,1.5928050760063504,77,Moderate
4,90.55304729680932,32.50090718490845,67.47628591921831,40.55523521301781,94.29499947200082,60.70200787218805,1024,461.00290420374574,6.351292862423431,9.386330483010276,241,High
8,71.7421801542302,62.84207061564796,24.49667602625218,98.57618830197714,32.93900918172689,51.28401319295174,1024,388.8833235975044,6.869885481937381,6.52150306767475,211,High
24,32.491154947320084,38.43375774514698,98.24040087727535,77.46356585775055,40.416382153299324,60.88693598422057,1024,941.9186685211217,6.813027542989324,14.862580732229924,163,High
32,15.904068845052658,79.49894519619565,73.35873296781969,49.11060673871654,90.78046114473946,73.96425523499164,512,486.4,1.9930208332339823,14.284649733217847,79,High
24,72.15537811479726,62.244673751369966,77.80397907217315,42.805600828669974,52.65984301668132,87.1055679955716,256,243.2,3.7298198501521957,10.564730500325753,111,High
4,61.51669533709886,52.89818901053284,15.919903307003015,72.28633951355391,56.6174541755478,60.931624041642685,256,205.32585149948702,2.1865811680575744,12.517770262086128,242,High
4,46.40675720124115,41.503767693358206,78.70760327986046,54.09340995830921,17.623283815091682,55.65037740451357,2048,453.42017081340964,2.8918880853858058,10.66889735673914,160,High
8,42.72503042710574,99.89587854730294,79.72510862985412,58.06993222007556,49.866002081865446,82.29836275119712,1024,501.572115181781,0.7059466860200562,1.2545216741115541,70,Moderate
16,29.513284833619746,25.736841670794615,70.45954537260069,54.707929890070815,91.82086009087742,99.19490181800089,2048,760.390351936055,1.5439076652652926,11.546898170097514,249,High
4,70.26501308837658,23.4848544457936,36.271865241130925,79.01033881435065,55.8718088107926,80.0435151042809,512,486.4,3.0809937054656764,3.6563614576554206,57,Moderate
32,97.36012250144834,37.38059203950917,54.07210379447934,73.21173772696801,25.511636463975805,84.5528682061711,512,486.4,2.8705801094499184,11.238564324553295,189,High
16,25.81437212531433,97.68579669022557,19.939093417784484,44.67846541130869,3.1180864134762842,78.058372187321,512,486.4,2.3124115823536977,1.1576017634525622,196,Moderate
12,63.740495801395305,98.33905346559875,52.44283598132373,71.59159199051052,33.6301773454068,89.1174222114252,2048,33.816278266436214,1.997012251060972,5.6636021258861255,245,High
24,48.17665501713786,72.39421878177087,31.944146734036437,87.47138593379799,57.2590914064458,98.79022101047224,1024,778.8689686655201,5.368212143908036,8.753919686112738,228,High
16,50.20198495701984,90.40853337651238,41.41872878446738,44.87167544921946,4.261328837083012,77.20646147020923,2048,219.51591166687487,2.4145730487740424,5.9975590054116745,220,High
24,32.87325521150329,37.11693846726363,24.634036756332875,93.3843385738252,60.97925772911562,70.8395255871363,2048,659.8450481655376,5.092533604507832,11.409808780450973,176,High
16,84.26213880952771,97.76336753412988,30.704893097220733,74.69839896686375,52.34138271181128,93.01715305800633,512,122.83351961563906,2.8960632090308147,8.840643081256687,158,High
12,53.6730043732517,31.422788011165174,16.89117776381046,97.037468156219,78.34354691665709,98.4864171879995,512,123.31622756545445,5.712865053991125,15.395010714425279,190,High
4,58.906526697843766,28.090015054532664,92.79112297932292,48.88847306334254,2.888817227196183,56.459082043478396,256,45.30106739833498,1.587016766779724,6.367186352663554,62,Moderate
12,37.42848215175932,28.97692313978183,57.7369619177863,99.61389996119891,78.08473448187374,78.9085482736939,1024,911.1304820519766,1.524425222402258,11.827889973261758,40,Moderate
4,26.362761910025476,65.85023386180518,45.70677741364657,78.65637195818061,52.08770457581069,89.62299962729986,1024,608.5131701148939,4.917869735766528,13.537624966329888,217,High
4,17.731934938253843,82.47795205744418,58.15262914919055,74.04965196886377,37.05293327797114,76.66697025781954,1024,368.34231686685683,6.446949071757559,4.80426680664213,244,High
24,74.27072268324243,49.333374229970644,66.54639056333974,70.91677744672512,96.53829763588242,70.45984840964744,2048,789.8999636091156,1.4294135814136637,12.311972136923806,57,High
32,27.661085351907005,98.23167902289012,92.96909140324142,41.41926238589876,16.011954723605303,82.76149105677104,512,486.4,0.9790800159848104,6.8997099997449265,219,Moderate
12,72.10678187699179,54.75361104946636,26.0823657057682,96.37835149297469,54.13251190911065,63.506404725667416,512,486.4,6.575141844341855,2.9309072744986966,76,High
16,45.13388014422585,32.0358840618573,36.599724877169585,78.6396683712519,32.09814735924784,67.45668714691847,256,243.2,1.2626251351278264,1.0547061614877005,174,Moderate
12,47.41973208906863,57.27733985489094,97.82104027097033,45.49758906995747,52.748637879533575,99.61383294406724,2048,17.847510881526592,2.127384978476938,12.156363289556875,103,High
24,52.22597464834946,74.32297323379518,43.407368798367195,41.257130217671495,55.22754525804121,81.82326671872477,1024,265.8778813606905,6.541712088230525,3.793661183176566,101,High
4,43.09376573147889,86.5780624403503,12.030548568159487,43.04701835420508,8.944824842484579,93.64636491555373,2048,117.98592765408213,5.718966304241441,1.7679045131548827,166,High
24,19.05579795003311,56.701463196527435,23.287914337344294,76.56374580593445,66.11351469183498,90.38842565185718,512,486.4,2.72792578877241,8.458136313094618,112,Moderate
8,37.86686290025612,67.4885460839334,12.370483157369682,76.84092489367512,63.448149591901185,82.61362771970121,256,243.2,6.704430177767858,6.200470519441243,143,High
8,69.73609246245445,41.38757697270827,99.09308281786556,69.98003750688646,76.9467274634464,92.03645412293866,2048,455.6649974106949,4.192315335791793,11.377100567150745,37,High
16,69.92059613219838,71.67332211244113,35.098376409210076,58.40594923917709,9.0658493659171,64.35792477167855,512,359.8959953069841,0.969613707080006,2.610464430863128,216,Moderate
24,35.760187651599495,98.87775551602749,93.11884812426034,71.90456389687849,29.72585469036878,81.85582244061492,2048,151.76675054611033,5.069934702240795,2.989797544452962,98,High
16,51.409236390191914,23.92428580702351,99.62976481837443,70.97810925257548,65.01105997281013,79.53017447619905,512,486.4,3.9923028258514623,7.061615624509016,107,High
16,27.410250521074374,90.92245365641342,63.98570990288028,41.16493359259394,13.673082591560847,81.12098003966724,2048,934.0851185109437,4.221822328374511,8.806122573533784,74,High
8,28.93348733768522,64.98260022140182,12.987668355900558,56.94815381964988,67.75982107884423,58.43159635733876,1024,93.76210417627415,6.961677588115522,13.36290878082434,190,High
16,12.074237956594667,40.167892764983996,17.343246734823428,43.19112048802897,5.902671082042299,63.86215199990342,2048,829.0916999927165,1.49134284144702,9.784377864024092,136,Moderate
8,90.70718949169701,96.39117680074064,53.343014959708995,94.00928508685934,33.49315529596277,64.33291593962696,2048,493.4899458892094,4.7691733518712995,14.53896167718973,67,High
4,28.96359985674156,58.66834424471192,46.555481162033736,83.51338976710812,84.6711122332519,80.09730812863816,1024,775.9985257350428,3.481817131992996,4.2665175420753805,220,High
24,30.478048924281698,46.53522013387085,64.55595752035909,99.76691021157474,77.42912903811602,98.6273440219893,2048,159.64555960462926,2.2673053117719717,9.943292739975764,169,High
16,35.164128938061864,34.51981026166729,49.49630287402275,58.13027579831727,64.47607152270879,97.70337755910741,512,140.95139639976827,5.008041145809258,10.828576146888972,96,High
8,21.46672645258861,39.55617682053297,94.0669164344336,92.70915086541461,87.04584166251011,61.35947764948483,512,486.4,4.843383247124999,11.887075775729809,133,High
12,67.53365948632265,86.6279233273154,58.126574387215996,76.1832560759489,70.92695441722005,65.24226215333863,512,486.4,6.0672182028029455,15.829760473429934,186,High
16,16.76286578598279,69.15280074537327,72.43534553161979,67.1875244142163,51.9375105210803,51.80309461395836,512,471.25304112607273,6.212650028712275,8.020507336181405,179,High
32,22.078218369371523,93.05964955906529,90.68367453782469,53.354386677318104,97.97175003857866,69.94077949296971,512,486.4,4.151826444820047,6.539793697943418,191,High
4,68.02810539310835,38.55747617262287,23.218468824988662,84.30352991716856,69.48560797893195,91.73370608401818,1024,670.7843619885939,2.6162216794401636,13.783100127307419,99,High
4,40.56945584332985,29.691085907912118,30.67611887066757,94.248444934258,60.13671768130031,95.787586949307,1024,193.1596451848821,3.942272927847943,3.651863576279732,128,Moderate
12,73.71530440310701,20.487002478047202,19.658679442661356,54.11850388452224,40.88705609535646,61.82482397839718,2048,335.66472203532726,2.8351583235686086,1.5554214591965911,196,Moderate
8,60.168227020312784,60.6289630092795,22.567455930692105,50.52342009841675,90.24124985790503,63.28972367444196,512,144.7000440035832,2.302814546192474,7.653835802969997,173,High
16,33.04190557553618,99.86455443055905,56.13255702408098,81.77331490029202,29.57090956049928,61.04249082543768,2048,776.2091822416237,4.085239955551584,4.708087818049032,188,High
8,68.57451554403953,75.59722150549112,38.90613330707176,98.61838976353116,0.9219594210902682,67.50517837872894,512,486.4,4.77657213205995,6.947881018826361,206,High
4,20.46463122635926,44.671567357211686,48.08555555740794,84.99730606624468,19.674052243235995,90.23796992952722,2048,550.9145433003515,4.338713364917562,15.791249671694812,73,High
8,58.27693447720274,90.14868664209374,98.42408486146556,57.07484434285894,10.951749194235916,82.342873494223,1024,659.3057699737437,6.703726888861577,6.227323453288787,236,High
4,49.34332945405312,82.53778127903678,24.10339130163533,65.19732544886713,31.899377417307207,89.297045893185,512,486.4,2.4411347706007716,11.619485625900703,75,High
8,34.108622453569666,21.23321328612314,58.673086371826805,63.059058127502304,82.5878677458455,79.15155531676531,1024,232.01651140618551,2.9202209528553817,4.756030146256975,158,Moderate
12,64.360449796555,85.34883844328179,18.898403954828588,91.12570108282273,65.15296853650074,62.88665390295734,2048,342.64123515709986,4.8396783509531,5.5513441564926325,151,High
24,88.42002331062542,44.04214057907968,38.66466819374908,86.28224673233342,16.898058923371252,61.399709010627205,1024,418.19799921099235,4.402331078773445,4.647327901903866,73,High
12,99.9014229786769,31.973877166688087,57.47733313071387,75.3385260856912,78.88217210923385,50.45003529318749,1024,598.6424290240175,0.5121120046928629,9.582413053386265,113,High
12,64.6986491869082,38.106467178965964,95.1968571368804,56.497546623814195,50.42198660994027,89.04910684370363,1024,851.9876523672879,2.529855545423818,4.391628792946506,116,Moderate
24,46.423528689625314,57.48638435001112,45.21053991551347,96.27931166332337,51.271462411829695,92.3560613082359,256,243.2,2.1494520410461435,11.775461539926482,113,High
24,30.268639019458146,53.98943416544088,15.841602659320284,79.1989134861488,36.21121809808733,88.41412998142081,2048,476.179912720511,5.959446763199102,11.204112978036456,125,High
16,33.13864804556006,43.11098394993814,44.93453031642852,98.22859878650695,86.46163648220234,53.720102886424534,2048,754.0185720926646,6.130616750752039,7.319045139841044,75,High
16,53.15094803347891,33.777465776562615,23.116705828657995,74.80702198252185,31.832730385579268,88.1110813584933,512,96.51114950957806,2.3453054167025287,1.3836553155670819,246,Moderate
12,43.054993115263834,80.97846317137353,30.699065196230077,89.27156550181684,9.413976066968866,52.28837265751346,512,486.4,1.1634624985789865,1.3397669833955224,101,Moderate
12,92.24330703624499,99.20878269879337,65.62815608484914,88.7863227636716,30.272899397194507,55.279653285319554,512,152.9359063320678,1.8338126558815464,8.992102256633999,210,High
4,43.14659208901386,82.22332643357524,16.068147958331352,60.23972661001552,71.53535462678857,72.02376864663336,1024,543.7574077600758,1.6476945929738833,13.587982428350356,190,High
4,43.610013203089196,43.6749574137233,51.82513806250336,97.8412433774337,65.75818868033288,73.807350446242,2048,770.1445337022824,2.0433298353530827,9.983105070639844,202,High
16,44.518106119057926,39.58471691297067,64.8515427409688,41.31648805585384,18.801715355357786,90.80593183093481,1024,244.57793693449037,2.0251918649331992,7.534756923776114,221,Moderate
32,85.29581893308922,37.41327008527506,47.96725531307472,86.12265452604485,11.178429910494202,83.97634460204553,2048,850.9836610298578,3.618951217856327,14.231782502237387,123,High
32,68.57094887622117,30.935605959122903,11.721371556135733,97.93342514584263,66.08657584017463,57.66600893156081,1024,341.4560689809325,2.5776689747941695,3.9549317354016704,160,High
16,65.27519652870035,64.1064439753841,98.69674212125788,60.334492197023366,67.63768356549123,61.30733916144007,512,198.87701492219244,4.138841380560384,6.391366439744555,181,High
4,40.0728720145476,68.43202975626753,43.040419060648176,78.88663526745832,36.61496372105707,64.28375941293433,1024,470.6701611201436,2.7368750582154697,9.4796417780592,233,High
4,83.61137591491955,76.44021285305098,80.07194682399403,73.73339499065264,84.28013835290797,56.183631872742914,256,243.2,5.795400044774258,5.375042037225791,188,High
32,13.452747522013102,74.41706967469344,39.30818429687079,85.69043858059142,97.82052037999168,64.38224431796154,512,78.24373056236189,6.680151105594295,15.96568722789972,100,High
8,88.37174551043019,43.386664902670596,52.751508129407696,91.97067529870314,20.56452234493954,86.42990777698665,256,243.2,3.125469946807661,7.784813754028675,69,High
8,56.147490981453664,46.424880431747724,44.96172783498969,76.18267415797288,57.706871570602836,62.07007350536415,256,243.2,0.8215454761126068,1.775833350117281,238,Moderate
4,45.84252113770715,74.52116283538703,40.8285306558647,88.95427518288741,0.5346329003939165,91.76798235301932,512,364.00506000862964,2.0572586078909563,3.6412512812863245,207,Moderate
8,54.74505526459171,47.95581126269027,11.966623948700088,58.73713455335531,71.30543960262874,73.47584975626039,256,80.11575478528943,1.1620780673197713,8.987213024120257,103,Moderate
24,70.0673977480448,37.00985516954504,42.40188440690532,53.71522352228901,41.42821135633178,66.14678806221944,256,243.2,2.7409654137838935,9.250842995284138,44,High
16,11.148888386610762,49.94689229573916,90.0540991359577,65.8400613719704,19.326922690316483,70.62090522744366,2048,822.749792275165,4.6932425221711025,15.762164007920418,148,High
16,88.43966708124229,41.766732606238214,72.13540047343153,80.66419597484699,75.22219217643762,85.47483702967457,1024,968.3571472799757,3.8729014081393194,9.99949627639403,50,High
4,50.20655727802536,27.065017697486226,23.088057318589584,51.23481693632342,81.06487975560806,75.83963516229952,256,49.38140542374122,2.0786919071796497,10.999409805388263,50,Moderate
12,40.866986773007035,86.41111218213229,63.203950416046524,80.82113152911349,11.116650117593728,50.3639331987529,1024,573.5909794587186,5.487183842177268,4.2058415490130265,89,High
32,22.44210090706514,88.24891113256291,90.30077739539844,63.64561891432404,4.0995761838034,96.11619232925375,256,114.2503986965796,1.354624740968239,2.602973224525676,135,Moderate
4,49.55188369225979,37.580024013350354,73.00306368683698,87.73451643355791,33.40784416691173,53.29980015009259,512,486.4,1.9832738383105575,10.030150122221315,94,High
8,54.669049415594095,25.18177596201614,23.381595312102704,42.210149026198195,62.599046576103554,96.93106744071929,512,17.81330374797044,4.8943064788523865,13.973199649046553,178,High
32,46.328202504413,79.10619498809436,88.1049247061047,80.07895826976366,79.34195271886331,51.40764118100273,2048,24.59420945029952,1.7820235134776343,9.810594276853271,212,High
12,71.07940844442074,36.9222900690731,37.13896119599788,78.98934019899806,54.60624966304577,88.54896674787241,512,486.4,4.91195765321083,7.6417482727693065,98,High
8,47.88068758833034,51.47483915494882,50.86685298811076,96.45612856751886,58.07487763069806,76.73373540916441,2048,83.69096947032482,6.850118776924974,9.673099619824438,236,High
24,96.5275820061916,25.13082017899066,57.352848372023175,82.80205321384423,79.98582217528912,75.2863090302053,512,312.12985754419356,5.903796366774996,8.031573677285813,139,High
8,63.934976604123264,38.101566780674816,86.54559439403758,87.77811378539687,52.88433742187594,53.638925127200224,1024,958.4600198627927,1.540068512359005,3.1282236402297574,55,Moderate
24,82.6730142086718,83.43218226637086,93.8446745632895,94.2754609511901,61.11544902263005,61.937250516895816,256,243.2,3.883239739771148,12.117766378793524,104,High
32,19.842031279853096,84.35171575321615,93.66875900115005,80.50311509751927,51.62173399765593,88.87736585325959,256,169.78883326720612,3.24509016231115,8.995572451970087,84,High
24,45.756216365131515,36.56678599101683,10.715876315068657,57.409218097598476,88.0458233367704,94.56299149612471,2048,565.2929022214917,6.945851186017081,6.9898431408723365,142,High
32,40.31629313024374,46.873107608535165,92.96996370269115,92.18642797501133,23.551661858508886,76.45593405264898,512,486.4,6.768604561313788,9.394577530630094,242,High
32,61.25341493229326,30.739073527499485,14.89482694014151,84.85468716855851,26.399358454050937,67.66716981812976,1024,457.8568836272872,1.3262283430108817,4.618404316800023,75,Moderate
32,87.50021680552831,25.93381042279379,33.91962911356919,65.46625624005361,12.796146160182575,52.99716040321054,1024,925.4531566813557,6.4067506681061674,7.419365732056484,219,High
32,17.0504395985806,99.37373715587276,56.34890692550496,82.63175035899772,81.94667514944217,84.10892630331702,512,486.4,1.757219197249982,10.336678015055922,99,High
32,16.53173182402397,72.44751609958713,53.19331201039546,92.06133263086852,41.177729056235734,63.92233053431413,256,243.2,2.5764347611328704,4.39290360500848,211,High
8,86.5285937341839,63.367720735865504,64.42388144986528,98.53912788347628,34.78939408812438,52.75068574960734,512,276.8737374516497,2.7971518682511323,12.234926269968476,161,High
32,29.156507743452167,81.23988003242397,53.15016058633052,97.14109023754332,98.13487170871562,83.2925864549311,256,243.2,2.36434329329184,8.815163677848798,202,High
8,70.18779290048323,87.20617277501793,94.09381116763787,59.51966960584849,92.68033664397855,74.28598967668792,512,486.4,6.046084655585041,13.925600656277737,242,High
32,58.85903191247247,84.5371814435782,31.64939633931283,65.30162282309091,97.19876821247614,50.598107485086196,256,243.2,2.6445606381964373,13.708548665446298,83,High
24,84.96042353985065,21.32315594319013,34.66222246346372,46.572196298642275,14.229899675869284,55.54620195531736,2048,103.86959741043745,5.808799724053743,8.417755655790558,238,High
32,21.258001885276318,34.94463185523988,92.86641421237506,54.85265722108276,89.12518131481663,84.9600964622972,1024,135.0956327224938,6.963449307282222,3.9319841594827873,210,High
12,21.680466915035016,72.39242416942648,16.90655623707306,92.94527250921702,32.870959938745145,53.183566653289425,512,188.86441689911257,5.964949995875797,12.049626799151389,201,High
32,60.11365242504768,50.06074782431703,64.8604739714329,61.65099557676154,1.2656770211862511,93.29815324214951,256,211.6168010212989,2.7499290218228993,7.280172035249436,116,High
32,95.17407880225338,98.59861208488856,71.35623568590498,77.23315951569286,39.129833598306874,65.56631387099664,256,243.2,5.123140557183605,9.919412251787458,125,High
24,47.34979825336788,73.23238341106033,55.498755108676555,79.957937098422,50.91963531380597,54.43332352182123,256,243.2,3.9705024054419766,2.608979352609082,149,High
16,39.424789022922546,96.52391269833652,72.48086909408235,86.90975650859872,10.822042356740535,87.98786890840327,2048,461.15918203266057,5.612365595242156,10.473759842739884,65,High
24,64.60203908780971,36.115718531663504,25.54791814107703,50.96800181473786,53.76776168742563,76.22136172265118,256,243.2,1.4951330652005712,6.603257334176865,63,Moderate
12,93.7403740490528,89.11656224920185,86.73690094943859,58.288788076866126,81.94635841767315,65.33200161896488,1024,315.7904160450924,4.647874852198376,6.012846245777417,209,High
16,85.32350495601614,45.708184465218025,22.602312052289705,66.90018048749084,37.7650950839194,70.3049170834634,2048,908.2234557215208,5.528834026721275,15.698733681667019,163,High
4,99.59352496598979,99.16518465902455,46.073119988417474,61.89046367429641,35.26448065343022,51.070619780241294,256,243.2,5.44800368014316,7.486459641403709,195,High
4,12.031172488213938,32.61509376585178,16.773184117738523,98.97431397158138,33.88104202306774,83.13492687697145,1024,789.6021587530727,6.76335453642458,11.170575671736014,115,High
12,20.157233024148603,61.30718550706612,59.06899709356601,90.09644819282275,92.30944458836919,68.28868444817223,256,243.2,0.8796739750980804,10.415913033607616,62,Moderate
24,64.85209870299599,83.42756270696975,70.27712266830753,68.78120527722916,4.87580987901991,85.70187848640649,1024,171.50376343004714,2.7475658990998886,2.5645532632773644,232,High
8,83.85187954004647,54.61139844832287,94.70994715857616,92.75611756518808,44.50761419929553,81.40855729762737,1024,433.5957388784782,3.5975982816443524,12.218913055964743,84,High
12,35.67199080760899,57.446724815011734,76.54025763064007,60.859176854997806,26.459945414971685,82.5627092954869,256,243.2,2.513462934548528,5.847388051503648,52,Moderate
16,31.52899792307969,98.90846364045929,58.6992624808736,87.14969943341588,89.38070253874942,89.64463555022162,1024,360.9275279339706,2.513631838871061,12.984093237951026,154,High
16,80.82782194430808,54.02465202409226,93.93553154533004,53.42053588638722,9.605226358380392,81.55790391881256,512,18.81680788612354,1.6448359434845212,10.114611739230737,73,High
32,15.074366846790841,68.3257680479251,53.05931542367889,86.33932271358196,41.14427666804108,70.93629646209462,256,243.2,5.78418411966385,5.756372349302343,129,High
4,43.24443828243266,24.363172854012056,60.508508778898246,67.3872041917437,40.68161520310857,69.49637808673178,512,120.44372833836377,6.402448788499526,6.344394404966064,57,High
16,55.522830033309674,87.3768064168208,63.64886749030862,46.44995925953454,88.83944175470226,55.97910533824279,1024,972.8,1.0351278372163784,11.97261054499541,93,High
12,60.43138069152911,71.85344391836348,46.898175329791016,56.39574727333493,21.549344504096947,88.97217065781209,2048,775.2289069920698,1.506842926428941,9.250889726843228,77,Moderate
16,75.57536411134991,52.32160822902508,85.46344215092417,64.13647744141387,64.4895410301611,88.05542208773109,2048,584.2099174304493,1.9849444991670457,11.025265610069729,88,High
12,41.93611510875924,21.293563196361582,26.66583449605532,84.95757469986623,13.440612688778907,62.31491835427617,1024,163.06035356418147,3.8084186450520994,3.3747748161278244,240,High
8,65.14159102071466,67.33350564748031,59.935797133444716,44.37896288385705,95.39757140805428,93.13409563490723,512,486.4,5.642618216456286,12.80465008342628,88,High
32,62.68378805118607,21.012626278732974,75.00099305684746,79.57281970555837,59.301495927228586,79.45016288953141,256,243.2,0.9644609109721763,5.80586978372552,72,Moderate
4,59.28544905883724,20.096289112721433,91.35785546889194,82.96081845597061,62.62567303206703,73.93434211972837,2048,259.79929929763875,4.639284406779786,10.297919007365099,200,High
16,67.6434963827991,69.28788497194837,89.55265567908505,79.2352821955451,43.37734016604722,50.8748150812748,512,486.4,1.4706804657577286,2.7201973786301306,234,High
12,33.350425396126866,35.12136538676434,55.786626048712776,85.64017829005334,34.22827126663223,69.13705929321581,2048,386.8379797198403,6.814470941195724,5.821303617354505,170,High
24,17.618387822616608,35.351003977447625,67.88453060470076,50.69011696137029,21.26764294948763,82.03353841178316,2048,456.21656535689607,6.342027300536322,10.733009395999627,101,High
4,20.734450483576907,72.2617252666195,45.48139625163709,75.22620130378223,60.39877538322589,54.487391884419175,1024,844.5350904023171,6.672288518147388,5.113091984353759,72,High
8,30.212414438851095,24.295775035149944,52.135998659218025,96.4686968322328,95.4561745348238,72.97836544437742,256,96.91271946165412,1.1900652042876025,14.204682951247257,42,Moderate
12,55.01781419705067,45.0724449179645,91.56392133157446,76.64705618827226,35.9790954092403,99.6717975680798,512,486.4,3.6722364885522474,10.918425991651306,192,High
32,85.6398475491418,31.954552171361527,93.76335938732267,76.68018081717719,88.31568886620542,85.82693186045339,512,486.4,1.574102685489439,14.054175899451936,248,High
32,73.11640078795457,66.4141095837227,90.58726522603178,84.18637852679615,14.877631284724968,77.34354437508023,256,243.2,4.4023110800905805,6.930860533766811,168,High
8,81.01365437818424,72.94121237819166,22.45337756322744,59.992253927551545,93.61260208818007,76.65164424695384,512,486.4,2.0128042323021167,1.509777139370125,178,High
8,41.587806153348225,77.69086828792348,86.50756191975726,82.02855407929243,35.048628389807654,52.18825411290972,2048,943.4611607223358,5.50910139189831,9.64209945032654,229,High
32,46.418836748369515,40.418497353485236,95.35273579193323,94.9740299987929,37.97272115933457,97.86572187039681,256,243.2,4.68601690422284,6.0879025408805845,135,High
16,45.43136973915515,27.13998013092672,42.51247251162442,40.65372838152058,46.284225703432824,96.40888301425215,2048,461.5855804884157,4.215429862867246,7.7228256388353,183,High
16,27.268586596405136,26.294692555351826,56.67816604795023,92.20678246653192,71.82442699476502,84.12023553377233,2048,507.0430923740373,5.863976526774644,11.216653208841233,123,High
12,15.509499232921481,54.092123876057904,80.11857302316963,53.117099875531544,71.96534336890352,54.9505824840775,2048,725.8927905247309,3.751774700427168,11.509970006063076,243,High
24,63.182448354450415,95.6675527250172,60.58703238090838,67.35539642202251,47.95885847196652,60.39169483747191,256,243.2,2.25403631224695,1.413346222987231,79,Moderate
12,99.02950150785274,37.41832273976197,99.41351695356245,91.14086805715829,52.31528993139359,59.195476793779264,512,230.6065997148182,4.534585729200573,12.539540092594203,78,High
24,25.014673445523655,40.539328107323946,51.01420286411455,89.43472764739775,3.001048777414117,75.97892425506095,2048,73.25639511334988,6.720907109285739,8.402783724341184,132,High
8,14.201633790934638,28.071104168468715,74.25484400866398,93.51564868756336,30.429670155832568,60.39019372509928,256,243.2,4.407535861737337,9.35048159986825,231,High
4,80.15785136415397,68.44562191151442,81.33320261768898,96.42500755795157,34.601707423060944,84.79002807720991,256,243.2,4.592526418756299,5.469912777847788,119,High
12,32.73274060162518,74.38982991577399,54.469037418259546,66.82941740630551,55.87272687257594,77.26149429846944,1024,642.2107178436858,6.575879428187817,7.312506790008714,120,High
12,84.66794248176355,71.4344966528608,87.12854251402382,79.3818286480604,55.82997673713045,50.88290885213277,1024,830.1536227162851,3.849288152000342,11.655627009689976,115,High
24,73.35430003310638,88.8904194435825,59.15391320864768,63.4287064315664,70.98997977278731,87.20286185178259,1024,307.2739830417144,6.976323501146151,12.650707044163878,42,High
8,95.11061833457241,58.91406680208574,47.048571712146824,61.04300304952995,71.70272962180809,59.44143683269743,512,486.4,1.5378032829649904,6.8065927175196705,196,High
8,46.80345121810048,30.756563261365155,19.70413064667523,65.89572463586018,23.5210724212083,91.24425598403384,512,116.82123873773267,3.9907589795800815,11.366762989769953,212,High
24,69.57728555055706,43.15241045635301,45.40722187153818,84.58456808696056,77.01871511048247,67.75227185614895,512,486.4,1.8838554665934795,4.8706525253265704,36,Moderate
8,51.83693027319436,72.99439787370815,76.05428092599557,70.08644482849317,1.960356804628205,66.93098399908182,512,67.57669230011962,3.446621394214502,13.480339977662728,200,High
32,66.7529827577689,69.04975789932479,92.91577705120966,88.84358046690052,71.61618846067205,50.590866788910525,2048,443.7929271025665,1.6087304117614927,10.14721358361048,71,High
16,50.46390154069636,62.480250379436995,32.651146347427925,84.71310863176936,10.20611035194231,99.38644914615085,256,243.2,1.9464370149177395,12.627797741003425,215,High
32,26.976902178166736,74.63715349509498,41.97119655974524,41.22870766746396,72.9648208421219,80.6002169585932,256,243.2,1.8702003226097128,8.157322784767711,169,Moderate
4,55.71076744030428,70.99126802986395,23.85648946939836,77.8142894263697,52.71180905684043,71.13650830929953,1024,129.917231901697,2.5802037036560517,4.436639274729329,42,Moderate
12,57.57257812936981,90.50599115719614,72.1650604806072,66.19426739851546,43.725450068309215,54.83107022306695,256,243.2,1.3749327243724367,7.438466699704659,41,High
4,82.9543463434145,66.88131019826372,96.41695870089328,67.3977393490685,69.0666389761429,84.95740320755084,512,306.71445384801785,5.760724137337605,6.722280917174811,233,High
12,76.1968635214223,82.28810869604452,67.68569978633579,89.10238323219369,3.637083374723271,64.13652349959695,256,243.2,1.934391382399388,5.990748151602387,67,High
16,69.74124615472996,39.89657247731743,65.53688770056037,72.8564791650806,22.347032567557832,99.41404091877645,2048,781.0000369045983,3.2076984684319383,4.182606216122175,32,Moderate
8,20.20483859973153,74.25460676712544,59.81409374503905,93.13730940753683,61.6440142467654,97.52736795746615,2048,15.40633558151481,0.604371398495158,12.387507128197093,229,High
32,74.85546615973435,92.17552947061405,17.961016661698288,82.76833554350142,84.7215406630818,86.76483394013943,1024,751.5928049226067,1.1817300313315837,2.2952749198084073,91,Moderate
24,55.02746407190633,50.85858623198666,75.65534437864453,73.17040052584318,38.1107636945117,98.55359651414845,512,486.4,6.325767352686135,14.313413948287508,188,High
32,90.46895824955433,82.32833498709172,64.18445891944157,85.27227856906623,25.87614726335571,55.28169312268814,256,243.2,5.941541324962896,3.6253708434663023,234,High
16,92.78838407174885,77.98314409563483,69.53290919706583,42.300943055524435,51.87364357889943,63.995768026827264,1024,630.6129851981786,5.965995940958765,15.69810477777312,229,High
4,14.964093154160691,24.762095749745797,90.89299837246794,41.62501928969247,62.231525238684135,62.66216443955895,256,243.2,3.173797212156571,15.827020721306114,66,High
24,83.8577404319031,66.52066476992579,80.55647083549161,45.000959615251126,42.01030314057464,53.600632922965126,1024,432.96238522338194,1.4199501925358173,6.975805618617277,53,High
8,13.392765138040357,30.41514793606419,80.28237269390735,66.25391950882856,87.6710682659755,98.61132989857279,1024,970.038721464555,1.2013143897130547,15.817316089483944,121,High
16,43.04526631255204,97.3855337784473,93.44653919914128,54.127008737616585,52.34387088600134,52.998704332344694,2048,882.3749581714937,4.43641771120465,14.036027759210894,97,High
24,58.80699780589712,84.9126002160525,99.09414563166996,99.05567766494707,3.5823587570585014,92.83444519971648,2048,468.8906500084476,5.883256156906093,2.236454154199984,93,High
16,23.329071876441468,28.777904099769607,62.31544587649537,72.53740834068202,22.30539547061904,88.40807122884196,2048,943.6323770398132,6.350744133911579,15.209928454429273,173,High
16,77.16824313121691,29.740159811814273,19.799345442804917,79.7449447648695,45.06470309178145,68.79335437357298,1024,824.7253266523944,2.3767557286414727,1.6377157885689133,47,Moderate
8,10.75192337549247,67.55790839300951,51.32169169978928,56.7292081748018,69.77255190169333,50.94036813148995,2048,902.0789630431968,2.586672703917448,3.7287144060866075,97,Moderate
12,25.173914359063318,47.591133933854664,80.884103181548,59.307814515256524,21.975224379258883,50.30479524909347,2048,686.1474622301618,1.1556982695992604,9.768933112700115,197,Moderate
24,62.271714686812814,22.792468725848742,12.495279228566428,60.12771484846935,97.62574397174211,60.19969203469616,512,486.4,5.533663630242078,2.211057676000204,87,High
8,74.29488058335632,63.33132062664425,15.119869452053416,81.92414230901804,31.85582581880835,74.69382900168965,256,243.2,2.2919867622874026,3.425916354840534,152,High
16,92.49787924245246,51.02760797486775,16.04420041445392,68.4223724613585,53.24802068605884,72.89549890925757,256,101.09641869526469,3.6260415521622926,15.302376806683581,74,High
8,73.49469867411614,28.086119389739412,75.79321824954798,71.06101915180446,1.8966384731041175,79.26462882824637,512,486.4,6.5378324794374105,15.920318273314122,82,High
12,70.46013432293793,84.15363138047861,55.104996570685486,75.52017892956073,88.48907214308043,88.59796548303811,512,340.2769677764227,5.38940224711209,12.97204812670446,56,High
32,45.49070317155979,93.20614122230448,43.200814916853425,86.12869937429302,78.88346535251834,68.86773074301028,2048,445.5005144875219,0.8427963258789666,8.728140871970542,147,High
24,10.115598297412127,80.5275147211304,19.50553407355624,45.42218491074869,19.545800429559268,58.01818477546587,2048,793.9847216008872,0.5530048639862929,14.504514035375129,65,Moderate
12,20.814333286205976,85.79378480130218,75.90162251853002,86.6124347331293,93.32366912398429,90.0024458414212,256,243.2,5.618151518222652,2.6784815632535306,225,High
4,58.109909028043525,37.31924538128939,38.89178294958097,73.7941041325108,31.583976379740463,66.63453406656055,512,486.4,4.091251540361522,15.143378038675133,129,High
24,70.76168972599777,41.08583607348808,33.87916630582005,80.14572669131543,69.21862883801171,64.34409488966753,512,406.56801326900444,5.182173660857556,6.273293911831483,170,High
12,47.57034555068162,36.68220322393502,68.70872813981958,59.653105890445715,81.89763180165998,88.21560192146177,2048,379.555282039397,1.5192995918729877,13.922340868497917,208,High
16,75.76111103755512,81.20507450924512,60.31098033371576,64.56321020898694,74.09144612371809,96.70697190415723,256,41.371961045906474,6.1683110248090305,11.025601089780864,205,High
24,56.967606579896085,95.83336631475976,42.61695776319715,53.86994917923521,91.75827840298412,95.74806410053785,1024,468.0981229029615,5.526612363594003,15.40411456083583,217,High
24,16.675857603488097,77.34697653871221,67.73387237250293,98.75799984504431,86.42747603407085,56.87212129285893,512,486.4,6.290452941354989,13.970169216937272,235,High
8,27.281462587115396,90.51734119036448,34.40993683457064,69.820178350619,99.461151409161,75.15790767346498,256,243.2,2.7171245372735604,14.318467203263593,135,High
16,85.59984009195486,71.0959275906538,81.53472354438941,99.76461494779588,18.261141257614554,54.64351418640867,256,243.2,2.292083769341101,10.476315341800458,130,High
4,75.24214719619955,51.01279204470393,30.638705527688852,69.38715868367598,30.476180122670005,98.04879794531999,256,227.20379080042525,1.4862543595055249,13.497377964644137,140,High
32,90.52857883112455,54.06092919442442,24.295392584381407,53.18507586304404,63.622586743163,60.76139429384197,512,486.4,6.5455753016554805,12.356967261420078,227,High
12,20.58015242088429,26.025714573392385,80.41954685489874,70.44714380421141,73.30471858915837,59.87147873828874,1024,69.90644572773563,1.6493898231259645,3.4243469635583086,208,Moderate
8,99.12002811535665,22.516575619682087,73.71028276281399,42.37573430794467,53.46050545557092,94.44428365032397,2048,708.3292244504933,1.2755620191247827,10.728953370298646,43,Moderate
12,28.846604255494025,75.6380483351262,26.437507813161858,94.28618808531708,7.392836488661492,98.39252775609825,1024,385.15061162753364,1.7524083584140853,3.2226331978023794,200,Moderate
4,11.06018886579778,55.07431136089445,20.462117742094417,89.11301507166647,84.15952268003821,84.88161296476284,256,51.180108693249586,5.513981223940736,14.041841828282948,32,High
4,99.76806451481987,64.17720544437036,85.45591796380229,83.54923124165708,96.0874356021272,56.050251684961246,512,486.4,6.2819400273887265,1.989246990099527,182,High
24,35.29664969006018,64.6128998097933,79.89386339770192,76.5896029265476,40.55168438263947,74.2927805270337,512,486.4,5.770937467226758,15.80570005289913,63,High
4,70.12175072613039,42.19006506666411,39.453163632969776,74.79005402022179,22.481248169884605,90.83025470308019,1024,603.3257799199678,4.161050593663351,7.009399992065672,227,High
12,25.901408275867468,58.071400866359255,69.23776673920301,99.80369284476777,1.9313754962087537,78.62385918541226,1024,734.7103846092123,6.960247630055201,3.5594403055215342,213,High
16,62.220567897922756,57.66081773341618,21.174416789302974,56.67984604119627,23.729903609358526,56.62974273641673,512,486.4,0.947551419207417,15.035124754918344,222,High
16,91.36314878091034,51.07417769822856,55.63428931429103,86.78106192193468,69.99187748384223,58.59438747516139,1024,733.5483021064655,6.1367459058405665,1.6813897934477193,217,High
24,38.81630506855947,85.65403067208564,11.685726285437788,74.88428621281945,91.15893876727304,93.20708379174025,2048,764.6588677320791,3.280140101139498,8.051584517634751,77,High
32,70.32285784399232,56.09312029500767,45.24416928293999,98.55283262553311,9.351306643176581,76.35145818437417,2048,593.2600152589648,3.4582952665855315,12.55340691886754,101,High
12,26.911322991857485,68.29156196047903,16.73585393242646,89.66819099789515,55.32591871619299,85.29183868833562,2048,371.98145259867914,1.3293668087333232,5.751257131475515,238,Moderate
12,66.23158588468527,91.64160963046609,52.76324621411943,99.91150677937556,69.55312485118324,68.65312631165324,256,243.2,0.7173143332998847,8.932520048542017,234,High
4,40.280531663575914,89.2986898287138,47.95134821676049,75.29949966774677,27.63808211062686,76.62427914594207,1024,903.8742042862593,2.558084119451316,11.50619524470703,176,High
12,29.008743272915652,91.23377630233321,49.99465239742504,52.2726374526961,56.9897039170302,98.85515701938459,512,486.4,1.6365479652405401,15.279646315019813,134,High
8,38.18638456332717,41.600399717201114,14.079817184319467,70.22122214168402,71.52484260057729,66.4851518484069,256,243.2,3.6417019144635256,2.5405395890654496,64,Moderate
32,26.09569616570194,22.798599064645025,42.545470715364914,82.66666804303448,83.77192431353768,83.73942637541373,512,121.18762178157722,1.4576484193495176,3.3584005557237964,126,Moderate
4,91.17244970540945,40.885343991626335,78.08354641899248,86.46162317089528,45.24998508199809,58.62527785976149,1024,230.31195384526694,1.3965302872647922,8.633063427911004,138,High
8,45.7468197685416,42.29658764965669,43.20229360182581,40.03059934095661,74.78572189189606,56.08699426301666,1024,673.9606725273177,6.200363396675021,7.277124417250704,138,High
24,32.07513744769306,92.74882613799744,74.36547573486226,70.30162531013764,30.17829717398497,89.18200556295149,256,181.20403625874744,6.488415558621659,7.161942410254996,62,High
16,50.35670569143396,71.93941862703765,43.253085127035995,54.11407479823879,21.304674677215864,92.20541049935828,256,243.2,6.767405355821414,5.454422544042298,199,High
24,38.8482550125846,26.536316768178303,48.09154973411678,92.49470999528731,18.73137460906674,83.41558476747078,2048,923.7999374759664,4.923265878680428,9.410271977634341,144,High
16,76.99773284319933,30.83028768088809,60.75029015463395,49.174326643013714,35.88727318257262,57.90979187722375,256,243.2,5.511607281173151,14.249325042485744,83,High
24,97.40979206969449,32.454090043358036,95.56137431263743,79.98737497449,3.587968178884904,62.029398282126934,2048,19.232250915141773,5.93260090907709,3.413865108067958,68,High
12,49.42302910278821,70.43373985351386,19.797440198198966,55.96373141949549,28.299183766524973,95.55878540475558,256,243.2,4.782993384284319,4.229294942436365,139,High
8,87.49300599750164,78.83312204056026,12.96223917950563,61.39252859285634,65.22228244432281,64.43520243998782,2048,742.7924749383216,2.6465801805664393,11.062352466993786,221,High
16,60.92767662036576,88.77151284523168,64.71614654290406,96.43355564541069,64.79190471601368,90.94302580985587,1024,93.20972994116424,1.5165154898179067,1.8429648143095625,195,High
4,24.151209858481014,95.25092406449944,95.41873800355837,54.42688752448477,7.355380649149124,64.29686444552009,512,421.08806409093916,2.0422764965279754,11.106462993445097,67,High
8,72.15604678732075,36.13636459091534,99.07508192992434,45.70016570937584,28.741561708062015,96.97312846617173,1024,703.0450198337139,5.962691334132257,5.71684226295006,102,High
4,56.20910474132381,44.781798777923925,53.57478226528016,44.15709408665355,56.95576646779217,95.72264564185015,2048,957.1186377344388,5.024632048864468,6.367808971000224,209,High
8,68.5545870926893,39.225830459586454,52.127345897658856,70.27690660596772,31.855213750310284,52.1631586814394,1024,172.49997967527864,3.4626724629199854,7.0832406073435035,141,High
8,90.07186713144985,48.700925397291016,68.04673936706766,78.50268893705729,41.79880241888735,88.52069934337044,256,136.45594910768443,0.6911330016729427,6.243813422375723,130,High
24,49.63911135904414,93.17320859389996,60.00712814844728,59.63761861425323,71.2810757115764,58.47308801172035,256,243.2,2.2303284078202403,13.618144319192984,76,High
16,91.10598608956201,66.00900535514893,67.06792518527064,81.41558450758484,0.9266829456630044,60.76358129531907,512,486.4,5.237833705317465,15.191026861004637,155,High
16,77.56021128534894,79.05535178595993,88.65994829841048,43.662023114394266,27.639354408843055,72.99226061657379,512,486.4,3.830517028117649,9.220172129742826,94,High
8,53.97444332901863,59.20953889014256,77.16755525388484,91.4400786953726,14.237224378501667,78.8159074874725,1024,235.63559364238023,3.3309612141359253,9.72817748252409,129,High
12,64.28999220921673,22.30863306688996,54.7189652518116,88.99403258435427,12.760918276449173,66.2899859485246,512,326.1536764917428,2.5389161050694002,2.0572466202015276,71,Moderate
12,39.30230192671103,25.135638879825144,51.56780131001526,99.12977628352513,95.90402164472471,78.76916827771046,256,243.2,4.445056898750655,11.69787892541501,131,High
4,98.52375697648968,63.03384250143086,67.56415736618044,96.19029885411072,37.656033156241776,58.53291856705683,256,243.2,6.78150500491598,9.76148309446126,84,High
4,70.06160467453563,77.50312278560205,51.013565597826776,61.371829835135685,52.70885849096398,51.11688271905185,256,243.2,6.357303681433789,1.7559178571140053,88,High
24,13.94621672469669,37.22644220229852,51.20014161390758,63.95652304093463,73.38218870696326,78.56121941808816,2048,894.2168793853988,0.6982365975478332,3.9763850060755495,223,Moderate
8,39.39597151732079,77.75276591938433,11.467531160785434,84.75789084869558,4.744747486005019,75.87076299811594,2048,222.9450898106059,3.6261998467923977,4.029151305888441,103,Moderate
4,66.09829903831518,84.853261878681,25.665772366657755,48.04496631729899,24.102263855769834,84.48269820379625,1024,762.1295908185565,2.64155043730516,3.5645192791503884,211,High
4,15.069995001931582,52.9517982689689,53.966227599617774,58.84088261469009,83.21477873437125,82.49110309839122,2048,58.07957924451544,3.8189303052087062,10.879689319341656,80,High
32,12.149577218722849,79.7135386275284,84.03881131453322,47.112456218538895,86.19906131778811,94.87431901169776,512,486.4,4.440388984166146,14.926594230336534,180,High
8,50.50218155750223,52.32239602627679,35.085430605441175,67.29318694436988,37.2950920640802,72.9734310080773,256,243.2,1.8001824419840542,12.44462988037539,230,High
24,39.9421161723403,74.2680503564016,57.03790898180341,73.12025679311907,37.486159965176824,50.4184737346471,1024,956.5399530100971,5.580192452063666,8.160602278208698,168,High
4,49.44687472298493,81.11976394556345,41.0465876283309,52.66962819776514,75.6896877108882,81.5326340798427,2048,960.4321309143877,3.587942325558781,7.060769469767228,65,High
24,33.64239788920047,99.35412946464886,19.432359058563012,41.5979012148463,29.507022674986917,83.75662148016092,1024,60.306957934111715,6.9480393568386,6.796871579638338,213,High
16,24.824597224868285,47.631732965087686,96.24686347641706,83.16134990503139,11.709408113999809,76.07474946979849,1024,168.91627070021016,0.6633280073331479,10.018704365437376,71,Moderate
24,72.02290212823038,52.88326244596892,86.92064832252716,41.20030986557011,25.753545024058344,84.46524351206078,512,486.4,1.7331746452119803,6.388309884168045,131,Moderate
12,56.31140046410204,33.24960475281371,17.064318202021575,98.40415653570136,38.73447316357749,66.17919066180764,512,486.4,4.982593703642588,4.391829567830757,128,High
12,28.013879012443013,36.325844672144555,74.78085362214561,53.29643540454373,5.220470959509827,57.44041515955396,512,486.4,5.018668352416133,10.042643598633743,157,High
24,38.76304836339985,75.47160020787021,41.28219139217502,79.83400552697746,47.86802542001748,83.22768319782033,1024,964.726326088261,4.284223458710143,6.860581201413597,42,High
12,63.26271168969933,93.36364721235809,99.53648263556133,66.08510357439934,74.00075127727784,62.259321460776434,1024,621.9032759402274,6.817740186489086,1.2118724371575076,240,High
16,16.500641344523004,51.568396132899245,37.215866784608,43.580431620226435,51.37451444804616,72.81579546421024,512,263.9978843660044,3.1995475566795673,1.3334667035016181,128,Moderate
8,23.27077083395616,34.3875557468433,31.486460082633993,68.33101639806804,7.189534051450696,74.58113653058243,2048,34.85557311012556,3.210739278438876,5.112049167316275,81,Moderate
12,16.59210436966511,42.80795995063953,61.11014934748647,71.00563805780797,44.01496313459585,73.85997752341942,256,230.69722581334344,6.418096360957127,8.686332992602956,187,High
12,83.1085599442707,56.40413638465109,85.16135470088837,91.28099248557211,70.89046080428328,79.92245718399779,512,486.4,3.9998715829792695,6.3135926150198305,239,High
24,77.71683098908083,43.25202634922947,27.32669846378182,83.94094417887388,5.809665399018993,51.47268544629294,2048,927.0120751095831,2.799229800306403,1.3608272858132793,169,Moderate
16,77.79816386913313,38.686326649749304,73.84624927473982,44.75814848520318,5.984718972688851,99.4841247465044,1024,327.69463063518214,5.173096907920084,4.347276456298607,233,High
8,74.46928091284252,78.87875910056636,15.526592482700952,52.549761005935906,37.06014031809827,85.81552369692857,1024,876.9472869864024,4.527859018218928,2.446289630119242,178,High
24,70.24468813028822,20.627593699249857,92.70412687994475,58.71326105289687,19.49639641237091,71.26938908993813,2048,400.94926585774493,2.4916653268628446,15.22948002042125,169,High
24,52.92927238403575,63.13844218691865,17.29674245325689,46.98446118788917,93.47807913084203,59.56650151451221,2048,315.18853687486484,2.4365371875279016,5.692511134427898,91,Moderate
32,67.80503471564035,83.50134456238031,92.28082387097463,67.41394425486943,58.13436037397432,54.00886612216782,1024,513.7558003777599,3.071483183927156,1.221495573932438,149,High
16,13.45253993091772,41.29826290539746,54.17265245074326,99.05855145175212,28.732539940589618,83.60952103130609,1024,447.85075748551907,0.9655304267912586,10.908448779784953,249,High
8,65.93179803911062,68.26332084896138,50.328200151632785,70.8767674742657,70.47767291149508,65.84778074792791,1024,914.661869831848,6.627009866169654,4.486719107617257,122,High
16,80.00899349831894,73.51200844948943,97.5976371550339,84.51293009939016,37.49290513593289,61.4739229124934,1024,473.57437793404523,1.689630261278323,9.50104382546506,196,High
8,55.032252434595115,72.4019757124072,99.13457599283971,80.97626786196076,13.211564437901002,68.99771935561667,512,284.56203335084473,1.7598579651301833,3.2611818191423176,73,Moderate
16,42.17619955845132,55.66797073589741,68.51603133649108,90.99468610552827,23.72322298435804,79.6461543903855,1024,844.1399217268846,4.705749632611004,15.76019852683697,161,High
24,34.96840613208812,47.72623903006234,21.440736267134366,52.943409427936565,64.27472844593757,83.58526083420006,1024,972.8,5.207605807448774,15.553887798479996,188,High
24,67.85218451458742,86.87392584222508,55.55530770896822,85.2295757015817,5.187610599699166,82.25850346772651,2048,651.6897049895107,5.28943048739917,10.839750275354588,181,High
4,72.35210787669179,80.67567655998914,57.62467908600962,92.88131441834497,27.268904004806373,93.16327917459867,2048,257.95675524699504,2.937987652777502,11.60803932733091,199,High
12,88.38708398762883,45.700413873113,56.300178532177874,50.290589378814566,20.831147764217462,60.93787155350576,2048,246.4269262430475,6.176638193914516,7.3881833693747705,152,High
32,40.810067421489165,28.241535555376487,61.254265466800874,60.80813318728022,20.1135110676532,81.83730815985678,1024,67.12962925310721,4.035993901362288,15.432690181272532,206,High
16,79.2795076647027,25.744603635637535,11.68522424149516,98.20610585989368,68.27624119759712,55.05571880930471,2048,86.52010812894402,3.350819089056611,7.356094305568014,239,High
32,60.522024177040414,27.542078231914886,74.01045533234522,86.84727075878754,82.58169167543645,77.39673449495889,1024,915.8332642309348,5.767511995626838,4.592019961120903,119,High
4,89.45528416102712,66.62954889536343,74.11548717576892,56.95544995225194,71.58666080642587,79.19792012448356,1024,105.52223597905504,2.083148119954945,2.73067914405856,177,High
12,57.503089746605866,24.132974066319175,20.392279766009914,73.83650617866923,64.57278158005121,60.81186494670868,2048,489.500409794011,6.091205382330875,4.121879504715784,165,High
16,56.58668455581705,46.95414999712307,61.321549820122065,64.25956737096872,91.6451771817864,69.58465649956185,256,243.2,4.002391064672029,9.58320255893083,190,High
8,62.00893732968182,80.25597615313835,61.15250641921971,69.39791057962779,5.839238042429685,91.35964447919012,512,486.4,6.350378024875387,4.676375769089486,225,High
12,77.4383819628191,43.54785332123025,71.42053781713602,61.30997148344251,16.748308597624074,57.42045268764817,512,179.55824075119003,1.8104814518624346,10.813741426713172,195,High
24,96.82214309456148,81.06464617441038,17.6857922921573,56.759861111820435,41.440685567053215,71.72530988079201,256,243.2,6.584409994015768,6.7327677982757,243,High
4,16.62070187941891,79.63736305656442,66.38529765394867,80.48578248348512,37.24516435038677,96.6366535605726,256,243.2,4.9711988228205355,14.303093581258665,193,High
12,14.809114215191546,39.6661706106573,35.267675567170706,86.71250890516706,41.80516029630225,75.20544638498005,1024,263.2648590669356,4.519135424215507,9.37717101198366,77,High
12,94.37953036666046,78.30577440741963,55.63026914465547,92.43742736484069,20.645490504270605,86.25668559166435,2048,310.8009144118091,3.243438876639548,10.339060796519142,165,High
24,57.688806296638546,79.82213106176806,79.5991197433669,49.31979803909128,14.950331558022834,91.34330197777754,512,486.4,6.716047499777207,9.348397044890156,230,High
16,65.34127131102424,51.79631405336215,73.5081342726712,89.37133141871443,50.91932474579281,60.188718742274624,512,26.411696968732326,3.385477584024833,14.283531612865364,239,High
8,53.418124143525596,36.833638699321455,20.701271591019406,55.28804946862381,92.80525240687936,60.91086177664662,256,243.2,3.740529190909243,1.9512935189378702,89,Moderate
24,18.429170734672702,61.70166455134953,63.20663084044659,65.64018339460304,39.1969462349917,87.92957280491918,2048,194.96183388046464,5.579737705804532,2.0102306063611772,53,High
8,79.12804405767999,93.71180704001571,97.22048778466647,94.0866211509548,4.335321411952808,87.66533690882005,512,486.4,2.3514757924825895,11.526103673871226,46,High
16,77.25021805797282,71.16933859456495,24.1092493601502,67.27021605895612,70.61673428895246,53.00916603198095,512,486.4,2.394719533289647,12.519458530722675,94,High
12,38.05329893435308,33.83379981018089,86.76163789528734,51.82381204265897,29.110490552717494,66.12491203474822,1024,869.4145141420194,5.53943496953793,7.503841274229518,196,High
8,37.56153207055604,74.62055397868158,73.22932724983993,49.59211931422707,24.509500730489208,69.9266245954219,1024,203.7330869019159,1.3357686297357017,6.284578120813951,135,Moderate
4,85.40572428149666,54.176242182546765,79.66029816187837,68.37902599912803,32.42580006979621,91.45202017355768,1024,811.9155423305499,5.8492693819046515,5.169175993081197,236,High
4,16.512153196719396,67.32230378842985,35.37624944283809,85.76034543859325,72.38155239078763,71.09311277148687,512,420.634636692181,4.563637554014014,4.515923287503216,84,High
24,89.29946335209092,78.72512280184864,35.91000364418582,99.83230863845807,81.88193868703041,96.2964445201622,512,185.91774196090842,4.004044481621262,14.679378845179079,106,High
16,33.0995520906323,61.19578812115559,91.54175101988393,87.24451770585412,58.80560673389637,99.830388857032,1024,763.6327503643505,1.98921098416923,5.427093195417587,244,High
24,63.36862729799445,85.11871796586469,42.38488288833028,92.62071753657122,32.24787537195516,89.03630828471748,1024,764.3909866391282,5.611393100738657,10.72118193716795,90,High
24,94.23947611016,77.77244634533022,15.671385162352944,84.86994165609329,31.047823311727818,83.31933447836286,2048,995.9290277954204,5.73219508180687,12.806421705754332,60,High
32,71.03102513829818,69.20586720148086,64.05370332215051,93.72610604536635,12.430834990546302,69.59485829935613,512,486.4,3.6391221411973658,1.3294986767137131,130,High
24,47.298683122033296,32.06342526658812,21.23359021376584,44.5776125988348,93.33010482351945,53.351972302601666,512,153.81457544785658,3.029598336571857,1.5081122482477989,57,Moderate
32,72.05807880148737,86.87592887292547,81.69366172671174,95.79589593889872,63.813939896881955,78.65693781980653,256,243.2,2.100051943905609,5.997061069560539,61,High
4,40.95816726847332,94.87244682558529,67.75717982509516,63.78436922353937,2.6974619855864024,68.08524527719955,1024,457.20964811823455,5.402521111079637,11.440236164705547,36,High
4,34.95325747142675,30.957209904743586,88.72538546990874,95.29685339682668,66.23670951866806,67.54490379161717,1024,135.38627765269715,4.65643750032359,4.9119795289352455,235,High
24,99.70149501412118,59.059290354674445,80.63535248043718,44.54397024756854,44.71534241935079,84.38546263547178,1024,790.1585847033359,1.8431016908845752,1.022249356483754,43,Moderate
4,77.5711208061809,40.71109935764036,20.090228350437656,82.91457742726814,97.25579630469194,73.18196792983179,512,486.4,5.664042517951855,5.322218499158755,102,High
16,68.02479796436359,80.36186459404517,44.296360879098,84.14132492021227,81.9068824806407,87.60469223857251,2048,945.005073404796,6.234334536829987,2.3519622496526913,211,High
32,41.97606788973869,77.730370880376,79.71042249231286,99.81465335786636,17.131575383279817,69.90866113426895,512,486.4,0.8851072078635982,4.291199586884848,99,Moderate
32,14.424474623954335,31.270809645631896,47.56073259396932,86.13131624138882,72.01111188748665,57.543169274328136,256,243.2,5.5207341471562685,5.997850010489464,208,High
24,12.795118843164005,90.16218170093097,97.51289363019805,62.954422348936404,48.55660038352634,73.06737630951233,256,80.71090140353569,6.043212567279742,2.9208603260312773,236,High
4,59.876312990391895,34.47784511824018,76.21664049041043,73.43491309711271,18.70451636699282,97.55062571626817,2048,157.852445895132,6.944801346584556,11.5954709117149,59,High
8,78.5829448935146,83.7807220518486,11.394992502128892,61.993056289995415,69.87399073299491,90.07623145582792,1024,851.0308159965097,2.044409743092885,4.838803480092825,187,High
32,58.36412713994696,56.55842877024039,89.19871224047527,51.761118718291485,54.73875786942454,60.287462753668336,256,243.2,2.9115208338926433,10.916421989574436,173,High
24,85.67065647452031,46.2617834846521,19.072430638170182,54.910139650136415,3.0373878771570495,69.56502508224713,512,421.0273445392868,6.780242099305714,9.98549279231754,180,High
24,13.008387978389948,32.65914101393708,22.647135176207726,53.32063205645926,64.6587950528826,96.38960476102689,256,243.2,1.111101076908299,14.470682315406039,188,Moderate
16,43.00768687833461,33.409140491730355,76.10431605499458,72.92891980979277,63.49870898624407,56.18495293632832,256,243.2,3.904100985445902,2.3189975851700386,41,Moderate
12,31.336335205676026,72.95124437607203,87.84717034874322,94.3696380719136,14.408516105146262,62.6975120932468,2048,959.4686809349964,3.79383976894627,4.219121670454971,242,High
12,50.254567134140984,64.03443103576964,58.27146651096004,94.76359756530385,34.89877269966929,63.11113229359482,2048,245.75586308965234,4.442560302727564,13.97767643565964,32,High
32,16.513875387471025,29.76683373209862,36.01447596512013,43.28582665154953,58.58989707510399,78.54664378309917,512,486.4,2.6501519965008855,13.331971845785398,96,Moderate
16,95.87184774139654,29.015828835066017,41.6183990727858,44.79396405711361,13.87830141067299,70.53666598556615,1024,414.7078601591696,6.5184675763666435,3.8815833577307606,195,High
16,30.092986096242484,25.784845981823317,40.86003966364504,54.70714343034061,85.27233778347565,53.993533699814996,2048,546.2988161835851,2.255398196233973,2.616040179191862,115,Moderate
16,93.00769979352263,79.50138778988352,39.401029342856106,55.3035671481685,2.748604628770379,81.45907272885428,2048,276.16950258466665,4.723020864298615,13.843621969302907,242,High
32,48.330383953301364,76.95056681834313,31.86187046394848,45.69335051435507,10.283741496935495,54.95389322600751,1024,502.76870108858657,3.723525647907085,3.672070852370571,144,High
12,98.69717199296963,24.674479268366014,64.79803851663098,63.307800470406434,11.610691985488408,80.3207465989539,256,243.2,2.2333774411205196,14.066645591061928,137,High
16,59.86525451141897,64.82160604775784,91.03647867085606,75.26352356147723,52.810712597505514,75.35041901130128,512,90.40372515949717,1.7275496721957755,15.41672049066611,173,High
4,93.77495777582267,26.77409241941519,37.63741717750071,74.68973203596782,62.011401216862524,74.68343303626563,512,486.4,6.717653807674783,4.312099578635056,111,High
24,10.481408982480056,92.29966164871533,26.802486771527086,72.60578087551556,40.37407965014865,53.37481226496149,256,243.2,4.148394500372609,13.605813998814325,33,High
24,77.34149255628101,92.5693935344106,85.47198997342824,60.320315493249836,28.86668276681662,81.9610223441768,1024,881.6530254369703,4.427240929458872,7.357466349733945,49,High
8,91.27455877922638,75.85863918505041,76.76049978007329,82.38734111899484,80.93173756255574,71.56601292946654,1024,431.59798629182626,5.588820483772859,12.831676371302438,74,High
8,22.57485102810587,94.095113715156,93.77533284039194,89.58903645886429,6.8285983726420145,70.55530611428432,2048,71.05244128857055,1.0279732808985906,7.110933114682648,170,High
32,18.651326655893634,84.91624243309525,24.896776204441867,60.77645598864451,28.02918611327917,79.82256982092684,1024,466.84651773147004,5.139467740679062,2.055933981005754,124,High
32,48.211534646736,86.28308607416395,22.982618270493237,45.13212155796772,3.9115578803970763,80.31240299732737,512,146.23308034134183,1.5734108942200824,11.690429089204963,159,High
24,94.03110155196416,65.57662804559466,58.728645487449704,57.779815065511386,1.3890134966268008,50.751664788099426,512,486.4,5.313127052996964,3.2603295985536858,123,High
4,58.814790417139484,44.48473585729407,65.29902893515857,48.242119274494165,35.337988693220126,56.261295060160336,512,56.660208889992774,1.4186363655779524,14.905376339750486,60,High
12,57.471081734955895,37.42392920931373,53.21560976736306,68.04152363363085,19.4823662444932,61.82591104223603,1024,380.2564421654182,5.9112090491783755,7.266194245310519,57,High
12,22.70135064693897,46.176001763114336,63.906997269148796,49.35610907896469,26.836585483824628,83.89886666729896,256,92.01446950262041,4.926605694725581,2.230002218643693,102,Moderate
32,10.07105599838969,70.27963440712497,26.234179198756422,67.77068545947864,82.09471574549681,78.83705635148037,512,13.332769730887275,3.0082868775407325,4.427200221609915,88,High
4,82.9126081670915,33.81252286659191,53.165237874767506,53.26017353947886,16.298009624922138,87.8814566192377,512,486.4,2.8324238853667927,13.937764262015419,168,High
32,17.88171066876144,40.69121893098573,69.22833048457011,84.32386632774418,78.0233367151801,87.03039027719285,256,243.2,1.4681559131134772,5.816282044362298,192,Moderate
12,67.04648368617916,57.44486902363715,48.943580432383335,41.65409445015074,67.50506231463635,92.65914346030753,2048,559.9479220164949,6.376346812479758,13.844919924695342,78,High
32,92.31548090636723,38.644007881969245,71.1502602234938,73.28477822991553,32.64455251408327,68.84074306362069,1024,246.56629144602908,1.2704402735172808,3.584301075882234,201,High
16,28.77867218425879,67.09149357728492,50.60721524984557,50.1692964952034,54.655614517628784,67.25319330916514,512,486.4,3.5685030254393166,8.023271853659418,215,High
32,69.87455526132197,93.85408227650639,40.02396227580495,40.05951186817762,44.44356097745388,91.55077015267315,1024,923.8062311053455,2.0373699561337224,14.173892376799243,208,High
24,17.08287190367585,79.84714925625012,37.32445423783831,92.15200528388843,12.839531549766537,61.88007669335923,512,486.4,6.976128802123669,1.726072484848848,147,High
32,64.33796294538516,73.31412913191303,46.98118530897292,80.29166726884407,90.71853217341757,73.05861868368035,512,486.4,4.307986334871538,5.564157741694307,46,High
24,24.753854885788247,66.6177180787023,12.078066041398074,45.93656932303141,56.961796758576014,59.71628260111248,2048,83.95513928706717,1.4722992720415833,14.647773841581786,155,Moderate
4,76.23582044636602,59.03583274056519,70.16726246015023,79.84434206103134,88.02400457954549,95.69203710696068,256,97.55453826142985,4.839165984541746,9.947894915620648,247,High
12,37.11081653145174,34.92510877077278,86.05950768822356,76.69883996425591,82.38265118132902,70.39015065483127,256,243.2,6.9454586119465835,11.74348196533202,161,High
8,51.70519079241816,91.57683643414924,41.91643849988067,68.4014012225922,7.9775925309423235,60.624344911541414,256,243.2,4.432781323999931,13.63192657888611,190,High
8,63.94874878248595,39.882880161026904,14.14298225275467,65.15548590553684,20.727066601845245,84.6006695284456,2048,440.0532766894055,3.4729641146152646,8.85394639403675,219,High
12,25.41460695996156,27.30471020625286,98.80980376470019,93.22418577494409,14.526111437483081,62.23223391052393,2048,334.87307328166105,2.406255790521255,13.680488515324,110,High
8,76.74740367558589,80.00121433829563,33.732842990596026,54.70888119384708,83.07795327869188,97.17518015851117,256,243.2,1.0988021963869916,10.581468560026122,135,High
32,37.23763065731331,34.04924274649331,21.39590095216957,63.898603420803,86.24466264552024,68.38085074047058,1024,808.9180687729696,1.9836009434342692,11.284756758452533,229,High
4,69.61346739214781,49.75167996329408,43.277725717572515,59.746924773689635,52.79715098083659,83.23203560509185,1024,734.3680926313028,4.09853506717168,3.292816827522092,119,High
4,24.245474562943627,22.26279426327838,76.4701336570201,86.27206174219802,10.417807250800692,67.26224655787067,2048,619.4469086701993,5.399607041222285,15.085282438520558,200,High
12,71.93058932857153,30.965435403235844,36.45249372015091,94.98791837395237,13.56166185430162,90.36227914967368,1024,239.1959340003831,6.2065507864927225,12.941265256523735,113,High
8,21.53692655294156,33.85629046079296,61.723288352753904,90.98690192441383,81.35488124382674,94.84613705113878,256,243.2,5.659129627422358,4.812939942207242,71,High
32,48.28208466429852,24.352810220014234,47.4003994993428,87.86223581798612,92.91901365293302,89.3959179707393,512,486.4,1.3155238089207149,9.699919995745796,208,High
4,32.248546636498915,72.53255652982762,20.598759304895665,99.20739673420498,19.947568511065672,92.424950936376,1024,804.5936539265208,5.527489252584804,6.646988572917416,195,High
4,77.35377244853643,86.96062366424938,39.725831124289925,81.8286730246231,1.113757647217306,55.0940413968818,256,124.97383621859399,4.280429549947737,10.906029982148674,200,High
16,33.58315040561871,49.86523250927527,75.238345514266,85.06322747281203,33.09529051507779,96.20323385165332,256,195.424077234193,3.549199123781354,15.906202648037052,77,High
16,89.35455757558566,89.96611813745605,65.08035075983011,98.96815238230113,3.0499389647881348,81.21503644376402,256,243.2,4.222966770068524,1.6861959571546772,71,High
4,90.26381902659516,37.06772596481012,20.78005418952049,40.41944712395045,82.79749160780379,93.46087660830997,1024,395.09672159668713,0.5524896370211688,15.28785456945437,214,High
12,27.679718370050725,46.03123388489916,24.69901687428777,78.0429025861819,49.151225722625156,84.22183820927077,512,486.4,0.9402465793116743,2.0858699821547537,83,Normal
24,65.24613505069519,32.058959442493475,67.6660023376701,84.33829191719738,64.18607787630198,60.09238342718552,1024,618.6668031290798,3.9180203139743774,7.911469537611669,126,High
24,17.894587754796788,69.64473563351989,83.2073872888782,95.0696232254317,41.14848761365422,80.47775508228382,256,243.2,1.6285251216301244,8.231638008901541,174,High
32,45.23833896414663,53.589567269624546,41.45270463623523,93.03065825106057,34.55075470124819,54.54731198615705,256,243.2,4.046016188867316,5.030866818997128,208,High
4,74.1989556551145,69.0626677473519,63.57796766591051,90.51764087402765,22.220041307608483,84.78615151090793,256,243.2,2.802388217186299,9.500489290895297,166,High
4,69.34809221649246,80.93399243153469,25.357922987689477,96.74747631650223,77.05325470381456,70.45005705402863,2048,545.8837616329496,6.398178134385892,13.509462195079404,241,High
4,66.22306024659471,63.656241282635875,38.02387032147915,72.24275127482245,69.55475844155293,57.586658655010446,1024,132.28869923566145,6.672942277478949,5.409432718169097,37,High
12,35.42867772961992,70.21042839214303,11.824318510574734,40.41520573508961,36.072898449608616,98.9614907934207,512,486.4,6.868596734945377,2.0560740647820643,220,High
16,44.02224544909618,94.82002515154663,79.14483530195703,40.66326392182057,32.11161342991829,95.05422121053405,1024,846.9934589498637,6.343096973238321,10.484255509618936,141,High
4,19.265153023025757,43.92514476870745,46.09088377956701,72.67834333707148,0.12428786486790022,94.67718567016269,256,243.2,6.908290532750164,12.276176937223777,139,High
4,74.7120538390241,48.733115090716254,83.45130162885584,66.11633433183647,6.355213004547244,89.44101531761265,256,169.0140053478221,5.089956317305852,15.317845146941051,213,High
8,55.349991711214614,77.41626893674695,73.75356964204536,67.07470320192691,62.32555248926348,84.59905625717587,2048,79.39086041826391,6.743524819356835,3.3928697026507444,99,High
12,73.78890691110891,68.90444136443094,84.58698391556293,64.02428423260221,51.46073102354617,82.75397401461225,256,243.2,4.671651025469377,14.52039798707208,166,High
32,32.40491723171855,34.282632363177186,35.70928026245945,95.06354854547413,43.480320448502255,55.30469188519277,1024,100.51381939588101,5.759892344757182,8.231852157836686,232,High
4,39.19944057715596,50.091784800839214,26.659785738506073,61.55022107018739,82.75022408016585,95.02831176592271,1024,683.7888961743939,1.3574149527041168,4.536373555360623,140,Moderate
8,40.079380353410315,57.4270410499772,97.47151143865035,91.373616505785,50.38982044028466,94.05641981523053,1024,681.3451370238049,4.9368973194166275,15.441227052944042,140,High
24,12.316816877249458,53.55118703747115,74.55950083367826,94.17188762749845,38.449358140731995,87.39263132624268,256,243.2,6.552171510679187,4.576439058044845,34,High
32,40.69430855475612,34.261984665763265,85.06380411340034,69.97010619993729,16.125634752498495,96.36574795375613,2048,877.7948968444634,4.010313569962957,12.001662786038978,101,High
4,82.29741161662302,93.95440734274098,11.182003633894036,66.8162822419053,82.06880082146192,77.6541725698996,1024,384.4978858018405,1.7143281379470101,12.77330167606194,93,High
4,90.75686461747647,80.98550093551808,41.90154582662979,85.66123625292681,57.62482501211878,72.38211673587776,512,486.4,3.9247756447125095,7.457785786358678,209,High
8,56.63964840723347,58.50846656862818,76.85350215195984,82.47829045839293,9.245996592275729,98.39737010831394,512,46.55611515766954,5.095116461386674,11.349772670904176,64,High
12,50.99515256972982,74.40488226454693,17.0184549690985,59.71210699577236,64.88983979970759,73.2065593898828,512,121.62941804219346,5.503625244133087,9.587156125438765,89,High
4,12.774215682943323,91.78261377084175,61.06059366120421,46.15288755547879,42.507074548841,82.06622205335788,1024,418.08350689325886,3.9040630645578953,3.880491286496765,118,Moderate
24,89.12839038268444,30.893931388925697,48.61654907095029,55.89114401094882,81.13862235879958,68.65310734292194,2048,598.0530885016877,1.9128921574212256,12.398318231703076,129,High
4,11.170919208328545,40.02984405655822,11.585485642699657,47.86171034873794,91.89145969959962,81.8163113009864,256,42.05188027297194,6.523477125761858,14.920242172546516,68,High
24,95.02750721891906,63.4160997805316,31.237801940750625,57.68393654660149,60.0465813176246,86.00494978128438,2048,571.7601267100214,5.528513206946822,8.3295708207871,142,High
32,54.02946238192816,83.92082970818869,35.63127901600428,55.70929393484794,73.16128193133665,81.23277626442751,256,243.2,2.259474604014426,15.914653811001372,163,High
32,40.7741044217254,22.90039163532219,20.06739517116902,78.26268543320282,5.659084760216571,75.72814706080989,256,243.2,5.776783963076434,7.41947970302291,117,High
16,93.1796591358394,98.72145201570885,66.83832187683944,97.26976170728678,56.025545500115726,65.00553988126164,256,243.2,2.7611072218673844,8.196048635071406,148,High
16,12.195189379908706,56.39252823059177,31.81580886267001,81.14462393982902,75.53399783554741,82.19228380681116,256,243.2,2.5308037403444748,11.10846270960452,178,High
24,62.32824053821784,48.73849124973784,34.98575496574495,95.59896448387417,49.67621494781037,95.42144476306814,1024,946.1655930037344,6.109998077756437,3.786552163365157,193,High
12,59.40392720494039,43.41795502718175,90.84147383801327,87.04793551650661,59.35500895043372,50.34562955848337,512,486.4,6.176028844311288,14.529190149208096,47,High
4,29.738836109024387,33.94853661206973,52.04107834238255,83.6726573242704,89.89481855810443,56.69645137148452,1024,443.89053348529796,3.0901291183233646,13.019091957092009,141,High
4,48.59986882151895,83.32591271440222,45.29153322723451,64.84371641280049,19.809957203119943,55.988657924992786,2048,482.1108188064592,0.5579982330301694,14.08625929587669,30,High
16,68.70376053493932,96.43313317968773,75.14839344832455,59.48767017180212,9.82465075519119,96.1602651446427,256,243.2,1.7126765390999472,10.143378692561312,46,High
24,75.44180771937347,53.09158038763186,91.86524171946209,90.77664234837516,69.0643613139501,83.13738444813075,1024,208.19722448400796,6.410426133459631,14.256219417692394,226,High
4,10.064517283592181,96.1936555802765,12.253270261369945,94.32359397574032,82.2848905522444,97.58940532350752,1024,97.76433208918141,6.341870690857876,11.199587309170827,150,High
4,94.31680870819137,85.90380923480274,50.34149618998568,67.11294961905593,85.04901885825635,79.14066366062141,1024,318.1241507861622,3.4467408626074096,8.673413496786393,143,High
12,24.807283515353117,58.48409019810546,64.97032204701526,40.54378589119867,64.16444970912202,73.08664485796268,256,243.2,2.4767585972932107,14.976862059770735,163,High
8,31.022239080012326,73.92209433009062,38.67067883133906,87.55186353438822,83.32134181708034,89.61714559071812,256,243.2,2.4678638986836154,7.59579653232252,87,High
16,33.71261011244634,54.798734333637036,79.51669499109175,57.1041304283375,70.06642057232902,58.04711337376123,256,139.4516083325605,6.331766217085498,8.50854783237811,202,High
16,13.403812289683177,64.69787265700418,97.43293632432464,40.59327190101524,8.737691590679075,69.06690581586606,1024,226.83237247763765,2.610766521340857,3.543155962401245,101,Moderate
8,21.07469112312924,24.643706961480305,94.90846296252549,88.29931353856733,76.20435078849881,73.31371202671119,1024,682.1831828856492,3.8252716883107123,15.214885147884408,152,High
4,98.77149306497458,75.70107802404266,33.938428544194764,71.04485132901388,17.935968955032966,64.92291972560591,2048,617.8085761265836,5.2515718288538356,4.315792126934586,246,High
12,38.36950636395575,24.225971558730937,30.37044505937374,81.11264478030814,23.660934259097278,68.56428062042392,512,486.4,1.8616267704612224,4.021238862875,240,Moderate
12,20.37709813051444,85.36679575357196,96.17414779190989,94.88138926866864,39.46506269986648,53.905259346220916,512,328.7385414535782,2.149954030308309,2.5179190634675614,153,High
16,19.6292135057161,85.9957543568446,51.27656386883193,72.47042980828633,31.45670663263369,59.8991794724779,256,243.2,2.827402305118324,7.800391767279533,77,High
12,74.75139709029747,38.96618300449717,28.746795077622256,70.19164435473795,32.1651738302912,66.77483601654642,512,457.25265375486396,4.752452030758035,5.104218248171243,207,High
32,86.91117976293768,45.89302248286402,73.62972672673763,57.43972728089581,16.925952420404577,89.79452166165672,256,243.2,5.813689232451131,12.111715007971643,85,High
8,33.12570695576229,58.50483028466346,35.597829151341244,58.31163006639716,29.387104710954436,59.124867742143195,256,243.2,4.053587461651497,5.612824303060801,166,High
4,11.881856110171148,67.73303255459851,34.052227756394714,87.79252396177876,1.9662589975881772,67.33201869921123,1024,972.8,1.364036788222554,11.811553925865915,249,High
32,30.078101660082023,42.98829293935974,89.13241387700063,66.94175473515622,47.2910946688326,53.24601440984676,512,486.4,3.400595899953187,3.939416241644345,219,High
8,15.08641217170816,67.398912370554,24.62312380392131,49.811572516487225,76.85909587698067,77.8552172413303,2048,945.3650606500332,1.329989693800761,4.449487651001248,150,Moderate
24,19.305544296703737,43.822965858343906,15.795365181961275,45.67172584002974,86.22473692248397,80.56254440704639,256,243.2,1.0739316028335195,13.092612406622578,60,Moderate
16,48.83573078628781,24.439257685684854,34.22677961545185,68.37520701170676,82.04285589594384,93.27582317310835,256,243.2,4.332509004034411,6.566403278871459,94,High
12,30.692653377546932,20.202203986552718,64.62508715543834,67.89730141706383,41.64577189951132,90.9557999250982,2048,321.94192740687595,6.7153787266865,2.676609634070392,134,High
24,56.4351290672881,28.092084633474286,21.07790680629435,79.20749669232376,73.04264811638562,64.26889773419403,512,486.4,5.944476916671386,15.421057076326122,90,High
12,32.814437793147135,83.38005601312146,52.44352050491144,68.26404866470844,28.789077409521248,56.84768445949299,2048,608.9857594486464,5.534063206526205,3.660882346654171,167,High
32,94.64835709926528,96.91450499066697,66.46033993827879,48.608542248052885,5.556247271761794,57.80415911052019,512,445.2208992205514,5.225863778124669,3.252956779929361,210,High
4,91.5349571133638,54.15729594249754,86.38632933338565,70.46817308791081,67.59715253912665,98.44819715202223,512,486.4,6.331331071382035,6.375730950274297,155,High
4,61.01254945094194,61.014716275995426,30.688263208202894,94.4073642331615,64.8796164736406,83.66129070036787,512,432.429157526415,5.393428046928054,2.4345065384698525,221,High
4,41.89815927886475,31.747853525874092,83.56116910445105,49.56648469721274,80.16293954628756,52.12853939016197,512,280.68941052769117,4.574702744455014,3.3342456392675324,221,High
12,44.3032193831262,64.08250821441257,31.141563501811472,81.38527845866494,61.610620670287986,56.83896275225473,512,17.90205956010441,2.8704205217791823,13.696668963024242,207,High
24,47.066705483004725,31.572392160558145,70.90898871156764,75.63155589793159,15.68916249739164,74.2900032550478,512,486.4,1.156135284088653,3.5726028356450295,243,Moderate
4,75.48213899214497,68.89714649590641,48.76062143342096,84.91514360270816,85.31623920501981,60.39144021465599,256,243.2,3.4967168649860674,2.6714022049380755,222,High
24,50.647509596695414,94.66069340646831,20.321311814080318,49.036016405655566,62.725278801870076,90.18294925000095,1024,619.4039888384757,6.511097534944888,14.199363053218933,106,High
12,87.10569518553076,35.65588314424317,74.28371165396638,96.49632021435968,80.7609699035004,78.66085587846824,256,243.2,4.290151724938491,7.656947621686525,171,High
32,94.9685307337328,81.16509744456816,29.5986356694116,77.25798566602953,77.41071203760409,80.63161038946492,256,243.2,1.6992771693183681,3.357444121186412,52,High
24,40.235153804104044,21.880193825465923,25.896108342213232,90.8242682614682,29.78644872250884,73.14127740246059,2048,932.5322724235668,4.718651505125485,9.722761457567794,156,High
32,60.46250332381121,50.03977930572968,42.24906357304449,54.79640582081414,7.455297485205237,62.80313877131577,1024,392.2070065267711,3.525504521523279,1.6225875981387823,185,Moderate
12,18.5550883149308,28.859880626440724,68.79612202835352,84.3647733638777,17.650440908958487,79.47018066012733,1024,559.3037196650813,6.553970575789282,7.410738319443318,122,High
12,28.042214298972308,48.19803532765596,31.0596830911565,86.86184226003513,9.286233431325075,85.84850230803659,1024,107.64174348304347,1.5461094154030168,9.854707395630152,87,Moderate
16,47.21191900391441,33.88295357111068,26.529538490369717,63.84611634322454,24.34124320801364,68.54740388150834,512,486.4,5.128076365293956,15.35680045391963,197,High
12,28.558244431160098,49.86439920983099,10.89582631420279,63.03720717300533,45.953227302599295,75.24718153089177,512,486.4,4.930416021244211,5.896971456771102,221,High
12,88.89044417098458,53.40182448860243,52.44787873915512,79.46777590154495,90.68106049812829,91.98419852360166,512,486.4,6.893020260389781,12.475766448046665,126,High
8,24.245763045318824,44.04728982247347,48.57810123836644,45.60446090561296,87.20187559206346,57.434088091123016,256,243.2,4.171928823019852,2.9904972085769397,159,Moderate
4,51.009473939778275,72.52975595785033,31.048096927363865,84.13744901305054,71.8599815095728,77.26122096370501,1024,501.60108340521407,6.16523123356866,7.503735250509999,200,High
16,64.5129316413888,93.50816410071278,14.828694760872168,42.57320559036466,2.411235954782598,67.42063309146141,1024,441.0132636579784,0.6606405939542995,4.347020948207032,245,Moderate
16,72.26775173447601,52.047629928421784,48.63302871362532,51.43541806724956,34.13892013205535,85.13973791086153,256,243.2,1.298797793456862,8.387017538145614,41,Moderate
16,44.476243275385606,35.387452518001716,80.93845999644681,79.84862543448203,68.23484264845197,50.94051215811973,512,486.4,2.7486007235024483,7.258477882988177,133,High
8,88.21891618522557,41.65782065567867,74.37539181944592,45.89942002551783,12.902889683906837,83.52366499015943,2048,62.91061880556116,4.525628081522046,15.6967757493987,121,High
32,61.148723597013294,88.32006587970952,87.47154008741532,98.3105254886074,80.10878500159086,55.14488670080937,1024,972.8,3.419015742288156,14.76246996880967,64,High
12,49.55570024027966,65.73117786161183,10.862441894184006,92.10377256771403,91.45736799875937,53.2383876496829,256,243.2,1.8175256077528277,9.733088494990561,103,High
4,16.051657064683297,56.400882584556584,96.97773851241386,77.5781399444042,35.41044466378255,86.23116504793065,512,486.4,4.329824309294324,3.6476466687267983,140,High
24,51.82205216006485,31.970937720714137,40.72710273647035,89.14344734016099,70.58430618638334,82.01710764520368,256,243.2,4.1835438857188585,9.35435487132829,137,High
32,83.86622567341573,55.97818466590255,99.13580164827682,93.25480291537407,14.820413266871334,94.74679654463293,2048,297.0434876952947,3.9089086103855157,12.881234174856585,150,High
12,65.3086916399184,42.279360268590935,32.73575145415972,55.56853897430911,69.0816449113027,75.98274779003225,2048,229.8320919928564,1.0886147287195378,1.5704066796596035,226,Moderate
8,84.89462083562066,95.45305022826794,52.43827488204203,90.96469527695916,2.1455412287043285,76.50122127635835,512,486.4,6.5256657029155,7.5104402298223505,220,High
12,54.46105035393751,90.7256087532585,41.85349089177733,51.68762701825611,15.077150681110096,85.35089177882753,256,243.2,4.349659474059337,1.639703722441819,198,High
12,20.661553458503366,26.71220334625584,42.01846434948724,64.80053584892892,70.98814466086701,66.16987881766255,512,257.16485940784753,2.2159463567912723,4.659369063218858,93,Moderate
8,11.227586125229296,61.33227914089943,85.80538888733942,73.49557787491597,71.18502228763062,51.84562277109663,256,76.770597695488,4.968218237564384,2.3817198940139304,47,High
16,37.2897592046732,38.00466764117377,77.17770457636048,82.83345778444195,64.11627058451771,61.50229128595289,256,243.2,2.5664019406477676,15.408674233376235,227,High
16,72.81914243480132,52.86216716194325,99.29362917070434,41.80847906335168,47.73640243842032,61.90067059481833,2048,309.9862922429656,3.788064174033768,3.532429791705328,168,High
4,81.12339135475244,90.14783986011652,65.21632144457612,57.43056476669134,67.4908091171945,66.78294251390969,256,229.11750450144018,2.717356511883389,3.2515582350437793,94,High
4,36.61775511582965,62.20116159108358,51.69309439550524,76.51114589262342,77.38007982887882,97.17313665202315,256,243.2,6.222561172495004,15.580824497064388,180,High
16,54.60885287949224,46.73722346966079,18.1066476652202,61.442120748947126,96.64816590367438,90.2421399331574,2048,682.4687094278041,6.960873799477047,8.739509354546101,33,High
32,47.900701399067344,36.63106832839976,99.6905277562471,86.5015033377696,88.8641031548605,96.7978122602596,1024,486.5985480125892,1.5476834246313416,12.36977547106821,36,High
24,46.94705059162851,84.02598875251914,59.63775876390546,79.09912966904298,79.45342025661246,99.93047950565003,1024,943.2293734426695,0.6532631786178796,5.9097197675430255,198,High
12,30.821384188013543,69.96144122914777,73.04297227211276,54.064087223424146,69.4757516714373,71.68895020435222,1024,682.8419823969161,1.9255962953832761,8.99291058902283,206,High
24,22.273399452651255,57.445236834098495,46.606814847218025,48.75573877553998,57.41555454323672,61.35366583401523,1024,894.4853650137102,4.334687890134488,1.1028056811658469,174,Moderate
12,27.70197024080918,37.39874830903824,59.294413736131226,77.74281961522303,12.060882335191625,78.00020806276245,256,198.6474129262219,1.630682407253965,7.13227707066124,104,Moderate
16,14.979914844701149,46.739709932570506,94.83199587035985,67.02803966228547,16.555684209839296,94.05672069740594,1024,303.6794509800798,5.774648759939996,9.326346796659308,84,High
4,27.831766764121934,96.78747413908148,24.977749413844247,50.137422466079116,82.02795606708995,73.28659305072891,1024,113.47493235679097,3.156358749163876,8.716152452486856,151,High
32,10.82808078628415,61.607195008466746,36.31353258972291,59.58245231910264,80.33129122072205,75.26996512861268,256,243.2,4.468462814641843,7.087295308251338,56,High
4,66.45325605723804,52.05594249946024,23.68537550002291,58.1828048991152,61.4458925973363,56.721955296391336,1024,972.0605459143165,3.4615159705485827,12.8186149561667,169,High
24,38.47378666489146,61.71376338786591,81.29943134242973,46.487918340362505,43.88401327161534,71.02277462838805,1024,963.2276836313777,6.371631490523198,8.52461239980562,204,High
4,97.58302402842178,82.31908047196869,15.58407343796466,72.81454115591367,2.6032649823605647,69.3497404904289,512,486.4,0.7283796909048056,10.541807854689093,191,High
16,27.43453456986681,47.208714920229504,17.34684848662045,85.81891803475324,32.71769425285439,67.58442514327248,1024,525.8377801551277,5.240462321767898,3.7693169745104025,165,High
32,41.12457132786345,34.29648967460871,36.864470150863184,74.52801333117922,42.063965756531786,94.36493349621,512,486.4,4.739118866715633,13.922501446166859,145,High
24,42.205704277737986,66.79488946712382,56.276936282891015,89.57748189624114,48.581628617342055,52.965071660616644,1024,557.9520817015828,4.721847701407439,6.442542728344471,52,High
32,10.76063464562145,73.21632827848538,46.564732050362785,47.654112832925875,92.93245985612091,98.60735914486735,256,13.473419624728935,3.1909310547483334,8.231554499896937,55,High
12,85.52871577355131,77.01744023668397,14.033467960372654,66.13671146933343,10.870939980014283,50.4123412636568,1024,506.53160320417936,0.601888985093334,6.282921697369696,191,Moderate
4,12.879501412989224,90.55900726129038,96.17424020838564,76.56490621948595,51.88669197797704,97.27970069749045,2048,602.934211550942,4.980064692791726,14.378607640107315,189,High
32,94.61618512563173,49.69392965512904,95.75825683222753,80.56009365651444,36.79222969582797,77.40237514192718,256,243.2,5.891562883253647,14.511102204433492,35,High
8,90.28669159842586,26.028391698311346,35.14206909166839,81.74717838540562,99.00981192160516,85.12226222000578,1024,211.26062859924494,1.0539970214177627,4.364265169153645,222,High
4,58.19697244773672,96.66788669047537,75.83730537417233,83.73792562587286,86.18640162829053,59.356642484756165,1024,281.0710038575948,3.370513777585796,12.290718336435004,150,High
12,58.92360174201629,54.80095419499801,62.07178702449014,79.085788731761,43.87858542389209,82.71057695083036,256,243.2,1.5568665506558523,2.5432531856229885,88,Moderate
32,68.84001306605407,69.8606007738505,31.372902550506165,45.65368533645206,99.96956093547604,94.09788342638663,2048,154.60347378619696,4.471095611792453,1.4477552996169742,207,High
24,44.83450107413983,73.30442585026339,33.59543965674539,81.71834065613778,51.40632464714964,56.97400699168258,256,243.2,5.606431696333738,13.548761702503178,225,High
12,68.250005505807,63.72109669609628,54.203785687940545,83.48695940646326,16.71177965914007,56.3540806136645,2048,428.4480727519934,4.833592672028141,2.967672182799175,246,High
8,14.029154981963819,36.420602378901606,47.73132473476241,99.60879606001762,55.587469182671455,65.19889545747364,256,243.2,2.5673904581582554,3.321740767914876,37,Moderate
32,14.864286461475391,80.41144400929132,36.21063954081378,81.60174620206756,22.62057658036466,58.08629462376991,256,243.2,1.4082625684104948,10.098823889410047,69,Moderate
16,51.15073776575899,84.30015794432653,82.6760436674634,81.20982374509293,63.6312840076252,55.53229240466735,512,486.4,5.662742949328004,13.251527748159601,203,High
4,59.46600709954314,64.23804688139518,53.33166258736464,70.88879741091831,93.74401748839256,83.91595179926459,512,384.61655557901884,2.605459580202499,3.8440138006156337,113,High
24,89.90358763022371,59.08489284678733,68.9363256150215,92.07537451510683,78.61985768350283,60.69133069562454,256,243.2,0.6439089063387698,2.7128835206844935,235,High
16,19.419457051710665,29.115054650238825,27.03461501510879,99.8100857176695,27.31636904190552,83.35074497009931,512,374.569115877481,4.21423789327013,2.1598351825127957,190,Moderate
32,84.03831344745004,26.716132919982705,58.015689626483805,86.74269221184593,29.685862496600713,93.09646135579081,1024,860.4102801139368,2.1034025165169594,1.372696173781798,87,Moderate
32,28.90426035628626,47.1651876450823,38.61784445019593,76.75002267146851,6.928820309031202,82.60123957065002,1024,509.1567114779327,5.96783898932815,2.7471872478710795,145,High
12,45.467528365902865,44.86769244139146,57.37722493553904,44.73728961589409,28.586783564627737,55.968353495770046,1024,215.92702648045716,1.4311588285400605,15.140378643530001,160,High
32,38.49421913446716,96.29251607706169,80.27432500698353,83.60434790377765,9.262479967781722,78.67887870237226,512,486.4,3.326205518885127,2.4292376887669276,108,High
24,46.01397455788591,82.68981939547439,79.20218890821356,82.51369411491703,49.94487193256428,69.68143421057755,512,292.47029100726166,2.1453463234715766,9.963384611126811,184,High
16,23.544594826532702,72.7939436207248,41.87986102308483,86.5340888685659,70.83470794982576,67.16854683612473,1024,155.6835808544332,4.982410524937029,14.814495833740446,240,High
24,55.321306696319944,61.41184712140841,72.48494053716752,47.47332330396936,75.11811614991585,65.9265734314916,256,95.66407768380171,4.06545091082324,10.417302111642579,94,High
8,82.14783308482305,33.38940245813211,94.71609553548492,79.22395000756862,5.952923224817908,96.47161119098227,1024,249.28036243946758,5.641420175115874,1.491186317850214,86,High
8,49.73806093410072,98.27653377474272,66.31023969324158,57.74343429710048,33.995589823820204,87.12537283388639,512,486.4,3.480981738953739,9.946207108239436,192,High
4,54.15522183083792,50.0032558592168,23.356911104437344,85.61627460417003,28.81717665474337,56.69243947901475,2048,839.6192301519852,0.5312548050385713,14.545979602608641,209,High
4,86.38908267531828,28.554048195779586,71.17377663511857,54.42243724188798,10.43003229873346,73.80027398662318,1024,863.1036375221023,1.8987771235067221,5.8383855262018995,208,High
8,73.54523031742278,59.503911657259685,19.44139477143802,81.03872060922464,36.247131093200565,65.91115376269597,1024,277.4467909728442,6.994521203262779,5.704418943562666,46,High
32,54.14089676678063,89.91984092904666,88.48993679137244,57.69957681903878,29.932010913923612,98.89691562729791,512,486.4,3.1347424305118166,4.7329538305121055,234,High
24,33.19260833702617,90.98328014218636,56.49944462217463,40.53965756904587,63.449922933927674,98.90144864765847,512,238.05051931578024,4.531528201260466,8.5831688041942,81,High
8,89.643407216047,20.87727328451578,44.66266626804216,78.00147471838572,88.33026637337129,65.97672371665175,512,486.4,6.3820554523819215,4.569142691640184,205,High
4,61.931836152150254,90.90365958011198,15.130593518472313,46.79614498953534,45.48417208732158,67.60565580727274,512,486.4,0.6334071839430748,11.856831570985445,87,Moderate
8,29.903284909962405,41.71873739998868,44.27053611328987,79.55748836729285,74.66651727668186,79.97071035682728,1024,50.48474577606056,4.787448076583069,10.672926211294183,105,High
32,34.22077773742093,23.117789117473848,91.28860011242105,95.53656690141625,14.601036711067428,73.96535071637501,512,486.4,2.374450330859839,7.0116042305438615,132,Moderate
8,82.28197800426213,87.82322162902994,11.888469665767285,98.15475605266542,89.49663786438646,60.65504360792207,2048,828.8169986838606,2.3151136597908044,11.83832586691407,55,High
24,13.973100587870992,89.10934047905667,52.71833420036244,54.15538523965675,15.259473821509228,83.02060834943057,256,243.2,1.9615341211139947,2.4774445965957312,56,Moderate
16,99.2882968325938,67.698486387388,93.80422819995601,88.55519365903929,19.210118059938928,66.70643219376193,512,486.4,5.847739905892539,12.242926050761493,53,High
32,21.73165117433126,65.95470058370867,45.5356899788519,61.21319661234642,10.646380358767649,82.68582491660838,512,486.4,2.924160260902214,10.043622723755536,110,Moderate
4,81.64616728572436,85.04962180971356,48.53581187159354,94.02742436487894,30.967950152053646,69.18407611638999,1024,972.8,0.9362574986927673,10.45124313529957,168,High
24,45.52977850945146,82.90476421682239,62.070404967920794,87.24937411776243,55.24104467155261,85.01049469281358,256,243.2,1.1295325262405602,1.969955503337267,115,Moderate
8,54.299456495872015,91.20843787541632,51.664360021946514,44.43530299874582,98.79941114063267,83.38997354448253,256,243.2,1.4659933574642134,10.272025175924167,165,High
8,89.25855197181201,64.21979580773628,25.17415221137972,64.42821963263664,79.33680346575439,75.44063779605004,256,243.2,6.343029317131014,8.411830357382389,205,High
16,47.16200706302919,97.41176741862469,11.669998516287436,60.23906956058045,38.0435802891982,85.23699953554154,512,343.5537859982374,3.278382272297726,8.287937534754157,61,High
4,58.374437830591106,99.69174647466707,64.88304921808314,87.11086124339661,57.584605790357045,73.04828381160075,1024,970.364788824104,6.454320707396885,5.827800996867467,58,High
4,14.436969616825294,29.32356879989061,92.8725928307031,64.61714263918955,62.33080309392077,55.80691498250614,1024,901.1383354974433,5.8136165729538085,1.1142082501040254,135,High
12,10.211272648070784,87.96350076432977,19.572771972444905,81.07530385918503,82.27272212473471,59.10531266686773,512,486.4,5.946237038176012,7.339561000692378,125,High
4,32.031988570155335,59.98578061988712,28.985744732747804,76.14611533542643,73.64517854198004,62.299656708280644,256,243.2,2.3644067723569124,7.013743363386078,150,High
16,71.25247836268906,51.00530706398657,43.32065372424761,98.53832314585803,56.929112697114036,53.16144641128483,256,243.2,2.2635436826119824,7.342081109779548,133,High
12,20.913840402322304,69.0457847906172,82.78680061190077,96.2670974080969,66.91830270396567,85.56906103153351,1024,251.1642610199937,4.140444468945882,10.179910098700649,162,High
12,20.238576292409448,24.477244580960562,34.23342848238798,65.66197088432313,74.59176109628997,68.36951134158092,2048,583.6870383595166,3.21651225293468,5.4985932139022875,206,Moderate
8,46.9864547232313,60.51688950136639,89.38489638508916,83.41469269846897,13.314405913340433,54.67616481634987,512,486.4,3.8088944739522534,5.040751738513521,170,High
8,68.3053334747404,89.67124560213334,14.946208718505977,89.7676056388733,20.045546130537993,90.997906036279,2048,773.875441294512,0.8458273120750466,8.466719192099204,157,High
4,74.08647930231375,37.0769212911175,94.68609591330414,93.9331452317287,68.85842889075168,84.18271422317875,2048,385.2916961204904,6.815336243206432,9.884765139778597,118,High
12,26.060560668853732,54.11119158155401,60.46723700863884,44.08805582658902,85.04255619876321,72.61121185638504,256,243.2,0.8780972509608003,9.509926399850515,71,Moderate
8,17.162933263483822,95.15847101719004,69.28999106389341,58.12472795640981,40.92622826997678,62.37126675463671,2048,408.96315812162044,1.6624034348022676,14.2246260119738,39,High
16,94.63573305509898,54.28510702445578,43.09205702827178,59.21380245811131,97.9890322471206,57.587294689642334,512,119.96411599805919,4.908303411429177,12.537160875172308,183,High
8,33.459974430589156,48.669410586591866,80.37948569599543,66.06675707319272,21.607173267337288,72.9187095877531,1024,116.05021729223405,1.5107600862357904,1.7828484456251439,55,Moderate
32,86.80118478478515,55.24293184987026,24.990962507596546,50.15588504292514,41.66992820434389,94.26228715052812,512,127.8657613076555,1.1946545301006286,9.452131227221484,242,High
32,87.71423054165365,61.55622132140451,14.402064275063832,69.77235279700048,37.85230434632532,59.419766163598496,512,42.19467717284015,1.498532478910994,7.267213142348152,180,High
8,79.527033258629,70.55930753051751,45.596524879680146,79.79285963790736,93.02959407264291,78.43296144957439,512,486.4,0.9024815809066591,6.415769401260363,201,High
12,25.195024598731308,84.05542407333849,86.83261425829356,69.84183521300307,28.53785175725395,98.08429976111279,512,486.4,2.1335718116792384,15.368438591866205,105,High
12,83.96213133287803,56.16817646114514,77.94341529739252,79.94758571185695,47.079077804221555,81.85582873823064,2048,135.4611178074327,2.2622752615962947,7.851936737920786,68,High
24,79.2325503317428,85.39847480721123,56.54403734400622,43.98649790907402,18.723383961532946,71.99823650779342,256,243.2,3.7410435690640913,11.79152342453256,200,High
32,63.70506910955954,62.69765290816645,61.492397244881815,92.55923990244462,52.12662385624438,85.81864864694542,1024,601.7626774753329,3.351696361831038,15.506304549352352,81,High
16,40.34818316520575,47.078440829438215,21.690354366887988,96.34415152606411,85.7404169463591,91.22889595093532,256,155.62311088289377,3.5791371984674933,3.2650020385361653,152,High
12,33.62577438398897,72.63606624955314,85.6613357755824,77.07444544711892,30.40394618905642,79.5258148943421,2048,410.0417739616506,4.504256777357867,1.819243932234293,87,High
4,20.970029087232305,77.41778037947931,80.82637146677773,92.88345991821382,81.07920721628282,93.59161794964963,256,243.2,2.0012493031220346,5.704303441705343,246,High
32,55.878136021078426,64.643918050359,69.08233544982485,47.88676099889275,91.1311582175626,75.72958796878689,256,26.588465296491385,1.3755768520973186,1.666663980209579,105,High
16,62.67347879588618,24.529197850777873,51.95719326960446,87.84693520457861,7.295788971456362,91.50145011031283,2048,155.4784050594043,6.212708811196033,2.7514691688022936,129,High
16,42.34050914642085,33.590630012865994,96.80133414515612,47.14889160835564,75.6424536319251,97.60096202028475,256,243.2,4.620618707198183,15.875647337812586,189,High
12,52.78231609127817,42.82381767121826,89.1128774688824,64.48061388985221,25.53434361504908,75.06217335117586,1024,736.209448177569,0.8943114105761976,15.402683571516494,47,High
16,42.716301163234,42.610048476119445,67.99874441631567,59.4291120734965,17.532766253662913,80.25008577926626,2048,469.4889764270632,6.746835724355332,11.369389884383446,71,High
12,67.69054515886312,73.87366401974964,43.462089794555915,75.13550951322725,60.1122392025036,80.47337714749175,1024,633.503397970709,5.0049452647446575,12.294804994064588,241,High
8,91.1133287016907,21.467892933890607,65.62200508133611,58.09087211437201,70.56026162286997,89.07174317991453,256,243.2,1.4860801735655755,3.107381164645383,31,Moderate
32,24.75282358422504,80.45454216396159,61.78968338775988,78.23881778002796,39.47609857352138,91.14829200887114,512,486.4,6.799373805896605,9.928533639315129,217,High
24,44.32679289128111,41.227397984554656,45.48177890514248,62.04323734911747,3.917370708219059,51.36146581030304,512,331.454421106595,2.875147731122615,3.31619116612244,62,Moderate
8,22.678174355577518,44.80174769728819,37.60065745192685,91.64742286182786,90.87045241967931,86.66797820451939,2048,496.3785083197718,6.899315519121006,6.675792341533036,203,High
32,66.24493933670487,62.23278623551394,46.63097130135902,78.03303041317669,73.07469168474951,89.19076223151188,512,486.4,1.1712915910563753,6.180175380847196,238,High
12,75.59834585397363,37.2740480751166,61.6520265430058,52.917897839286766,27.166680668301467,85.02147197291185,512,81.17794734945802,1.539799910730722,10.209406917826092,88,Moderate
32,93.87214593377102,90.75770508604221,48.5321360239985,60.16776532168522,49.68638557447399,85.68478296615481,512,486.4,4.773227080686487,2.195396631642398,129,High
12,35.098473363486846,26.829502346125224,33.72170393812455,90.84525325759935,2.7792789967078013,52.07014295921347,2048,438.4144074057492,0.6439325235794761,2.551931048825537,214,Moderate
8,95.51900852788872,55.55058898408519,78.48669859847278,63.18878499924751,33.928278180594184,72.10193309744531,1024,377.15370398534765,0.6214826679185319,10.14897886318052,219,High
4,15.693640463860731,87.95378155639119,57.832074636167164,72.1479439339387,52.25352355851183,90.90898248608704,512,486.4,5.647888409461853,10.541764854094396,220,High
4,64.27124770281293,69.26751155369885,16.090764690304,78.93651615713996,51.72236151162502,96.70035706475518,2048,127.10378226557364,1.590572156308832,6.098236378647412,102,Moderate
32,15.141944740899698,43.38636126741068,43.14848550635129,60.868578975155,20.818487800854115,61.47339602859674,1024,48.86818941323744,6.472134951819448,3.2030669168422845,188,High
4,90.43967689857503,53.660816622116855,89.64221114907942,57.638717845484095,77.67473661838908,78.95974701763976,2048,688.1523881772712,3.268325054113916,14.291198736874184,196,High
12,57.68281513630487,76.53555042740118,77.97128780799568,68.51529415648172,29.886215852664343,90.2165119775292,512,391.1529384240531,6.178740302945292,1.7942319676649856,114,High
16,70.24135156865165,97.86085946911194,39.09221055496064,52.892858325567346,58.041002317797265,87.62038214295929,512,486.4,3.2154632965624352,11.760632764070687,51,High
12,84.84165333194073,91.45109747035468,94.43648368400582,57.05263521514381,27.15222255379748,80.94450584900396,256,77.85916541148795,3.94649503231891,3.100670771925764,46,High
16,23.527956023557188,47.39462467059014,16.894261752238915,43.72470904192217,42.516787298677016,50.93455941310001,256,243.2,2.557342050896683,10.5606086264042,160,Moderate
8,13.473240574432046,99.8558303430286,96.511123350297,58.238216558260326,20.751462525023022,86.19429200557829,256,242.9719599256511,4.777496715413578,10.954837703933494,61,High
24,89.09930313215669,20.28037308248466,32.113458323620804,59.24224560181416,63.30077925320383,88.66212516394074,1024,742.2104676171313,2.5683075786299296,13.063894555530556,62,High
16,38.343990471303925,22.210380464673207,10.818476227217733,97.70998997747918,42.55843601413507,86.14247533128176,2048,234.89840932309772,1.9506056360253203,6.925376234056562,221,Moderate
4,21.608101713444874,85.9072412136955,49.04272328664941,75.38372952795281,1.6117304487764272,88.29045807449783,1024,463.3658814266113,1.026807527757555,1.3269470234917071,39,Normal
12,52.16151133783779,35.957014946644165,42.30733867183078,87.24294552494834,2.8164994016766087,71.54574463394302,256,243.2,0.8748507608810037,13.16574078953489,34,Moderate
8,63.84754681264169,24.86154147169927,58.51801046861144,42.722635166819344,47.113431847142216,99.68760729626955,256,243.2,2.488833295814878,7.6610202906780085,97,Moderate
4,12.787354308025911,38.971845858920176,81.70955745128609,46.39220161650232,18.322586690535438,88.53934579363295,512,486.4,5.28707674412016,13.706347293963708,195,High
8,34.7406092431379,54.08801231846881,85.81877219354024,88.87221765175553,58.504204814474235,78.93400026399928,1024,434.9361274176241,1.836530431233506,12.639774244914207,131,High
24,12.951988684920641,78.44530163467239,46.11069996505226,77.41297296505815,40.81917817720213,96.7095634873312,512,486.4,2.4449784259067275,8.474602318489971,198,High
12,47.83018502759491,69.94684212409643,48.68611693357152,51.45892183241217,65.44198355397228,95.40991697290092,512,486.4,6.383614220393805,15.990991134889393,241,High
32,90.55900261596199,39.00969740483363,23.33599572965263,64.2877243517043,95.23951740639515,90.72835326671324,2048,876.1833003083769,4.654523722773584,7.9311261555371395,102,High
12,98.43871703442123,60.26163584804675,14.279284799304715,72.32034999889737,52.87361347952536,78.18474594918831,256,243.2,6.478195531242847,11.44756930070439,218,High
24,67.33427981532648,94.0971284318855,67.70934912115223,90.6165897482465,78.73786035900996,76.35505095733568,512,486.4,6.422969221023622,11.047057298842734,172,High
12,24.54739244061326,85.20062215870061,15.799386299742306,43.62471950166965,75.30409963159372,66.43539659872604,512,486.4,0.9121694361569845,8.771000725503658,81,Moderate
32,91.52644509993752,45.85518278654347,76.04471074793103,75.80333736204174,92.17911043238652,62.54389895519742,256,155.32995658225013,6.707560612034371,9.780254335063553,37,High
16,56.46230408800544,98.5811649084557,58.51811305200228,83.02215529520103,21.40178672380062,75.61797584875433,256,243.2,0.8326567338981619,12.979131426670499,213,High
8,23.837438089262626,76.68963203481047,27.872468040347506,98.67351147462756,82.73269707849408,78.88908808559869,2048,816.4464498275855,6.516522965365164,9.574199016915971,127,High
32,92.95540025064952,24.995948453342542,58.557064916138465,88.42960469753106,90.55203785046868,62.22632157294228,2048,879.0927133996199,4.053767338268654,7.752224579265195,59,High
4,78.17221456507927,22.812857063091094,26.469794494188896,56.5736388139164,39.27629809475776,96.13006218267394,512,486.4,3.9657322887030446,10.931237119353641,103,High
24,75.85347454508364,33.4726359208024,49.48634867593708,82.57475163269591,31.381619459896815,77.86369983671592,512,486.4,5.136216407028823,1.5326355305758002,107,High
16,73.82626334149643,78.22846944401175,81.9604284618006,85.79667309561863,95.20359096782877,76.32526626910733,512,486.4,6.214873259951245,2.6379081250656657,153,High
4,28.030583898679808,34.699114067394234,51.57273640695737,83.78412999510371,62.7632822138868,71.78191941830701,1024,19.45724885079938,4.5105296117981695,2.881395700311765,191,High
4,28.990602253677345,60.91894153670668,23.38293864677934,89.2086440771122,38.06764852414683,52.903564785843024,2048,577.0557320155096,3.26509904957859,7.386514953220701,216,High
24,71.94636985845295,27.46080961446654,75.14458136406506,94.22379857281825,79.18277209316302,94.12006672299246,512,478.46639726320024,1.2272807294010277,14.076628597765888,213,High
16,29.775047509935717,93.67089262641561,26.809157464300796,45.905792139360415,30.44739016157151,65.84971132215149,256,243.2,5.6298604883167105,10.64941896650233,243,High
4,49.4804527122744,47.516849086685404,76.46948869330986,46.28583146086713,17.640758606986207,82.12301672341472,2048,902.6922056166998,1.3339077010602334,15.589277181955143,170,High
4,80.38016430345472,92.65056452485047,53.141706029424995,87.78399932623876,54.39696357977055,80.37167794850177,2048,799.6278901390518,5.221378097795079,1.5991145408132899,208,High
16,80.55572662880569,95.59005135284355,50.83675831848714,55.142348591288254,56.62120449106034,79.22434126922634,512,66.42424267506405,3.931512147583169,11.83010567287782,88,High
12,50.79355952732737,20.490291785094463,86.62915340717272,43.512485317004675,82.5746482267338,76.2856101005792,1024,408.0085538604999,3.007933510927445,5.713023360853732,91,Moderate
4,81.29709444477206,57.13081497589856,73.77431719066018,64.07375085883635,45.702735502043,59.07199167156641,512,486.4,4.48441151064689,1.3492815461654664,58,High
8,85.47596165782511,21.97248445655143,12.961971725944533,89.19261470956468,81.45865395053416,64.03028705239828,1024,39.36413612863824,5.52031455948453,13.388900349014703,122,High
16,68.92981761558343,92.69542130423247,36.655688314144214,47.59390142883882,31.132267934833845,76.209403563515,1024,243.45565383527313,6.617407519929037,3.4404031514403375,91,High
4,30.558326707757814,61.47260357876607,88.38285947649088,80.31051830826806,57.536820217779194,89.46712257984629,256,243.2,2.2205297384456992,4.211123646436004,164,High
24,34.66106023469928,25.995521015879746,11.649355169067878,40.21695170629406,20.84727789007158,71.59944853252094,512,138.48295962643,6.656346041376039,6.106987879757874,201,High
32,38.335703986786186,28.82213826212535,59.07281016357733,46.584246832747,38.54459509165964,60.196127652306544,1024,60.85976929525774,6.746162298920648,12.825356752913047,163,High
8,20.51236969605568,50.680721959419124,75.50431022565495,61.05102074610921,85.75396978328511,54.3972212402713,2048,584.7798987218225,5.788598344117921,10.368858687570144,91,High
32,34.58436583329506,95.21873542983116,65.96704769361182,45.016136861464844,21.598819343575503,83.15055017470121,512,486.4,6.229341637125269,4.972917037704834,97,High
32,28.85673018812789,75.43273212544648,78.44789818939928,90.75410004622677,81.02394628992677,71.16699853105823,1024,836.2784925095523,5.000778839161616,3.527340074880844,235,High
4,50.97958748277419,89.40950929513059,75.31226640232713,91.84423018872813,28.28716578474062,56.268544631132094,2048,975.024779673746,0.7541319295533504,2.643223555027975,227,High
8,91.75937930850384,49.31653170719837,72.28276256378021,85.33424218597145,3.448971967945369,83.7233439993492,256,243.2,4.238010540585049,3.247248594546407,46,High
8,19.403228507856227,23.457095963999866,83.9385874833087,54.548777883737046,10.993457005684625,60.37893654271866,256,243.2,5.356829659245018,14.022177296168332,206,High
12,74.82411315526561,97.94541097635313,68.11216016045844,71.39482451439879,74.58795453207881,75.45080241518386,512,486.4,6.621070375591178,14.840250597240287,181,High
32,71.8554703971815,21.373839252989562,46.21766448312839,51.051311531402284,26.207092650214825,65.30939875384303,512,432.36694566877867,4.207937005622679,15.51936711408357,234,High
8,18.61787787970219,95.81213224648712,52.47181989231288,56.876707004386645,65.41455922412722,96.58450322170002,512,356.5936701808019,5.662304408672992,13.520978267173271,169,High
12,93.031516441522,49.494193907931574,74.50523044133055,70.96031753042746,69.9198902757233,61.41440331355828,512,453.7139585897595,5.082751664039211,14.310854875350246,86,High
16,61.162498194113766,20.80723240175052,88.86754267001146,84.10082850764786,34.511846443468485,70.99592607710142,512,486.4,2.325218775559282,13.241552506951384,186,High
12,42.73529690221158,75.13257853796065,34.499692075579816,45.67926282361835,47.491898721114026,97.97467984140029,1024,918.5166143503994,1.5057324884838306,15.37083653569045,117,High
24,78.0884725145776,98.44322432250833,40.78691163739637,57.80180185768517,40.37670904558106,65.93625899691577,2048,364.10528886007876,5.3808846364063525,13.684764123165394,91,High
4,33.16289125614706,97.2500578270074,93.76654567261714,95.59728091431533,94.7348996354534,82.22965815055001,512,467.6249819669399,2.019494347666798,7.93004022426904,127,High
16,72.41588533416883,32.87496089619347,62.06606131685008,65.74739906691329,31.994886235158738,65.83635218531626,2048,899.3440500713392,2.0904951050959157,5.848814715369289,107,Moderate
16,13.57400868150225,34.4998244852924,26.10656354215009,96.33218043455886,18.332304222496077,55.53374895586245,1024,56.57322788338224,4.685650551554209,9.763178332773494,56,High
24,85.54672338483448,65.24311316957281,69.73256250211445,99.48403249312814,36.55928428755782,81.37736163421464,1024,786.0300071727129,5.628945016191935,10.12274991711484,162,High
12,50.335376231918666,70.98438611426596,99.16859399854417,71.59958956668495,66.95157076020122,95.80157676426703,1024,459.6755806519957,4.285158603598036,9.623718083696707,69,High
4,67.30236229221475,79.15343309326926,84.11082080233601,57.28264058709104,69.73626903614652,72.62823336170459,512,382.7531675391745,6.252390500213963,11.600895140814492,204,High
12,29.91140378260153,34.4840288377718,77.11670228962625,87.44660851435475,92.40573153600069,81.30882713462336,256,243.2,1.874381250129384,11.484648683503584,166,High
8,70.93663413926032,96.72056694115476,28.72419888396423,49.5586441315009,88.17544848758092,80.44492066283115,256,243.2,2.1406937920148073,2.3079142588731605,173,High
12,79.50162483039489,71.09914050313904,88.85258062156065,55.12281158032423,28.83205204172755,70.75448513139379,512,486.4,4.640210777023389,5.282836776211428,42,High
16,52.58918681959589,87.76375350964439,57.32099591819918,87.09279456995694,45.51632489675964,80.74483193823653,512,486.4,5.8908932000189305,14.347902811228845,211,High
4,65.59542316556148,63.20525722273374,90.03610198647601,66.0187554839218,74.7268988183434,62.96590422094861,512,486.4,4.0057867109085175,9.850525810554728,172,High
12,51.06933314401587,53.14214780719061,39.68450464823914,52.09227621926001,91.65372806020251,68.9018952301526,1024,834.4064479246862,0.5674802264665502,5.9278704728710405,182,Moderate
4,90.46822323320609,98.17463252759967,15.584594737188947,79.06754469713947,33.71650128568918,72.11594281811875,256,243.2,4.900130339845117,13.756879743746145,173,High
4,54.808226246288726,66.56970966558688,52.83783717937715,83.96571168290097,44.444143417699586,93.20043417812403,256,243.2,5.788285814616576,4.73563428468314,73,High
8,85.7627838125937,89.34988662393431,34.28538443360899,47.50427436703414,89.94782704536088,67.41664474166275,2048,591.4406763812822,2.2975335813238313,7.137997965643461,145,High
8,82.12168524432238,96.26339170930319,74.37063607986684,56.61881559849605,35.84838731584227,81.75685240579132,2048,670.1475182655375,0.8522884877347383,5.14382157508102,147,High
16,46.94543392135209,74.02837016069273,96.13958975704291,53.27660532233399,48.05129861917358,60.67019187094493,256,33.2643781715584,3.8666878576990635,14.070248856783996,124,High
24,30.707604267172755,63.91509428149399,72.18767360364075,62.79127772574713,90.45041412180788,62.628486452696336,256,243.2,0.7740089322811973,11.924330302006467,76,Moderate
4,46.54739193037939,20.28086807285205,89.82405367382832,85.80669373456386,80.22432179898482,82.42144377299888,1024,972.8,3.2041088354490883,7.903384669748042,190,High
24,84.35956381976982,23.201571259120477,50.77216122410857,82.82248613645945,24.34309250098028,88.11549636833018,2048,640.8838627993927,0.6158159890569204,14.984512487082439,113,High
16,30.486928223745313,36.068097284089305,79.44766634757715,79.75143462302223,32.47950654119334,73.10585882631408,512,340.90162859885834,1.9622836989015873,14.91167170814974,183,High
4,57.19927112719744,34.88067454847962,85.8739093004533,40.37713275211547,35.295872745933906,66.75498483888833,1024,257.52379900672054,3.027345937264914,11.672875392436682,69,High
4,82.54870731646727,40.38070361598763,73.97880648251882,48.52859880282337,91.27384734310597,95.51357779661362,2048,217.38678607974873,1.226088283344176,14.379904498740332,100,High
32,41.81297276155409,44.394771015812864,55.69995574626082,53.397852946124004,99.89337371045391,56.79039075245213,512,407.62499487555544,1.2420133759264411,11.790896821286118,202,High
24,67.79886733024276,48.80523948405826,66.32794986538312,56.317350762330975,77.40043021554399,86.03571188246735,512,201.33303370153348,5.875901312116568,10.423178013136265,135,High
12,32.10684166439331,53.643015205510125,73.04562961109923,48.785592498934,48.43263024935066,84.50853748735514,256,143.8343202329929,0.7692551339230969,7.311745268897613,124,Moderate
8,19.835150083134394,27.909307076481173,32.777596289928425,64.61893308843338,1.0173818067478968,84.5122581363897,256,243.2,4.978280616378697,5.102046431572162,238,High
12,81.49458025835708,23.388954556222565,82.86213348234863,44.510835100841554,69.74880565979575,96.77102222117622,512,486.4,5.794133320770785,1.9038603802564822,200,High
24,18.907176106783616,73.91555592584187,95.5292085070546,85.00133142326683,38.93611644977847,86.40951504903961,512,154.93519026526707,1.349695301881653,13.013049572602014,229,High
8,34.42432555716262,62.98678598744622,51.87153836619424,87.2632472377663,63.29864702286054,65.07825947047921,256,53.89984112423148,1.7699097743375722,2.8324462125146574,52,Moderate
12,86.9598479797696,55.53153617760957,73.09604647988897,74.45600137605388,60.66939634624288,67.67046121161546,256,44.28648988305465,4.669706460367691,7.155238609897099,76,High
32,41.18223583708004,70.75519529346819,76.33233152113186,45.38229262251807,48.08320565743873,69.55554865999471,256,243.2,2.551702982830923,4.519513213679913,73,Moderate
8,97.5740814562745,86.21435257628323,69.60227927693322,93.40499017280548,94.4387397726323,51.540433704905304,256,198.23096761113862,3.5967499630268516,7.819394486053613,111,High
4,98.17609012964738,54.21543272929637,59.240359749577195,97.93814972248687,2.3146345355341658,95.67551577041286,2048,543.8628066872508,5.934017603818258,5.724757382011291,199,High
12,34.144841840820106,71.28955720415834,89.34831591173295,52.141813619307364,71.21324844725882,53.67763019324019,256,243.2,1.396890613997884,13.44540769382383,41,High
8,13.68804000249014,96.2857779068127,50.4034038342005,82.27838916644319,40.9839868299546,84.98971410487358,1024,331.51894819562847,4.527741392380589,15.67267841859733,123,High
32,73.45569557848413,87.16995966892486,15.499266083794321,90.51631783854914,71.37904504916112,86.50805024216558,1024,835.2074058094512,6.6255851948252005,15.123321636503317,193,High
8,50.58878523835094,54.080064840192755,86.01007381409443,72.39061135256213,67.52196475396319,92.18575253152699,1024,509.8975230665612,0.8735330929666085,10.335548781608576,108,High
8,19.067755956361864,71.57734702517944,70.65831450848955,59.39938597160493,1.0238002575995386,77.66811277977612,256,100.61469216325818,0.8900439724009479,15.689148212540227,239,High
32,73.67705370802386,34.16567375327518,86.4332763849682,68.71352290482116,28.533849517467125,86.26322119282685,512,302.80671053295833,4.105825422014641,7.010839873688825,246,High
12,12.80574182007291,64.8417747916072,22.46926982002249,70.73612504706712,18.90915205037804,65.13614622329756,512,486.4,6.74049267461314,8.837311659231268,170,High
16,88.31770214430179,98.50626329107543,12.76776464587447,64.03822265128167,16.698635294249232,87.2792005456395,2048,977.2075475504342,1.9330786753841271,4.85274748163874,245,High
12,22.478727620197333,61.465209216201785,94.09370863442513,95.79054961802237,72.84766841211328,67.17078686309429,256,243.2,2.650147803155303,14.469737982244382,110,High
24,21.458069087205253,94.21106393521178,23.295547526551687,84.63298665655012,23.95513490931246,95.14192392133481,1024,175.56376750696475,1.1412118345611788,3.695636817039404,222,Moderate
32,25.81050681717261,52.58679364026086,82.86870988634067,54.47809853529784,47.473761498730084,58.16909038831914,512,486.4,2.854606997839524,10.15731209984439,149,High
12,96.423972264286,99.9075861747705,84.08889479625722,75.1334312391921,24.698899528567953,65.78786553369767,256,243.2,0.7881611201305196,12.991811780307524,130,High
8,72.38524242284615,66.33760281820463,73.78346804941026,81.32134905587004,58.023382343532994,74.93847257775653,1024,416.03631039632694,3.0291109853408305,9.930981202400995,142,High
32,82.1234381917273,23.381519538874763,21.813598998358387,48.409385302127816,72.0573768059968,88.79252785740489,1024,534.0636552190134,4.110670537123202,2.181628268045498,56,Moderate
4,45.78714871594777,66.94038373531104,70.06587621047268,61.50554454280893,33.10747386981765,87.4399552551516,1024,239.87342473301882,6.837531373447698,10.171703181237165,177,High
12,40.268145475446005,41.96581565436773,90.01779249941791,94.33289689623496,60.302084828712196,60.53584371622517,1024,123.7800481282503,5.819521867672675,12.506189831672378,47,High
32,31.103560610485296,22.598505762871575,48.29784803207949,74.03038601111209,82.4854774413739,57.21178483058982,1024,574.7568438916707,5.84342517003977,3.817422382794255,93,High
12,53.2583225481168,85.66826437557307,47.2165168940739,53.01986476361901,9.422428516449166,65.19848021470492,2048,933.2720168145512,1.9829381097192813,12.054292839327212,38,High
32,59.66458601807516,42.05837095846047,49.857247862147716,47.36708788714905,71.06705990412712,74.18770758379513,1024,146.37178385409493,1.0670255640974933,14.178665621105893,231,High
8,66.859735928748,83.72388432371989,17.40447016085858,71.09361360849266,32.314494443538024,76.95025224128753,2048,707.7665769891478,4.419985576677583,15.796877420829126,147,High
4,33.140665359882505,43.05740663646936,90.2823012126976,72.86114338174865,12.264995652494425,71.45687954776396,1024,443.51772050658116,3.8873982678624883,7.1508889567642075,152,High
4,95.37886728126915,35.54610830990194,88.22645775824593,60.064867081276745,54.56542076143488,83.15450583240035,1024,301.03682383151596,3.8572751977546034,1.3774357386164906,54,High
24,25.278264838642226,97.9148459283542,99.81183896112576,77.8249617051471,22.626231926773176,71.37794717986188,1024,854.5781262085015,1.2085519103046138,7.286185006330707,142,High
32,96.90878572897711,48.93162622040157,62.66648273485721,44.121081173163326,82.13617926691576,97.31645049693972,1024,461.92677759181015,3.710251812711618,10.903417602430936,158,High
12,11.337051025675342,68.11009691545283,77.60724728062472,48.70838159596843,4.289590953107614,63.0484423990768,2048,587.4788939273103,1.4773123138971944,14.3704755684963,88,Moderate
4,53.3013122635161,68.79851942515772,28.240471567657423,72.77642926067556,9.865289627089746,81.36860603350473,256,243.2,3.2437448591269487,15.071586884849198,193,High
4,40.00310543049065,64.83787857388015,70.07759364017525,43.70894163066724,52.09961259858169,80.56889693300658,512,90.43708585285735,0.9040571121913041,14.64363680548106,47,Moderate
16,50.421107253722575,93.17565948169717,68.47595638816516,92.85452589946604,58.89417840769568,64.0787360941142,2048,598.9556400311841,6.069801896155698,10.869396587786335,76,High
16,61.359812108271015,73.95528570934948,91.10878622574512,48.528782227391005,72.98866645227469,70.58438122570136,2048,424.65256528774,0.5856705609884658,11.237845638702561,108,High
4,49.203024221143814,52.29864032839441,84.77134505551668,80.43519244507219,25.926072825219382,68.27368097199854,2048,95.8890400069534,6.605600406394643,1.0357571074308867,190,High
32,47.33621652714355,88.99043076194192,94.46198163559868,63.47220650286552,84.17604082132918,58.624953001024465,256,243.2,6.108796847738103,6.4559686511346,51,High
24,75.9451073871976,34.485031929277156,88.19501254314467,63.987264852534906,95.31423397737832,73.8647606315772,512,19.772222718835234,5.391952471700469,14.602843541746358,117,High
4,71.72886475778182,63.5389406088334,88.18245054089668,85.89337171666863,49.90393035948636,69.33311265109208,256,216.43518437204636,6.88657878485721,11.344264963213586,94,High
8,84.99441538322631,96.0440297555005,15.735099401984645,69.96772805037483,76.05313649698012,58.91586800335797,512,486.4,0.8498299813292902,8.018811266120029,168,High
12,32.4963083115546,70.03181039043301,86.13657574263603,83.53932781863199,52.48483545437927,72.49400227088807,512,47.54815061014712,4.670381189340254,2.5637862232514443,136,High
24,64.85756587786572,85.3574760379901,64.67305550528063,70.31147372516615,6.946702941221061,71.09219841293697,512,486.4,6.020463588066154,4.694749989014289,183,High
8,62.667530685356844,72.28485804361543,44.24000065893651,75.5743204843158,32.61115128426211,56.568283882972985,256,243.2,1.323011127450001,9.323837767262415,119,High
24,43.27640297854199,87.14966908303123,15.086316194925608,85.64287767217985,8.748668962701501,56.559377095900544,512,179.4805335912767,4.301037361332427,14.46252270402607,227,High
8,53.745178771241285,95.55903038761949,70.99063972912421,76.43852457527652,98.88791192550134,82.37536899228488,1024,422.94074160747886,3.0604924065153667,2.4371852146846824,220,High
12,38.24039289751559,41.833738202618946,39.53815754838557,76.93690656332731,22.902591207337718,85.32904023585519,2048,579.7427203972883,3.332876236756107,3.3063316656322956,235,Moderate
12,22.765995785528666,33.57288650053751,52.09986384874313,87.35317548565567,63.590041941571876,97.05902099544524,512,455.9116803465058,6.431406555003971,10.825076145537032,245,High
16,29.242108959645954,58.719260026603195,71.3555593349621,96.94520894916239,28.434510194493733,54.35023452305499,2048,624.1739093199495,4.001234426785761,5.412245972455995,67,High
32,19.496228176108097,76.14899414593727,92.05970923217285,62.6029692361202,65.32462153559258,55.89307461891268,256,243.2,1.106203291501107,3.545556872674148,155,Moderate
8,71.47626176711117,38.17530025457729,84.28932240444986,74.62702943355708,21.040169087048245,52.59090642339555,256,157.01908773170123,6.591905129988788,3.676539476307789,78,High
16,69.46546537982363,20.328116034413366,50.553741619323986,45.176389464012736,78.52700659100745,76.6114215378465,1024,98.15391622621114,1.7038726086588207,8.389198391448613,134,Moderate
8,95.55457344218856,47.434809266936426,44.9004841701741,61.52823283413201,11.08116028366355,81.13733071476133,512,486.4,6.3021393070684155,9.756163840632388,174,High
16,75.67105722825171,97.50874683742308,31.58017649596427,64.72295355336315,89.51504000902803,70.17617259660788,2048,246.23771002668576,6.81098468705484,14.5652420010034,86,High
12,14.68412548805183,75.59739684846774,43.51840760583714,90.11423900944305,84.04216925407944,89.89511104805663,2048,848.9758096390563,6.205943510544521,8.947257834131282,43,High
24,89.58206565360588,52.10603551529792,19.994174856270845,70.80354412754062,67.88073436383856,84.33497180019,2048,745.596971383622,4.9013695557579835,11.369103722416499,112,High
16,87.64076466511531,35.406087787747225,97.3994957528279,83.86398239790748,6.7414627142847845,99.292021047343,256,58.95865249893806,5.333086828850087,3.7102892904745035,37,High
8,49.89882886954288,48.48717390037976,61.6525699563621,41.14044400154028,20.856902832892832,56.894749164983935,512,209.19900589309782,5.0491370844709085,11.70190430365524,213,High
8,62.72767454751294,33.587154664099835,21.50252585156916,67.86956017769893,85.9361595691076,52.91578321712507,1024,299.0727299939428,3.4934085210579076,10.730403834027085,52,High
32,97.8470499225267,28.50446570503611,41.75254083393152,94.07905990981506,12.197443430259513,63.74018527846939,1024,598.5374263377797,2.283728171843716,4.242730938198269,73,High
12,57.90739274633496,92.5393898058043,59.233522925859035,53.45883455834711,15.593209630802008,50.9525097658422,256,243.2,2.352517744681693,11.040661975831139,95,High
8,91.47896455384807,99.81202707003789,57.959707297678264,41.89133111842678,54.400332375552075,96.63057139332562,512,69.7299226068389,5.252591098359894,4.1723806648679655,32,High
4,17.47348820291678,33.12915516766323,13.195303184676913,66.00452402280858,27.417743967434372,65.19758293440877,1024,257.11286236101284,4.569236914083576,9.903666626799188,210,High
24,27.194668183781456,24.361804710262376,95.57569308062003,82.26590923885573,22.20756999439295,77.62150834857295,1024,382.4476647559237,4.301746220799454,11.032745569081015,170,High
16,49.66794490971861,46.37848857169699,34.78381133274502,67.26781041048817,57.58134318481806,65.9034816439371,256,191.54338304228463,4.741957446508584,11.40025816821075,98,High
32,62.628112750357424,56.932734460913224,11.456620203870207,67.59869881067596,37.257667645802904,62.29043109944117,2048,549.8391765312856,5.536110530300777,14.638998891063412,111,High
24,83.46050666765203,36.385699766068356,16.87996080552542,80.18830247429918,14.055989676966874,57.618236198744,1024,483.22245456472723,5.364215945195968,15.217560324958054,30,High
12,98.94359036288682,44.113992943884675,62.217541292317925,55.263328496982936,53.485376754546444,66.01829601645679,256,243.2,1.1850766376506119,13.152969286020426,50,High
32,44.99663468267048,36.06965885533262,22.400696860758718,85.11338749851865,38.70124032786227,80.77094652039872,1024,521.7180180511532,2.859727823093644,14.181221697741538,112,High
16,14.267407252607644,81.9408454745961,13.755231356815294,49.18681185434401,73.45167742737694,98.5810599843764,1024,362.26334870760274,2.215786389096557,1.289933246628293,85,Normal
16,82.10543529657923,77.00623545978087,44.16638197714402,63.74503631715926,10.27554423205892,77.90460201835748,256,243.2,3.9985513044569436,6.440021630955048,131,High
4,64.39426471745273,70.79612126087854,66.04850731061697,79.36048650825508,62.061324394597385,76.63545330495026,256,243.2,0.8992045354152622,1.5958332173641208,159,Moderate
12,27.86885729813815,50.97742856633638,20.065582435745114,89.70214043381186,43.64933269432477,51.76315090525734,512,486.4,5.456016308701296,4.3726803603837485,241,High
32,54.53456109592781,92.72327530513888,38.199504893618396,87.49186426990332,40.60618750524041,92.00495078338463,1024,449.6742405078036,1.192427669457705,6.725864841700099,60,Moderate
32,76.80792209803519,97.5626033228016,47.5984604462088,83.30113595846187,23.22876880083412,52.24206874987866,2048,204.36153628595153,2.2641131684190166,14.01363265177257,170,High
8,79.33706083617794,33.89114501003296,24.351408800809047,61.54578301218346,3.042602820271112,95.31161370517395,2048,22.836598289217196,5.587819783936809,8.67631129289175,43,High
4,54.96565707988858,37.84101131295024,55.546650862003915,47.33825897762343,84.76891943646456,76.93358626783589,512,159.4202452067902,0.8351398889716048,10.732915766616808,105,Moderate
4,37.469307711597324,62.050482240029574,17.66926782115938,53.010053061579434,32.641008603442586,58.42333026170177,512,52.40625548355384,4.791306945613945,6.442233920258881,214,High
32,97.63683238346442,27.300045542579625,14.18666467105618,91.89002887458909,68.10910397298471,72.58536960032293,256,243.2,6.509108766663512,10.043738601251102,42,High
32,69.70263498608435,54.91587190584902,56.78518304396213,91.43988220795957,94.75873997767074,99.74922403415991,2048,232.84588537323475,4.514645811720621,13.233047483904699,117,High
24,46.74137674116688,66.54330118221681,32.31072754757881,97.09365115234095,56.499029808213166,65.25414260220465,1024,426.25077919947734,5.132273668109171,5.518620729656543,124,High
24,35.24169017841872,61.76588569098665,18.583642710822478,44.5593191137325,39.71469025198663,63.47298842742893,256,243.2,5.649734671396555,14.983850469432083,171,High
24,75.7992684703206,46.47268664624208,48.152132873886906,72.20854511664737,26.82735663487037,55.9002947521253,1024,542.6346625797011,1.9446010942099847,4.199702438278166,143,Moderate
4,31.796510103439093,63.39566448617654,92.36266655656553,78.92098269425401,93.40437926474934,79.85711743954194,2048,726.6281605007149,4.276265467081661,14.789519598049313,123,High
8,25.453899007631936,96.70407634070783,75.17732019887394,82.6394426240114,68.20768180511429,54.46134995069815,256,243.2,2.5088686541962293,1.4244631802034349,184,High
16,57.68505000658632,36.481392343310084,83.40543238123249,78.63179410062581,66.52813932565596,88.30040319020387,1024,71.34838032973957,2.1217199649644845,9.141284166246475,129,High
24,36.09886533797277,72.38650867152029,88.47225898827728,86.20068339413692,42.615832514527696,95.9611757165279,512,27.335376600758885,1.7509666980561038,15.777593541490827,99,High
8,66.60146304312536,23.471735532484146,97.53649672567771,61.56829457736049,84.50487128674307,96.59355556077497,1024,221.09885461476375,4.30529899946762,10.146680901358236,155,High
12,20.614480738681014,25.313312358514793,78.69219161627557,50.765966328128926,71.36721870094871,55.39581264387189,1024,430.7178361086452,5.664457522599733,9.322924345542638,147,High
24,68.94469941105893,64.1462579378868,64.75671297455318,52.275002329026314,28.31832717810161,77.91312986764844,256,54.45597834099463,6.193278917224896,11.23705370132442,156,High
16,35.4966875197932,28.395134426235956,42.88832922720225,40.71872136820986,59.9578660025048,54.85549274510833,2048,334.45646679149013,3.285808649922086,5.33953371732952,217,Moderate
12,10.021864099106146,21.787743074148587,26.347891290194447,61.01931232637334,43.01939546012656,78.60080707421486,1024,888.1554508162009,2.9238435012866026,1.8087300861679543,99,Normal
12,21.424245190675876,33.72103981184178,71.7993886584965,45.504643052798635,0.6590162829713031,90.74902926047906,1024,99.11883163364767,4.967494863653841,4.765963737727608,172,Moderate
16,94.02538400515847,65.18793367996595,99.54549875097477,59.28932156741145,80.76234315017973,76.88950811516423,1024,949.0313446718778,5.572335072040279,3.6437075072535885,85,High
24,88.06191752038221,76.26727636151459,52.062281615702716,77.69260462997487,12.283034891970079,93.60269130533405,1024,858.1050577540285,2.1465756883705778,14.853538551793584,117,High
4,31.024812883261315,36.1982851313104,75.13114312835269,93.6686833352092,50.995450600261414,90.08371774246888,512,486.4,2.4323907473717385,13.783930429935317,219,High
16,80.05347140909421,73.46075497665396,54.55832049938405,90.37632705943099,33.62261930848156,63.82741749699642,2048,865.021925767528,3.967056574481177,5.7657082533784,42,High
16,64.77144338565768,34.598106487938345,48.87400810271289,55.16045271745462,34.20890412006775,81.50511414412208,2048,89.24976260045325,3.388506970959634,13.541039594396453,164,High
16,97.38142403048825,69.07659413050057,46.92750522039236,48.044988531882815,47.7364883413808,50.37060632380657,256,159.65641303890982,5.087620264888194,4.176290329722013,138,High
12,43.62450935806532,52.956774391663906,55.416221463852786,51.584336427803876,99.7023104019745,69.80209579624322,1024,143.02870229547136,3.7791524414203486,3.993688805193666,178,High
8,71.33145512654542,72.30396074668934,43.02060956788375,98.25919911421641,40.83796806314758,61.89800838921476,256,120.1293926438622,1.2253941871967875,12.51303143440503,131,High
4,15.718215018152673,99.60422019833979,77.3895989639627,72.96846878112945,18.23292298165724,96.8558172971743,512,334.43410733690695,1.5786957661226797,5.903959188509654,131,Moderate
24,45.66226121347653,95.02535721860495,88.6844823932365,50.95013338003449,61.360633804936896,70.269450586158,512,486.4,6.362407484834158,1.9718895913686438,171,High
24,96.74358950693625,20.34254062688829,89.45967759806658,90.4447692812089,23.628770803952126,82.70322142112403,1024,259.44252219491693,1.978089371394538,11.799798714017228,32,High
8,58.50827870051085,90.83510114898446,30.492884208324334,63.711474658753296,10.55491367129504,86.59908046368037,256,243.2,0.8255595942163514,15.844020701384977,92,High
16,35.90915530013601,25.31926361398132,90.63182248583418,93.95332911848364,5.017417206592912,88.66062693407537,256,243.2,5.254454628866965,9.489665722403725,200,High
4,20.824386681574616,96.24372689278759,40.73961086695945,55.64062761006919,2.2881274019683873,86.78875960087643,2048,105.95585111534996,4.946072434990165,4.955013629811593,138,High
24,73.31755061633774,42.54605432797477,37.83768989367679,63.59330552825417,43.11646483110637,64.45825304938674,256,243.2,4.4004941212563295,6.5935854052018925,41,High
32,68.03704390867541,50.562786432901675,75.40804516584123,70.29686576740508,42.672577987339366,84.3033848364611,512,302.4720437757788,3.7646650040209435,10.729743378982237,84,High
24,43.65448422433972,27.331056414058228,37.42267060776605,93.5569200453419,18.554540007795296,77.45047411311417,512,486.4,6.802272301304327,11.520694182593727,242,High
16,95.58472166792508,28.981820666312768,14.76697650487391,92.12544589630335,78.40190537712093,79.86863323987595,1024,519.3562648492053,1.2789099234699468,14.294983343440789,216,High
32,11.998253168906528,78.13924521834556,43.625599507927724,74.46130421823267,12.927062791987876,50.040730865437745,256,243.2,3.8160580867579754,14.63253058478746,147,High
8,37.335146646864324,95.54657885986333,74.93190403225141,53.30653058685344,91.53171926393024,62.91288004764283,256,137.7439948241729,4.1662921325552835,13.919177683749941,177,High
4,92.89625376696233,68.85987959634477,39.42625782431588,64.20141830427251,58.757597764327244,96.53418483578278,512,486.4,0.6462039694754557,10.727363893373113,153,High
8,38.88418944874964,77.26800124214489,66.66031503956319,98.53798392193033,2.761637610492962,64.50380416528628,1024,329.2276325838536,3.1779507612282005,7.747785547289259,120,High
8,32.702755046965336,80.95757956777229,69.41074998368174,76.46639343264413,96.29726257427166,71.90077611248213,2048,709.7704494647298,5.588213815026167,11.189582265663812,98,High
4,58.07983689381226,41.02514196423534,76.03624105537206,86.8658653074518,30.79412595458536,59.33369910978705,2048,955.0799181163881,3.562141909079061,10.998481860392083,202,High
4,84.14215749284841,23.618370473617194,90.74174196798428,66.99188172168519,44.99749595778534,56.93012759518449,1024,513.5623729998425,6.18930992364096,4.269743819583824,84,High
24,19.283208479052497,20.149819513533487,48.93080493415883,71.92043652800838,28.426869299455216,60.433448431935254,1024,512.4599061465169,4.6911930572814855,8.613304441031673,216,High
24,94.87186386811625,48.05194263632149,24.978886899621138,65.73724673395265,72.84212980337776,77.68236644334866,2048,126.0769293228674,5.479554866324182,4.1232214590611065,104,High
4,81.55655930630476,39.31713825593729,38.70331438887005,82.17525988371807,48.56802207195386,95.95143256950541,512,396.37280085889785,5.72912087875034,14.486856714780293,89,High
32,26.312522999639675,24.985418003934853,48.895052965658735,91.08826083321264,13.23729594025026,66.3099589948095,256,243.2,4.981751556360866,5.848718629009835,218,High
12,74.08071650783464,34.362263399493344,74.25023223953018,70.44181259347381,10.420395235945378,66.17039761039855,2048,143.75544202795885,5.370974290171282,13.08138983588673,71,High
24,44.646285037380146,29.959911861435824,11.180991300547015,68.85204751817355,72.53754133245748,78.20702934434341,1024,918.3290892550508,5.01951850883811,6.65840597287044,201,High
12,46.206521026868685,93.19027044938963,38.42068450958911,60.41718802590381,23.70814049312715,67.83713588465676,1024,670.6363202427901,4.078014364948551,12.456042123411446,163,High
32,80.49610831949798,31.221377076733514,80.1858322917385,50.62580165764503,13.779337463847252,95.5208023991994,256,243.2,4.182464276370315,4.3136868228219285,98,High
4,96.6506327182659,63.011877119014336,70.37719329976258,96.35486337250653,49.942759699784276,68.89240213211309,1024,551.0334343404007,1.7342510871392085,12.456148262973358,51,High
32,21.39902855624745,67.44847640897316,75.85659762270447,58.9647831207703,80.2765287536304,74.52211262597335,512,158.9916416593339,5.878355016963869,3.6929805174195307,94,High
24,47.856721319093744,63.4791566166907,83.06296924952753,88.04148781445713,27.878274587313044,76.66946419852054,1024,225.30846020635366,2.5288925395173423,8.362263103972483,113,High
8,53.28474472758732,27.92451473727904,80.49121469901661,82.92082127724845,27.643161170080777,89.10338975652357,256,243.2,3.9822897360246525,2.704401171840969,117,High
4,43.868063525949786,45.5038689400441,71.39648495375002,87.45505601668773,83.3881260260377,78.19529697074418,2048,390.99765699267033,2.122046126626354,8.918471212150767,177,High
16,42.68702113446025,24.10162659705226,49.56953791335315,96.20608800232614,14.783379456878265,61.9577550073662,512,486.4,5.0231223641904785,13.310715251371757,76,High
12,14.704180080543688,51.65359312770528,98.52384959903385,77.40224561325383,61.67275917865472,56.19936033131837,1024,373.89333471550543,6.838598189195581,12.33320428782325,205,High
32,71.6984758506361,35.08791450172736,61.21658760310664,93.87702060292267,95.50134829825855,96.88872733444819,256,243.2,5.712611525208148,1.7607282301186702,53,High
4,49.259297540804084,64.93060266275037,28.24922884319552,50.061839374737616,84.13031495773076,90.07814973195536,2048,170.40589980366377,4.5241206322691845,8.382663570104011,101,High
32,27.53144223795341,75.42467150792804,36.35315695943059,77.60275455740725,6.181523377972919,51.14826051444579,2048,738.6134690415499,4.188792469323656,13.783379656123985,127,High
4,83.44301520718615,62.569588816376516,72.4206210373423,86.33653677487676,31.99108765616254,91.07644921617738,256,243.2,3.6835131727940387,10.751552354764168,243,High
24,82.23046733364652,54.738935728911656,93.22656086795172,56.298467844650446,14.237446559261635,79.52988969523844,2048,445.50838340353823,1.8323143064634015,1.8880197852910827,68,Moderate
24,53.775246528000444,50.986673668535396,26.084811628530776,84.4452280775179,94.92406376871398,75.94471175174716,2048,947.7146009026116,2.762065336987596,5.8844803516622015,84,High
24,36.86055950329845,87.3353414477603,17.41118461712077,86.70860974697422,98.59415662220812,50.611458951177944,2048,891.7443357004183,3.141561482113454,9.348803330959626,145,High
32,67.42834532168072,37.5494452052216,89.33779432378054,89.87127736098668,23.499302054003792,89.04320281922077,2048,662.9161596210523,6.639698986466567,3.589772128215466,212,High
16,35.933692219966275,78.73746716230951,92.3750181021551,58.77297475575597,66.96990448287525,59.9032507120625,256,243.2,3.2662885512340805,11.228711008026455,227,High
24,31.240713729134082,80.59858597920952,34.87414107843095,80.89639541009855,84.16317320471184,86.39906065970395,256,243.2,4.310237306173519,10.522696140476265,220,High
4,75.74631886236939,53.536000581658755,43.955715193411585,58.255197004585725,23.368028441447652,50.793412368290866,1024,828.6677801981142,6.495759513976433,4.036664202430943,106,High
24,13.629271574885564,43.784047938051145,69.41691977480725,84.34242324990731,18.768063432097748,89.81768248330931,1024,415.3655625433344,3.86977165077373,9.255969471923544,137,High
8,18.529162393113456,57.64331888367802,39.69370187582273,67.77841990874273,1.1211023247280294,51.151973417752025,512,95.87674943446817,2.1344235691162234,13.175778338451812,176,High
24,10.61093566212308,27.45711407141588,88.94428374430477,75.8526624716332,41.19624569415259,61.794645203625954,2048,994.2071036338185,2.976539692887504,6.622400496657721,87,Moderate
32,23.764886782788352,23.674402578327197,19.682083244247643,64.95039888583413,89.94374623947165,63.41391062563567,2048,173.97520561830677,2.941004802943089,4.704798625005629,183,Moderate
16,16.209100783941352,28.928255956151343,13.41839988641757,49.71897561578946,90.29796490563488,57.87543190534632,512,258.99493886639937,5.145664170564005,11.518308601795722,238,High
8,99.62221310019267,34.971602516978095,28.763758606851056,50.681771776321824,12.774312750901629,74.05290980976845,256,171.4723555305911,2.4247847479901683,2.0620647101710046,130,Moderate
32,35.99289729586806,60.33414562704344,35.74790003844721,44.65413443572807,20.435248052839494,64.18439798083544,256,243.2,5.246875755442563,13.49010710630802,120,High
32,23.434121140232257,87.93093089288976,20.163393215998756,77.0843607832997,40.80473309345336,99.66439878636282,512,296.38733238907537,6.280077627263717,15.151884508961682,117,High
32,31.689663219632614,38.851386559974955,15.912138640658206,90.91830387718355,78.0624545163702,78.99843966827194,1024,605.0912260637425,2.684474576139127,15.471805077550185,204,High
4,94.25130143861212,94.81296085974225,78.00469421516183,41.25020957572486,61.185148353172856,78.32389125271203,1024,972.8,1.3797171515974989,7.488081314735175,171,High
32,56.81442007219561,96.39263271480027,24.784890931203165,43.974370125301206,51.384974352021636,61.04348150532276,2048,61.983964930712816,4.650603281296178,10.348042614513245,160,High
4,42.83362866770712,96.71236838761642,92.25299791596736,67.44801953817462,59.19318842226031,70.43447193574556,1024,780.6586821603888,2.8455540389059624,13.860468362057805,226,High
32,88.60523121182975,87.0050187741059,43.119969530328646,84.26324417009135,9.619969380229666,56.198899718,256,136.7120051624217,3.9709100864397566,4.351359850644015,156,High
12,45.54912434941292,49.10600326381765,70.35452287492109,49.46245868271708,47.7663642254907,88.1264626125193,512,29.636674385893492,4.62207660695747,1.4155400313700863,171,High
8,40.150771296192616,25.814712880209846,30.28619032919202,56.299079172951636,99.20632895391283,66.55796230767385,512,486.4,3.150329136395925,6.768493487278653,37,Moderate
12,28.6554270294762,65.50549854131958,31.629049164268014,53.92037207690843,8.844614693908781,87.59829166966051,512,486.4,6.510513936635485,14.265565885265005,246,High
32,44.00171415184703,64.69451551497869,61.72382825808178,63.94307312026925,51.92466776348864,68.58479999647378,1024,184.53552158191135,3.097495252108069,8.576078673182327,44,High
8,38.50159204152334,87.99806136876765,60.45786326313875,53.49992062105427,29.56492616573746,99.43786200574228,512,348.1976467955279,2.497933127060188,8.95328422768429,202,High
8,70.95735633683269,99.67928407568841,79.18563052108732,61.15592071268518,53.9913296861959,58.55608111273109,512,177.0627021808464,6.256888937142769,11.372110678538322,202,High
16,36.06244342036544,60.65258452481181,78.20319751248394,83.71255591971665,57.381876003374664,50.07619469416657,1024,907.442493609888,1.385961202267763,9.617758905613822,32,High
12,61.94797717803053,47.61632248318274,70.3618988197295,76.66055490725134,57.74728981194759,79.74127706891929,256,243.2,1.3073580371063356,1.8171495855702822,138,Moderate
16,15.930294852877545,34.87213692450136,50.42175093041419,44.870902323501575,85.22087853108866,97.64766000439191,2048,450.26576249204146,6.5820383494365675,9.412901877204899,168,High
8,27.216024102686294,20.383985985389657,90.15763476525554,78.26473997474307,38.974741467366094,82.35270274529897,256,243.2,1.8582946917114185,10.719382763313332,38,Moderate
4,46.666474445021386,60.729095399110335,66.0320641199169,68.62463029355281,51.63541626664959,54.28617613740905,1024,557.3405117250451,1.4648431235601636,10.623936667334481,33,High
8,94.3254328517826,64.44149333620766,99.11786414161215,96.07393448242833,1.0928398967748554,77.02401912331126,512,486.4,3.9785939761270654,11.92516238617046,142,High
16,43.952678714412585,85.99507838539179,83.74328361409228,57.358259026243196,78.95506015797667,95.47434680688636,2048,927.1859105005686,0.804125030366934,8.798804156457189,236,High
12,69.76667090798507,60.36615743142405,13.98788301144936,83.56998518194959,25.948770737585292,50.325303394000635,256,243.2,4.530097504729141,14.500881966282433,248,High
32,32.957850017925836,93.31746789328452,38.8534516372286,83.8516493826742,81.65550240405165,58.34561064188994,2048,586.5587866060368,3.4440501892039204,7.963909201368136,207,High
32,21.433021837590857,70.24667812571484,61.46881448238565,53.29004686055124,26.56386663803172,90.72807780513082,256,238.01113097580753,4.662677768695768,8.772797095182728,109,High
12,15.268294007204512,87.22689905768665,74.93225840843384,94.19341749825617,1.078849626249223,94.69535532887414,256,243.2,2.3455898729628784,12.704586344243936,163,High
32,37.48721486884762,31.86413878461977,59.53028479857473,69.47099202577618,15.483131819344676,85.35803104341355,1024,285.53349380767696,6.385569393268121,13.498524635731162,201,High
32,24.189492411721716,88.42689042418517,80.75173802159637,80.73300201335815,98.5682902572168,99.57800818199104,256,243.2,2.258774632714747,10.725422004970943,34,High
16,25.66094032145118,74.01150835550787,35.439008748161015,48.751333533010275,31.980124594798852,54.51079647932846,512,319.8393695536737,4.644170456028594,2.8955981899498204,214,High
12,78.4683377548255,33.61864259506645,26.552084610954257,55.468235019518154,10.882390201274717,77.28382579182801,1024,319.9118394688872,6.64309702907956,5.979281412444584,245,High
24,11.42542638503868,35.18108465168087,14.85250154107931,75.16642707623336,11.875880362575053,84.24973613237931,2048,112.82429743393664,3.1052603742183367,1.302333285400576,78,Normal
4,60.2029113161891,94.1200495235377,61.598237011436986,59.141636102400966,31.03427140572238,85.13223601845439,1024,564.296852688614,1.5492724339034925,5.4317471223473754,112,Moderate
4,44.15152425341183,22.577228836029832,71.97395686079457,69.9815751142584,3.7645041116763034,89.67423076720914,256,243.2,0.9444860934269195,9.553664368921126,233,Moderate
32,55.58949999176925,57.00279546365649,39.35347454074254,62.44031196239736,51.14885881219537,95.88130225496916,2048,156.9108101800426,6.759616979249441,13.078461090203083,98,High
4,60.65472134931426,45.078023194728125,65.2225766370289,78.43322779864289,21.374091548932018,68.08207228085573,512,234.40002757156617,5.464059658960603,9.784746604034916,185,High
12,38.20309250115504,73.20619519987424,14.694150776799631,69.22872176684854,51.93106413968722,52.148169640381795,1024,258.5822254933896,6.4731883904600975,1.5984198358305433,149,High
12,36.559797416585674,87.17035100551936,18.93640116671233,40.27659615839009,14.076421869922019,68.12209572404791,256,243.2,5.042414845538775,4.886596898099434,196,High
8,76.00616644014151,48.830249724525565,73.15792950326485,78.98085027672303,42.985722901749234,83.58073816936175,2048,392.06380619000663,2.7259152772308197,9.670925221784577,191,High
8,88.41492893090414,54.15216698582697,43.126273469556885,65.3272934230109,59.79168584012445,60.67280436668217,512,84.7353782117405,1.2996078088919711,11.635715824040854,219,High
4,27.332346921267508,98.55342276011314,70.42006279927051,60.50190042941337,6.199993833810802,90.49864757793551,512,486.4,6.5404945852875045,13.996807750291419,41,High
24,18.785688448163405,82.71332077433622,84.85490082519263,45.64880513699342,39.87493092510586,60.98822288614154,1024,789.8699770728771,3.6825237868511174,15.514678242132831,244,High
8,90.80162257528234,91.77633047454331,86.73601937285052,53.22218143398949,30.252382098968777,50.503170119008665,2048,578.4928092850554,3.077308475804548,14.37679931938748,226,High
8,41.49059172826588,55.10097765213038,25.495088091800586,53.426337494851204,24.0359816488634,75.40403871117897,256,243.2,4.2556483980543005,8.00991980331726,83,High
12,59.61856515965327,38.72609631872922,53.76570151162119,96.12216996428374,60.45346260844965,86.323078570181,2048,108.15870606302668,1.192635589301949,12.20394266642135,133,High
24,42.35888300680031,52.94907723091613,76.05340512692378,65.9507784847928,58.854198576540725,67.4827670268417,512,486.4,2.5098248259341456,4.6079169966142715,109,Moderate
32,21.32221027114462,77.28735342652108,79.65825366402194,42.5239508329102,63.06998066776936,87.44478997683933,2048,510.63574319835976,4.646194696138085,1.957461917610516,102,High
4,63.03984804529552,28.754432386878346,80.62083826559898,48.32900093459925,15.888267043252135,71.92021670605041,1024,526.3792257697759,1.150799151321509,1.8260352109896363,194,Moderate
8,57.26267665926667,41.637528449320705,30.5350600942526,44.74196054397473,28.570924486232773,58.58573086533677,2048,523.9089353030529,1.3790779332717453,4.619585270188123,190,Moderate
24,28.26942032720775,23.73087203692723,27.3281335951396,75.33216341243268,20.96787779950787,54.527919689947744,2048,332.06563962856205,3.818821116591861,1.5631162771923877,206,Moderate
24,50.66821401870501,54.587819067050525,63.10112214463263,51.1972894940096,54.05036049978419,85.52935824536738,1024,331.3094640978499,4.552471309907092,13.754086209024937,30,High
4,81.72527536140812,86.19565887836906,76.69772179643978,69.91345841690656,46.106568920961635,69.2857393801439,2048,635.5260615760511,1.7155110876596398,8.3488113619177,204,High
24,63.13834927971022,21.973095063840866,38.722556398077394,62.20372377219853,33.029373759275,95.63868839618851,1024,54.317434529285244,0.7150501239606968,13.163500610376683,194,Moderate
24,18.722559436029535,74.02588214457327,19.42346411761794,88.23258262865195,78.6014808868433,77.0127529286975,1024,592.8981848487854,6.7293848029839145,15.098474152871031,166,High
24,59.321934750622155,94.59966996109917,74.50717446190697,59.229378235921736,9.39737444083828,67.42162091103513,1024,727.3448110288064,0.6787022762366195,15.908618298257709,47,High
8,73.24644693606282,38.95422892089458,36.97280482420041,67.4959289438085,97.48966887556422,67.44954634948616,512,362.7630305406638,0.5133382698841678,15.057460142179682,131,High
4,81.34330652026762,75.49078725821185,24.972645188054965,83.27713291586954,11.654407781531873,56.571893222632454,2048,225.18337006503697,2.6017136973832984,11.748351957564724,114,High
24,66.62058207708401,98.00815208801603,23.295117555741847,66.00107241583837,77.30708125683694,79.68945767945783,1024,221.2530435956754,1.9459455970411934,7.62969477761446,201,High
24,23.73923480867054,96.98224481219705,38.34185927740447,87.59293216079135,36.823018916083186,79.10835677051611,256,91.02125681112034,4.228311353638371,9.969772585917873,235,High
8,73.91559399311447,38.79433544233146,63.341025932237095,79.7010613741999,86.52622291318056,89.99968459682466,256,98.82212601434422,6.312357699467022,13.247445518643495,144,High
4,70.96076614733647,28.026484256965496,42.256201482443494,64.63174683680296,7.416994878416205,60.0598481233538,512,175.02098951264676,3.627199870855545,14.463317576640016,227,High
12,12.19841946465699,31.862603031673274,11.859566643408844,70.23891554118177,37.47217101923378,64.53948212379137,1024,28.981176002556236,5.526457857310309,15.347027029058216,92,High
8,47.057290083121885,76.16285347857138,18.721759121002997,98.0322073505316,33.54434065002363,54.86189845477909,1024,273.57305344894246,6.409975750113174,11.959085485854846,32,High
4,39.9655222266136,78.06071003626204,36.145292247875716,79.69668979050354,99.31570382255353,64.76711011344534,512,313.3378109554805,1.7310977484403485,9.099303236824934,141,High
24,70.24708578282791,73.93892493025592,69.37340339323828,94.29971355833949,98.55489948896256,71.40510578772003,2048,995.2690408225695,3.6740207597930383,15.525575647303855,175,High
4,29.452223107982864,46.886271019379045,18.866356612168044,50.72551020826386,18.9803958666388,98.20142029769919,1024,972.8,4.673454997391741,15.379374426516877,194,High
4,63.178473067683264,33.58215518064977,60.459116815061364,68.99416937470912,62.994696069833886,82.65330014374567,1024,195.17835836871393,2.65724104648224,8.16329256377817,49,High
32,92.1885365632755,66.46088735618025,20.789728374160383,94.51970019070303,53.55194199109402,89.14369648895978,256,220.90183651595518,5.308388721424763,10.729875857419426,122,High
4,81.80221349877469,58.694435660629324,29.045379461444334,59.356723686485054,15.437349124073874,66.2754942610245,1024,496.9873068548282,5.084547338941862,13.1390072183821,65,High
12,92.93119625948773,78.30673176978428,25.496967480018647,98.05985188878525,16.777970610442306,57.225640640404826,512,157.29649040033306,3.2371128469842274,7.496186600272128,237,High
4,98.0655370239421,55.30880629484972,16.050577201372946,45.82464942841945,98.92517284795547,62.83599709566649,256,243.2,1.0716993972589992,13.440664400247096,33,High
12,10.960311430554649,47.09117557491747,70.41968356479313,94.16027021650221,45.272999362093266,62.82338454996605,512,405.39580775702353,0.5751970926367675,2.6718320872785455,149,Moderate
24,66.04671487397297,43.47828618872115,51.70631926474311,66.71272732395153,12.58012920000735,79.15576641467136,512,331.3766621393737,2.9007721540455282,8.217275812790222,138,High
12,47.15554579830158,36.91762560397972,84.79480968076044,44.42464990846964,21.47900387392543,67.07355662275144,1024,824.3791191016775,1.0334474932643887,8.239187483334675,107,Moderate
24,87.38690413016096,41.25971009493291,18.900175598408527,92.77129555516524,26.834806724854964,92.86994321666394,2048,829.836522993127,5.580558880853697,11.269855842518535,46,High
24,32.66332318082185,27.58643510752811,23.0259640004265,55.11641274454681,51.09172633186193,99.4272259618249,1024,972.8,2.673117591248375,2.7461951526303547,214,Moderate
12,98.29265402035685,47.74856087431117,37.58119582154056,41.335007529713515,33.55481295063093,67.16492026317242,2048,230.8572329407664,4.829638792646029,2.548156501754222,78,High
8,65.23371725893725,22.925584989036658,78.92793882449273,48.14842633415154,45.5011785889921,85.25301368435053,256,243.2,2.751463417452979,14.508922186082637,138,High
16,81.41836620059479,34.913107773306145,37.518294084012894,79.5468845139857,16.649955110136272,82.87432909601844,512,486.4,5.673599709382118,5.556121966800426,210,High
4,17.703959754049148,79.74163556955432,46.75768367488233,98.6686893482917,32.67286905875062,59.723124386614074,512,486.4,6.2746812280285775,5.903835674620579,145,High
32,26.511209628297856,46.03751909412981,37.144320966744814,46.687728375011005,7.031659271775403,95.9004297410317,1024,897.3302821892011,5.94384197020781,12.652923200426306,39,High
16,78.25633057307829,73.45896135818751,17.220186262092696,67.71688288748572,88.97102734758488,59.972129359420066,2048,943.2044884145369,3.6490781658690463,7.223635541673536,186,High
4,11.978786983539125,77.3507340477822,94.54902606065686,50.83819305685195,19.875247716857825,86.84785658348494,512,486.4,1.0456854706538332,13.49385631148378,149,High
4,83.51901873044045,66.49482741856909,59.368509286407,84.70219204609552,75.69001354287388,67.38048211371563,512,354.36400761577266,2.9161221876572916,7.022030967460262,152,High
24,11.255411682272031,96.69581930923188,80.90498693669471,47.08353398570885,34.955178820334595,68.35407835044856,2048,494.77130977182026,3.258963965583037,12.408996493116124,105,High
4,69.14069551551461,21.71518932984906,69.25213829667663,54.39050490885337,47.43973189397933,72.77245264444801,512,486.4,6.741651070569685,8.879649367745772,152,High
32,42.85845282086253,79.09221204705136,56.282885115577756,51.78435805894428,29.126103946122683,93.22539890275698,512,486.4,4.175732483846121,15.037421895073464,166,High
4,65.03453674472792,96.70293151523265,18.07104309934421,73.15118682201867,69.64412711073699,57.012597075560606,512,486.4,4.665500513826871,5.910834594380019,119,High
12,72.64282662902023,88.98173834823514,67.84601907432739,92.39104552003793,84.45464192747075,52.728478891737694,2048,371.7931405207468,5.58302327651348,6.440358925587134,178,High
16,40.822769726767376,33.43141534440107,23.98333203431489,70.66541206938511,28.62701847395881,70.10204094568907,2048,423.70164684669146,4.193316036867202,15.549797743660273,30,High
12,19.7166203299752,46.14562450013857,47.294485242064894,43.494607166288276,24.221764366359245,52.779254957104406,256,59.93332501888203,4.390149959687952,12.062876469496672,193,High
32,16.268128097343908,33.79614719011723,66.62018291323872,73.80333583580988,68.1440265463897,84.38004415287202,512,486.4,2.0946306826749344,12.588510079365001,240,High
4,63.00424203062931,68.10466910517633,80.40061004249111,87.85125995908055,19.515306056772086,88.01625375136067,512,97.2378231961983,0.8826329491482914,5.439651234206235,35,Moderate
32,56.858981836070036,76.97503855835939,71.65406581377576,47.929371838259364,63.983976560977226,92.73561973766294,256,243.2,5.189008214208732,8.980665959337028,140,High
24,76.79809082090193,45.36590154904466,70.43801761491659,44.3626728606755,9.442807969363553,87.19211227417985,2048,872.9353624264336,6.016450532803769,5.70311478143852,175,High
12,55.87619590035434,63.16052591874364,23.413798825768673,51.26846665345414,62.01371599606872,95.81756968463395,2048,426.6565970198571,3.1780011916131747,4.898033302889668,130,Moderate
12,48.02012110277912,75.2736456056956,41.15156860644291,84.76517936929764,51.34067340104331,87.4150561361611,1024,802.1242326362577,4.067943946113363,9.028617814408253,229,High
8,45.82784604126078,53.70718532888387,13.862104539417473,75.5008251719201,11.390571557630835,96.80378199392008,2048,805.7779188399321,2.4973539776820735,15.816409363748257,168,High
4,12.380221233790072,88.32124243643675,74.75292038588181,72.43567923770493,64.91036348645997,59.65553971046816,1024,69.24757820038445,3.4264338575272757,4.219339708215333,98,High
24,40.20014815269914,81.72399482302538,95.73273831856773,54.9687936779061,44.65571570340758,74.99315664338651,256,243.2,1.857783220731958,4.637797886313089,178,High
12,97.84181417720448,25.17324350804565,33.76993511611682,59.934195714811565,21.71150508170857,99.69652998524543,2048,694.1152318201731,5.439264252682246,4.646934825170423,136,High
12,88.620001860438,69.69002392726632,17.89270382460784,97.95310077660054,35.33841557021773,84.07890912713577,256,243.2,3.6974266205381183,12.87553392419935,242,High
24,39.64402603307959,38.826044076779965,52.801306907828824,54.43751360376314,49.210210563892964,93.93205589946287,1024,549.7155756975626,4.0565175958720125,8.657230916719968,241,High
32,62.901586455973494,64.60146117338202,87.10284008148119,94.09872539530531,9.1554227264382,51.51968969164276,512,486.4,0.7410725086979506,6.771514850964122,135,High
32,86.25670709819445,96.5510754106373,59.677677574460176,74.83189026746419,95.76094831283542,93.58789492842186,512,159.71708296393007,4.545589549906758,13.656847515507868,38,High
4,49.71469030750618,90.32496036418001,14.209943517110197,47.39778798227487,66.55621562121212,84.88566172860487,256,243.2,1.8172627780506316,5.462359575408039,31,Moderate
8,11.616207737513587,52.361312249210535,97.68450164751515,68.03874268930409,10.2534981287696,58.53777169938553,512,38.178589466730195,2.9920651883716687,6.88326848011922,142,High
12,16.705941563677605,43.32110866754827,84.57849189663406,96.91292304165256,82.28621843284594,51.284047821179826,256,158.12982236339099,3.182652050622974,2.104308389401427,161,High
8,55.935344921383596,38.752459552660724,21.843466934635913,65.11393588824151,32.25549309461454,62.99632890628264,1024,517.1315227427335,3.4167618836725895,2.7836515281252523,119,Moderate
32,97.24954381082905,62.601189580521606,92.9617980853158,91.80319388736174,59.67995367131839,95.78866794963851,512,486.4,1.9783365292459614,3.0509660008173847,41,High
32,72.3888587996981,29.139876260644506,50.56194597446697,55.38572167910246,27.714284157957326,83.40664693501432,1024,154.7720625257457,6.0257164606516636,6.2046285766345255,240,High
